payment-1  | 2026-09-12T11:30:51.380Z  WARN 1 --- [limited-goods] [nio-8080-exec-1] o.h.engine.jdbc.spi.SqlExceptionHelper   : SQL Error: 0, SQLState: null
payment-1  | 2026-09-12T11:30:51.380Z ERROR 1 --- [limited-goods] [nio-8080-exec-1] o.h.engine.jdbc.spi.SqlExceptionHelper   : HikariPool-1 - Connection is not available, request timed out after 1001ms (total=4, active=4, idle=0, waiting=4)
payment-1  | 2026-09-12T11:30:51.467Z  WARN 1 --- [limited-goods] [nio-8080-exec-7] o.h.engine.jdbc.spi.SqlExceptionHelper   : SQL Error: 0, SQLState: null
payment-1  | 2026-09-12T11:30:51.467Z  WARN 1 --- [limited-goods] [nio-8080-exec-8] o.h.engine.jdbc.spi.SqlExceptionHelper   : SQL Error: 0, SQLState: null
payment-1  | 2026-09-12T11:30:51.467Z ERROR 1 --- [limited-goods] [nio-8080-exec-7] o.h.engine.jdbc.spi.SqlExceptionHelper   : HikariPool-1 - Connection is not available, request timed out after 1091ms (total=4, active=4, idle=0, waiting=3)
payment-1  | 2026-09-12T11:30:51.467Z ERROR 1 --- [limited-goods] [nio-8080-exec-8] o.h.engine.jdbc.spi.SqlExceptionHelper   : HikariPool-1 - Connection is not available, request timed out after 1001ms (total=4, active=4, idle=0, waiting=4)
payment-1  | 2026-09-12T11:30:51.467Z  WARN 1 --- [limited-goods] [nio-8080-exec-6] o.h.engine.jdbc.spi.SqlExceptionHelper   : SQL Error: 0, SQLState: null
payment-1  | 2026-09-12T11:30:51.467Z ERROR 1 --- [limited-goods] [nio-8080-exec-6] o.h.engine.jdbc.spi.SqlExceptionHelper   : HikariPool-1 - Connection is not available, request timed out after 1092ms (total=4, active=4, idle=0, waiting=2)
payment-1  | 2026-09-12T11:30:51.566Z  WARN 1 --- [limited-goods] [nio-8080-exec-9] o.h.engine.jdbc.spi.SqlExceptionHelper   : SQL Error: 0, SQLState: null
payment-1  | 2026-09-12T11:30:51.567Z ERROR 1 --- [limited-goods] [nio-8080-exec-9] o.h.engine.jdbc.spi.SqlExceptionHelper   : HikariPool-1 - Connection is not available, request timed out after 1000ms (total=4, active=4, idle=0, waiting=2)
payment-1  | 2026-09-12T11:30:51.567Z ERROR 1 --- [limited-goods] [nio-8080-exec-1] o.a.c.c.C.[.[.[/].[dispatcherServlet]    : Servlet.service() for servlet [dispatcherServlet] in context with path [] threw exception [Request processing failed: org.springframework.transaction.CannotCreateTransactionException: Could not open JPA EntityManager for transaction] with root cause
payment-1  | 
payment-1  | java.sql.SQLTransientConnectionException: HikariPool-1 - Connection is not available, request timed out after 1001ms (total=4, active=4, idle=0, waiting=4)
payment-1  | 	at com.zaxxer.hikari.pool.HikariPool.createTimeoutException(HikariPool.java:714) ~[HikariCP-6.3.3.jar!/:na]
payment-1  | 	at com.zaxxer.hikari.pool.HikariPool.getConnection(HikariPool.java:184) ~[HikariCP-6.3.3.jar!/:na]
payment-1  | 	at com.zaxxer.hikari.pool.HikariPool.getConnection(HikariPool.java:142) ~[HikariCP-6.3.3.jar!/:na]
payment-1  | 	at com.zaxxer.hikari.HikariDataSource.getConnection(HikariDataSource.java:127) ~[HikariCP-6.3.3.jar!/:na]
payment-1  | 	at org.hibernate.engine.jdbc.connections.internal.DatasourceConnectionProviderImpl.getConnection(DatasourceConnectionProviderImpl.java:126) ~[hibernate-core-6.6.53.Final.jar!/:6.6.53.Final]
payment-1  | 	at org.hibernate.internal.NonContextualJdbcConnectionAccess.obtainConnection(NonContextualJdbcConnectionAccess.java:46) ~[hibernate-core-6.6.53.Final.jar!/:6.6.53.Final]
payment-1  | 	at org.hibernate.resource.jdbc.internal.LogicalConnectionManagedImpl.acquireConnectionIfNeeded(LogicalConnectionManagedImpl.java:126) ~[hibernate-core-6.6.53.Final.jar!/:6.6.53.Final]
payment-1  | 	at org.hibernate.resource.jdbc.internal.LogicalConnectionManagedImpl.getPhysicalConnection(LogicalConnectionManagedImpl.java:156) ~[hibernate-core-6.6.53.Final.jar!/:6.6.53.Final]
payment-1  | 	at org.hibernate.resource.jdbc.internal.LogicalConnectionManagedImpl.getConnectionForTransactionManagement(LogicalConnectionManagedImpl.java:286) ~[hibernate-core-6.6.53.Final.jar!/:6.6.53.Final]
payment-1  | 	at org.hibernate.resource.jdbc.internal.LogicalConnectionManagedImpl.begin(LogicalConnectionManagedImpl.java:294) ~[hibernate-core-6.6.53.Final.jar!/:6.6.53.Final]
payment-1  | 	at org.hibernate.resource.transaction.backend.jdbc.internal.JdbcResourceLocalTransactionCoordinatorImpl$TransactionDriverControlImpl.begin(JdbcResourceLocalTransactionCoordinatorImpl.java:232) ~[hibernate-core-6.6.53.Final.jar!/:6.6.53.Final]
payment-1  | 	at org.hibernate.engine.transaction.internal.TransactionImpl.begin(TransactionImpl.java:83) ~[hibernate-core-6.6.53.Final.jar!/:6.6.53.Final]
payment-1  | 	at org.springframework.orm.jpa.vendor.HibernateJpaDialect.beginTransaction(HibernateJpaDialect.java:176) ~[spring-orm-6.2.19.jar!/:6.2.19]
payment-1  | 	at org.springframework.orm.jpa.JpaTransactionManager.doBegin(JpaTransactionManager.java:421) ~[spring-orm-6.2.19.jar!/:6.2.19]
payment-1  | 	at org.springframework.transaction.support.AbstractPlatformTransactionManager.startTransaction(AbstractPlatformTransactionManager.java:532) ~[spring-tx-6.2.19.jar!/:6.2.19]
payment-1  | 	at org.springframework.transaction.support.AbstractPlatformTransactionManager.getTransaction(AbstractPlatformTransactionManager.java:405) ~[spring-tx-6.2.19.jar!/:6.2.19]
payment-1  | 	at org.springframework.transaction.interceptor.TransactionAspectSupport.createTransactionIfNecessary(TransactionAspectSupport.java:639) ~[spring-tx-6.2.19.jar!/:6.2.19]
payment-1  | 	at org.springframework.transaction.interceptor.TransactionAspectSupport.invokeWithinTransaction(TransactionAspectSupport.java:374) ~[spring-tx-6.2.19.jar!/:6.2.19]
payment-1  | 	at org.springframework.transaction.interceptor.TransactionInterceptor.invoke(TransactionInterceptor.java:119) ~[spring-tx-6.2.19.jar!/:6.2.19]
payment-1  | 	at org.springframework.aop.framework.ReflectiveMethodInvocation.proceed(ReflectiveMethodInvocation.java:184) ~[spring-aop-6.2.19.jar!/:6.2.19]
payment-1  | 	at org.springframework.aop.framework.CglibAopProxy$DynamicAdvisedInterceptor.intercept(CglibAopProxy.java:728) ~[spring-aop-6.2.19.jar!/:6.2.19]
payment-1  | 	at com.limitedgoods.payments.PaymentService$$SpringCGLIB$$0.start(<generated>) ~[!/:0.1.0]
payment-1  | 	at com.limitedgoods.payments.PaymentController.start(PaymentController.java:19) ~[!/:0.1.0]
payment-1  | 	at java.base/jdk.internal.reflect.DirectMethodHandleAccessor.invoke(Unknown Source) ~[na:na]
payment-1  | 	at java.base/java.lang.reflect.Method.invoke(Unknown Source) ~[na:na]
payment-1  | 	at org.springframework.web.method.support.InvocableHandlerMethod.doInvoke(InvocableHandlerMethod.java:258) ~[spring-web-6.2.19.jar!/:6.2.19]
payment-1  | 	at org.springframework.web.method.support.InvocableHandlerMethod.invokeForRequest(InvocableHandlerMethod.java:191) ~[spring-web-6.2.19.jar!/:6.2.19]
payment-1  | 	at org.springframework.web.servlet.mvc.method.annotation.ServletInvocableHandlerMethod.invokeAndHandle(ServletInvocableHandlerMethod.java:118) ~[spring-webmvc-6.2.19.jar!/:6.2.19]
payment-1  | 	at org.springframework.web.servlet.mvc.method.annotation.RequestMappingHandlerAdapter.invokeHandlerMethod(RequestMappingHandlerAdapter.java:991) ~[spring-webmvc-6.2.19.jar!/:6.2.19]
payment-1  | 	at org.springframework.web.servlet.mvc.method.annotation.RequestMappingHandlerAdapter.handleInternal(RequestMappingHandlerAdapter.java:896) ~[spring-webmvc-6.2.19.jar!/:6.2.19]
payment-1  | 	at org.springframework.web.servlet.mvc.method.AbstractHandlerMethodAdapter.handle(AbstractHandlerMethodAdapter.java:87) ~[spring-webmvc-6.2.19.jar!/:6.2.19]
payment-1  | 	at org.springframework.web.servlet.DispatcherServlet.doDispatch(DispatcherServlet.java:1089) ~[spring-webmvc-6.2.19.jar!/:6.2.19]
payment-1  | 	at org.springframework.web.servlet.DispatcherServlet.doService(DispatcherServlet.java:979) ~[spring-webmvc-6.2.19.jar!/:6.2.19]
payment-1  | 	at org.springframework.web.servlet.FrameworkServlet.processRequest(FrameworkServlet.java:1014) ~[spring-webmvc-6.2.19.jar!/:6.2.19]
payment-1  | 	at org.springframework.web.servlet.FrameworkServlet.doPost(FrameworkServlet.java:914) ~[spring-webmvc-6.2.19.jar!/:6.2.19]
payment-1  | 	at jakarta.servlet.http.HttpServlet.service(HttpServlet.java:590) ~[tomcat-embed-core-10.1.55.jar!/:na]
payment-1  | 	at org.springframework.web.servlet.FrameworkServlet.service(FrameworkServlet.java:885) ~[spring-webmvc-6.2.19.jar!/:6.2.19]
payment-1  | 	at jakarta.servlet.http.HttpServlet.service(HttpServlet.java:658) ~[tomcat-embed-core-10.1.55.jar!/:na]
payment-1  | 	at org.apache.catalina.core.ApplicationFilterChain.internalDoFilter(ApplicationFilterChain.java:193) ~[tomcat-embed-core-10.1.55.jar!/:na]
payment-1  | 	at org.apache.catalina.core.ApplicationFilterChain.doFilter(ApplicationFilterChain.java:138) ~[tomcat-embed-core-10.1.55.jar!/:na]
payment-1  | 	at org.apache.tomcat.websocket.server.WsFilter.doFilter(WsFilter.java:51) ~[tomcat-embed-websocket-10.1.55.jar!/:na]
payment-1  | 	at org.apache.catalina.core.ApplicationFilterChain.internalDoFilter(ApplicationFilterChain.java:162) ~[tomcat-embed-core-10.1.55.jar!/:na]
payment-1  | 	at org.apache.catalina.core.ApplicationFilterChain.doFilter(ApplicationFilterChain.java:138) ~[tomcat-embed-core-10.1.55.jar!/:na]
payment-1  | 	at org.springframework.web.filter.RequestContextFilter.doFilterInternal(RequestContextFilter.java:100) ~[spring-web-6.2.19.jar!/:6.2.19]
payment-1  | 	at org.springframework.web.filter.OncePerRequestFilter.doFilter(OncePerRequestFilter.java:116) ~[spring-web-6.2.19.jar!/:6.2.19]
payment-1  | 	at org.apache.catalina.core.ApplicationFilterChain.internalDoFilter(ApplicationFilterChain.java:162) ~[tomcat-embed-core-10.1.55.jar!/:na]
payment-1  | 	at org.apache.catalina.core.ApplicationFilterChain.doFilter(ApplicationFilterChain.java:138) ~[tomcat-embed-core-10.1.55.jar!/:na]
payment-1  | 	at org.springframework.web.filter.FormContentFilter.doFilterInternal(FormContentFilter.java:93) ~[spring-web-6.2.19.jar!/:6.2.19]
payment-1  | 	at org.springframework.web.filter.OncePerRequestFilter.doFilter(OncePerRequestFilter.java:116) ~[spring-web-6.2.19.jar!/:6.2.19]
payment-1  | 	at org.apache.catalina.core.ApplicationFilterChain.internalDoFilter(ApplicationFilterChain.java:162) ~[tomcat-embed-core-10.1.55.jar!/:na]
payment-1  | 	at org.apache.catalina.core.ApplicationFilterChain.doFilter(ApplicationFilterChain.java:138) ~[tomcat-embed-core-10.1.55.jar!/:na]
payment-1  | 	at org.springframework.web.filter.ServerHttpObservationFilter.doFilterInternal(ServerHttpObservationFilter.java:110) ~[spring-web-6.2.19.jar!/:6.2.19]
payment-1  | 	at org.springframework.web.filter.OncePerRequestFilter.doFilter(OncePerRequestFilter.java:116) ~[spring-web-6.2.19.jar!/:6.2.19]
payment-1  | 	at org.apache.catalina.core.ApplicationFilterChain.internalDoFilter(ApplicationFilterChain.java:162) ~[tomcat-embed-core-10.1.55.jar!/:na]
payment-1  | 	at org.apache.catalina.core.ApplicationFilterChain.doFilter(ApplicationFilterChain.java:138) ~[tomcat-embed-core-10.1.55.jar!/:na]
payment-1  | 	at org.springframework.web.filter.CharacterEncodingFilter.doFilterInternal(CharacterEncodingFilter.java:201) ~[spring-web-6.2.19.jar!/:6.2.19]
payment-1  | 	at org.springframework.web.filter.OncePerRequestFilter.doFilter(OncePerRequestFilter.java:116) ~[spring-web-6.2.19.jar!/:6.2.19]
payment-1  | 	at org.apache.catalina.core.ApplicationFilterChain.internalDoFilter(ApplicationFilterChain.java:162) ~[tomcat-embed-core-10.1.55.jar!/:na]
payment-1  | 	at org.apache.catalina.core.ApplicationFilterChain.doFilter(ApplicationFilterChain.java:138) ~[tomcat-embed-core-10.1.55.jar!/:na]
payment-1  | 	at org.apache.catalina.core.StandardWrapperValve.invoke(StandardWrapperValve.java:165) ~[tomcat-embed-core-10.1.55.jar!/:na]
payment-1  | 	at org.apache.catalina.core.StandardContextValve.invoke(StandardContextValve.java:88) ~[tomcat-embed-core-10.1.55.jar!/:na]
payment-1  | 	at org.apache.catalina.authenticator.AuthenticatorBase.invoke(AuthenticatorBase.java:492) ~[tomcat-embed-core-10.1.55.jar!/:na]
payment-1  | 	at org.apache.catalina.core.StandardHostValve.invoke(StandardHostValve.java:113) ~[tomcat-embed-core-10.1.55.jar!/:na]
payment-1  | 	at org.apache.catalina.valves.ErrorReportValve.invoke(ErrorReportValve.java:83) ~[tomcat-embed-core-10.1.55.jar!/:na]
payment-1  | 	at org.apache.catalina.core.StandardEngineValve.invoke(StandardEngineValve.java:72) ~[tomcat-embed-core-10.1.55.jar!/:na]
payment-1  | 	at org.apache.catalina.connector.CoyoteAdapter.service(CoyoteAdapter.java:342) ~[tomcat-embed-core-10.1.55.jar!/:na]
payment-1  | 	at org.apache.coyote.http11.Http11Processor.service(Http11Processor.java:399) ~[tomcat-embed-core-10.1.55.jar!/:na]
payment-1  | 	at org.apache.coyote.AbstractProcessorLight.process(AbstractProcessorLight.java:63) ~[tomcat-embed-core-10.1.55.jar!/:na]
payment-1  | 	at org.apache.coyote.AbstractProtocol$ConnectionHandler.process(AbstractProtocol.java:1272) ~[tomcat-embed-core-10.1.55.jar!/:na]
payment-1  | 	at org.apache.tomcat.util.net.NioEndpoint$SocketProcessor.doRun(NioEndpoint.java:1797) ~[tomcat-embed-core-10.1.55.jar!/:na]
payment-1  | 	at org.apache.tomcat.util.net.SocketProcessorBase.run(SocketProcessorBase.java:52) ~[tomcat-embed-core-10.1.55.jar!/:na]
payment-1  | 	at org.apache.tomcat.util.threads.ThreadPoolExecutor.runWorker(ThreadPoolExecutor.java:973) ~[tomcat-embed-core-10.1.55.jar!/:na]
payment-1  | 	at org.apache.tomcat.util.threads.ThreadPoolExecutor$Worker.run(ThreadPoolExecutor.java:491) ~[tomcat-embed-core-10.1.55.jar!/:na]
payment-1  | 	at org.apache.tomcat.util.threads.TaskThread$WrappingRunnable.run(TaskThread.java:63) ~[tomcat-embed-core-10.1.55.jar!/:na]
payment-1  | 	at java.base/java.lang.Thread.run(Unknown Source) ~[na:na]
payment-1  | 
payment-1  | 2026-09-12T11:30:51.566Z ERROR 1 --- [limited-goods] [nio-8080-exec-8] o.a.c.c.C.[.[.[/].[dispatcherServlet]    : Servlet.service() for servlet [dispatcherServlet] in context with path [] threw exception [Request processing failed: org.springframework.transaction.CannotCreateTransactionException: Could not open JPA EntityManager for transaction] with root cause
payment-1  | 
payment-1  | java.sql.SQLTransientConnectionException: HikariPool-1 - Connection is not available, request timed out after 1001ms (total=4, active=4, idle=0, waiting=4)
payment-1  | 	at com.zaxxer.hikari.pool.HikariPool.createTimeoutException(HikariPool.java:714) ~[HikariCP-6.3.3.jar!/:na]
payment-1  | 	at com.zaxxer.hikari.pool.HikariPool.getConnection(HikariPool.java:184) ~[HikariCP-6.3.3.jar!/:na]
payment-1  | 	at com.zaxxer.hikari.pool.HikariPool.getConnection(HikariPool.java:142) ~[HikariCP-6.3.3.jar!/:na]
payment-1  | 	at com.zaxxer.hikari.HikariDataSource.getConnection(HikariDataSource.java:127) ~[HikariCP-6.3.3.jar!/:na]
payment-1  | 	at org.hibernate.engine.jdbc.connections.internal.DatasourceConnectionProviderImpl.getConnection(DatasourceConnectionProviderImpl.java:126) ~[hibernate-core-6.6.53.Final.jar!/:6.6.53.Final]
payment-1  | 	at org.hibernate.internal.NonContextualJdbcConnectionAccess.obtainConnection(NonContextualJdbcConnectionAccess.java:46) ~[hibernate-core-6.6.53.Final.jar!/:6.6.53.Final]
payment-1  | 	at org.hibernate.resource.jdbc.internal.LogicalConnectionManagedImpl.acquireConnectionIfNeeded(LogicalConnectionManagedImpl.java:126) ~[hibernate-core-6.6.53.Final.jar!/:6.6.53.Final]
payment-1  | 	at org.hibernate.resource.jdbc.internal.LogicalConnectionManagedImpl.getPhysicalConnection(LogicalConnectionManagedImpl.java:156) ~[hibernate-core-6.6.53.Final.jar!/:6.6.53.Final]
payment-1  | 	at org.hibernate.resource.jdbc.internal.LogicalConnectionManagedImpl.getConnectionForTransactionManagement(LogicalConnectionManagedImpl.java:286) ~[hibernate-core-6.6.53.Final.jar!/:6.6.53.Final]
payment-1  | 	at org.hibernate.resource.jdbc.internal.LogicalConnectionManagedImpl.begin(LogicalConnectionManagedImpl.java:294) ~[hibernate-core-6.6.53.Final.jar!/:6.6.53.Final]
payment-1  | 	at org.hibernate.resource.transaction.backend.jdbc.internal.JdbcResourceLocalTransactionCoordinatorImpl$TransactionDriverControlImpl.begin(JdbcResourceLocalTransactionCoordinatorImpl.java:232) ~[hibernate-core-6.6.53.Final.jar!/:6.6.53.Final]
payment-1  | 	at org.hibernate.engine.transaction.internal.TransactionImpl.begin(TransactionImpl.java:83) ~[hibernate-core-6.6.53.Final.jar!/:6.6.53.Final]
payment-1  | 	at org.springframework.orm.jpa.vendor.HibernateJpaDialect.beginTransaction(HibernateJpaDialect.java:176) ~[spring-orm-6.2.19.jar!/:6.2.19]
payment-1  | 	at org.springframework.orm.jpa.JpaTransactionManager.doBegin(JpaTransactionManager.java:421) ~[spring-orm-6.2.19.jar!/:6.2.19]
payment-1  | 	at org.springframework.transaction.support.AbstractPlatformTransactionManager.startTransaction(AbstractPlatformTransactionManager.java:532) ~[spring-tx-6.2.19.jar!/:6.2.19]
payment-1  | 	at org.springframework.transaction.support.AbstractPlatformTransactionManager.getTransaction(AbstractPlatformTransactionManager.java:405) ~[spring-tx-6.2.19.jar!/:6.2.19]
payment-1  | 	at org.springframework.transaction.interceptor.TransactionAspectSupport.createTransactionIfNecessary(TransactionAspectSupport.java:639) ~[spring-tx-6.2.19.jar!/:6.2.19]
payment-1  | 	at org.springframework.transaction.interceptor.TransactionAspectSupport.invokeWithinTransaction(TransactionAspectSupport.java:374) ~[spring-tx-6.2.19.jar!/:6.2.19]
payment-1  | 	at org.springframework.transaction.interceptor.TransactionInterceptor.invoke(TransactionInterceptor.java:119) ~[spring-tx-6.2.19.jar!/:6.2.19]
payment-1  | 	at org.springframework.aop.framework.ReflectiveMethodInvocation.proceed(ReflectiveMethodInvocation.java:184) ~[spring-aop-6.2.19.jar!/:6.2.19]
payment-1  | 	at org.springframework.aop.framework.CglibAopProxy$DynamicAdvisedInterceptor.intercept(CglibAopProxy.java:728) ~[spring-aop-6.2.19.jar!/:6.2.19]
payment-1  | 	at com.limitedgoods.payments.PaymentService$$SpringCGLIB$$0.start(<generated>) ~[!/:0.1.0]
payment-1  | 	at com.limitedgoods.payments.PaymentController.start(PaymentController.java:19) ~[!/:0.1.0]
payment-1  | 	at java.base/jdk.internal.reflect.DirectMethodHandleAccessor.invoke(Unknown Source) ~[na:na]
payment-1  | 	at java.base/java.lang.reflect.Method.invoke(Unknown Source) ~[na:na]
payment-1  | 	at org.springframework.web.method.support.InvocableHandlerMethod.doInvoke(InvocableHandlerMethod.java:258) ~[spring-web-6.2.19.jar!/:6.2.19]
payment-1  | 	at org.springframework.web.method.support.InvocableHandlerMethod.invokeForRequest(InvocableHandlerMethod.java:191) ~[spring-web-6.2.19.jar!/:6.2.19]
payment-1  | 	at org.springframework.web.servlet.mvc.method.annotation.ServletInvocableHandlerMethod.invokeAndHandle(ServletInvocableHandlerMethod.java:118) ~[spring-webmvc-6.2.19.jar!/:6.2.19]
payment-1  | 	at org.springframework.web.servlet.mvc.method.annotation.RequestMappingHandlerAdapter.invokeHandlerMethod(RequestMappingHandlerAdapter.java:991) ~[spring-webmvc-6.2.19.jar!/:6.2.19]
payment-1  | 	at org.springframework.web.servlet.mvc.method.annotation.RequestMappingHandlerAdapter.handleInternal(RequestMappingHandlerAdapter.java:896) ~[spring-webmvc-6.2.19.jar!/:6.2.19]
payment-1  | 	at org.springframework.web.servlet.mvc.method.AbstractHandlerMethodAdapter.handle(AbstractHandlerMethodAdapter.java:87) ~[spring-webmvc-6.2.19.jar!/:6.2.19]
payment-1  | 	at org.springframework.web.servlet.DispatcherServlet.doDispatch(DispatcherServlet.java:1089) ~[spring-webmvc-6.2.19.jar!/:6.2.19]
payment-1  | 	at org.springframework.web.servlet.DispatcherServlet.doService(DispatcherServlet.java:979) ~[spring-webmvc-6.2.19.jar!/:6.2.19]
payment-1  | 	at org.springframework.web.servlet.FrameworkServlet.processRequest(FrameworkServlet.java:1014) ~[spring-webmvc-6.2.19.jar!/:6.2.19]
payment-1  | 	at org.springframework.web.servlet.FrameworkServlet.doPost(FrameworkServlet.java:914) ~[spring-webmvc-6.2.19.jar!/:6.2.19]
payment-1  | 	at jakarta.servlet.http.HttpServlet.service(HttpServlet.java:590) ~[tomcat-embed-core-10.1.55.jar!/:na]
payment-1  | 	at org.springframework.web.servlet.FrameworkServlet.service(FrameworkServlet.java:885) ~[spring-webmvc-6.2.19.jar!/:6.2.19]
payment-1  | 	at jakarta.servlet.http.HttpServlet.service(HttpServlet.java:658) ~[tomcat-embed-core-10.1.55.jar!/:na]
payment-1  | 	at org.apache.catalina.core.ApplicationFilterChain.internalDoFilter(ApplicationFilterChain.java:193) ~[tomcat-embed-core-10.1.55.jar!/:na]
payment-1  | 	at org.apache.catalina.core.ApplicationFilterChain.doFilter(ApplicationFilterChain.java:138) ~[tomcat-embed-core-10.1.55.jar!/:na]
payment-1  | 	at org.apache.tomcat.websocket.server.WsFilter.doFilter(WsFilter.java:51) ~[tomcat-embed-websocket-10.1.55.jar!/:na]
payment-1  | 	at org.apache.catalina.core.ApplicationFilterChain.internalDoFilter(ApplicationFilterChain.java:162) ~[tomcat-embed-core-10.1.55.jar!/:na]
payment-1  | 	at org.apache.catalina.core.ApplicationFilterChain.doFilter(ApplicationFilterChain.java:138) ~[tomcat-embed-core-10.1.55.jar!/:na]
payment-1  | 	at org.springframework.web.filter.RequestContextFilter.doFilterInternal(RequestContextFilter.java:100) ~[spring-web-6.2.19.jar!/:6.2.19]
payment-1  | 	at org.springframework.web.filter.OncePerRequestFilter.doFilter(OncePerRequestFilter.java:116) ~[spring-web-6.2.19.jar!/:6.2.19]
payment-1  | 	at org.apache.catalina.core.ApplicationFilterChain.internalDoFilter(ApplicationFilterChain.java:162) ~[tomcat-embed-core-10.1.55.jar!/:na]
payment-1  | 	at org.apache.catalina.core.ApplicationFilterChain.doFilter(ApplicationFilterChain.java:138) ~[tomcat-embed-core-10.1.55.jar!/:na]
payment-1  | 	at org.springframework.web.filter.FormContentFilter.doFilterInternal(FormContentFilter.java:93) ~[spring-web-6.2.19.jar!/:6.2.19]
payment-1  | 	at org.springframework.web.filter.OncePerRequestFilter.doFilter(OncePerRequestFilter.java:116) ~[spring-web-6.2.19.jar!/:6.2.19]
payment-1  | 	at org.apache.catalina.core.ApplicationFilterChain.internalDoFilter(ApplicationFilterChain.java:162) ~[tomcat-embed-core-10.1.55.jar!/:na]
payment-1  | 	at org.apache.catalina.core.ApplicationFilterChain.doFilter(ApplicationFilterChain.java:138) ~[tomcat-embed-core-10.1.55.jar!/:na]
payment-1  | 	at org.springframework.web.filter.ServerHttpObservationFilter.doFilterInternal(ServerHttpObservationFilter.java:110) ~[spring-web-6.2.19.jar!/:6.2.19]
payment-1  | 	at org.springframework.web.filter.OncePerRequestFilter.doFilter(OncePerRequestFilter.java:116) ~[spring-web-6.2.19.jar!/:6.2.19]
payment-1  | 	at org.apache.catalina.core.ApplicationFilterChain.internalDoFilter(ApplicationFilterChain.java:162) ~[tomcat-embed-core-10.1.55.jar!/:na]
payment-1  | 	at org.apache.catalina.core.ApplicationFilterChain.doFilter(ApplicationFilterChain.java:138) ~[tomcat-embed-core-10.1.55.jar!/:na]
payment-1  | 	at org.springframework.web.filter.CharacterEncodingFilter.doFilterInternal(CharacterEncodingFilter.java:201) ~[spring-web-6.2.19.jar!/:6.2.19]
payment-1  | 	at org.springframework.web.filter.OncePerRequestFilter.doFilter(OncePerRequestFilter.java:116) ~[spring-web-6.2.19.jar!/:6.2.19]
payment-1  | 	at org.apache.catalina.core.ApplicationFilterChain.internalDoFilter(ApplicationFilterChain.java:162) ~[tomcat-embed-core-10.1.55.jar!/:na]
payment-1  | 	at org.apache.catalina.core.ApplicationFilterChain.doFilter(ApplicationFilterChain.java:138) ~[tomcat-embed-core-10.1.55.jar!/:na]
payment-1  | 	at org.apache.catalina.core.StandardWrapperValve.invoke(StandardWrapperValve.java:165) ~[tomcat-embed-core-10.1.55.jar!/:na]
payment-1  | 	at org.apache.catalina.core.StandardContextValve.invoke(StandardContextValve.java:88) ~[tomcat-embed-core-10.1.55.jar!/:na]
payment-1  | 	at org.apache.catalina.authenticator.AuthenticatorBase.invoke(AuthenticatorBase.java:492) ~[tomcat-embed-core-10.1.55.jar!/:na]
payment-1  | 	at org.apache.catalina.core.StandardHostValve.invoke(StandardHostValve.java:113) ~[tomcat-embed-core-10.1.55.jar!/:na]
payment-1  | 	at org.apache.catalina.valves.ErrorReportValve.invoke(ErrorReportValve.java:83) ~[tomcat-embed-core-10.1.55.jar!/:na]
payment-1  | 	at org.apache.catalina.core.StandardEngineValve.invoke(StandardEngineValve.java:72) ~[tomcat-embed-core-10.1.55.jar!/:na]
payment-1  | 	at org.apache.catalina.connector.CoyoteAdapter.service(CoyoteAdapter.java:342) ~[tomcat-embed-core-10.1.55.jar!/:na]
payment-1  | 	at org.apache.coyote.http11.Http11Processor.service(Http11Processor.java:399) ~[tomcat-embed-core-10.1.55.jar!/:na]
payment-1  | 	at org.apache.coyote.AbstractProcessorLight.process(AbstractProcessorLight.java:63) ~[tomcat-embed-core-10.1.55.jar!/:na]
payment-1  | 	at org.apache.coyote.AbstractProtocol$ConnectionHandler.process(AbstractProtocol.java:1272) ~[tomcat-embed-core-10.1.55.jar!/:na]
payment-1  | 	at org.apache.tomcat.util.net.NioEndpoint$SocketProcessor.doRun(NioEndpoint.java:1797) ~[tomcat-embed-core-10.1.55.jar!/:na]
payment-1  | 	at org.apache.tomcat.util.net.SocketProcessorBase.run(SocketProcessorBase.java:52) ~[tomcat-embed-core-10.1.55.jar!/:na]
payment-1  | 	at org.apache.tomcat.util.threads.ThreadPoolExecutor.runWorker(ThreadPoolExecutor.java:973) ~[tomcat-embed-core-10.1.55.jar!/:na]
payment-1  | 	at org.apache.tomcat.util.threads.ThreadPoolExecutor$Worker.run(ThreadPoolExecutor.java:491) ~[tomcat-embed-core-10.1.55.jar!/:na]
payment-1  | 	at org.apache.tomcat.util.threads.TaskThread$WrappingRunnable.run(TaskThread.java:63) ~[tomcat-embed-core-10.1.55.jar!/:na]
payment-1  | 	at java.base/java.lang.Thread.run(Unknown Source) ~[na:na]
payment-1  | 
payment-1  | 2026-09-12T11:30:51.568Z ERROR 1 --- [limited-goods] [nio-8080-exec-9] o.a.c.c.C.[.[.[/].[dispatcherServlet]    : Servlet.service() for servlet [dispatcherServlet] in context with path [] threw exception [Request processing failed: org.springframework.transaction.CannotCreateTransactionException: Could not open JPA EntityManager for transaction] with root cause
payment-1  | 
payment-1  | java.sql.SQLTransientConnectionException: HikariPool-1 - Connection is not available, request timed out after 1000ms (total=4, active=4, idle=0, waiting=2)
payment-1  | 	at com.zaxxer.hikari.pool.HikariPool.createTimeoutException(HikariPool.java:714) ~[HikariCP-6.3.3.jar!/:na]
payment-1  | 	at com.zaxxer.hikari.pool.HikariPool.getConnection(HikariPool.java:184) ~[HikariCP-6.3.3.jar!/:na]
payment-1  | 	at com.zaxxer.hikari.pool.HikariPool.getConnection(HikariPool.java:142) ~[HikariCP-6.3.3.jar!/:na]
payment-1  | 	at com.zaxxer.hikari.HikariDataSource.getConnection(HikariDataSource.java:127) ~[HikariCP-6.3.3.jar!/:na]
payment-1  | 	at org.hibernate.engine.jdbc.connections.internal.DatasourceConnectionProviderImpl.getConnection(DatasourceConnectionProviderImpl.java:126) ~[hibernate-core-6.6.53.Final.jar!/:6.6.53.Final]
payment-1  | 	at org.hibernate.internal.NonContextualJdbcConnectionAccess.obtainConnection(NonContextualJdbcConnectionAccess.java:46) ~[hibernate-core-6.6.53.Final.jar!/:6.6.53.Final]
payment-1  | 	at org.hibernate.resource.jdbc.internal.LogicalConnectionManagedImpl.acquireConnectionIfNeeded(LogicalConnectionManagedImpl.java:126) ~[hibernate-core-6.6.53.Final.jar!/:6.6.53.Final]
payment-1  | 	at org.hibernate.resource.jdbc.internal.LogicalConnectionManagedImpl.getPhysicalConnection(LogicalConnectionManagedImpl.java:156) ~[hibernate-core-6.6.53.Final.jar!/:6.6.53.Final]
payment-1  | 	at org.hibernate.resource.jdbc.internal.LogicalConnectionManagedImpl.getConnectionForTransactionManagement(LogicalConnectionManagedImpl.java:286) ~[hibernate-core-6.6.53.Final.jar!/:6.6.53.Final]
payment-1  | 	at org.hibernate.resource.jdbc.internal.LogicalConnectionManagedImpl.begin(LogicalConnectionManagedImpl.java:294) ~[hibernate-core-6.6.53.Final.jar!/:6.6.53.Final]
payment-1  | 	at org.hibernate.resource.transaction.backend.jdbc.internal.JdbcResourceLocalTransactionCoordinatorImpl$TransactionDriverControlImpl.begin(JdbcResourceLocalTransactionCoordinatorImpl.java:232) ~[hibernate-core-6.6.53.Final.jar!/:6.6.53.Final]
payment-1  | 	at org.hibernate.engine.transaction.internal.TransactionImpl.begin(TransactionImpl.java:83) ~[hibernate-core-6.6.53.Final.jar!/:6.6.53.Final]
payment-1  | 	at org.springframework.orm.jpa.vendor.HibernateJpaDialect.beginTransaction(HibernateJpaDialect.java:176) ~[spring-orm-6.2.19.jar!/:6.2.19]
payment-1  | 	at org.springframework.orm.jpa.JpaTransactionManager.doBegin(JpaTransactionManager.java:421) ~[spring-orm-6.2.19.jar!/:6.2.19]
payment-1  | 	at org.springframework.transaction.support.AbstractPlatformTransactionManager.startTransaction(AbstractPlatformTransactionManager.java:532) ~[spring-tx-6.2.19.jar!/:6.2.19]
payment-1  | 	at org.springframework.transaction.support.AbstractPlatformTransactionManager.getTransaction(AbstractPlatformTransactionManager.java:405) ~[spring-tx-6.2.19.jar!/:6.2.19]
payment-1  | 	at org.springframework.transaction.interceptor.TransactionAspectSupport.createTransactionIfNecessary(TransactionAspectSupport.java:639) ~[spring-tx-6.2.19.jar!/:6.2.19]
payment-1  | 	at org.springframework.transaction.interceptor.TransactionAspectSupport.invokeWithinTransaction(TransactionAspectSupport.java:374) ~[spring-tx-6.2.19.jar!/:6.2.19]
payment-1  | 	at org.springframework.transaction.interceptor.TransactionInterceptor.invoke(TransactionInterceptor.java:119) ~[spring-tx-6.2.19.jar!/:6.2.19]
payment-1  | 	at org.springframework.aop.framework.ReflectiveMethodInvocation.proceed(ReflectiveMethodInvocation.java:184) ~[spring-aop-6.2.19.jar!/:6.2.19]
payment-1  | 	at org.springframework.aop.framework.CglibAopProxy$DynamicAdvisedInterceptor.intercept(CglibAopProxy.java:728) ~[spring-aop-6.2.19.jar!/:6.2.19]
payment-1  | 	at com.limitedgoods.payments.PaymentService$$SpringCGLIB$$0.start(<generated>) ~[!/:0.1.0]
payment-1  | 	at com.limitedgoods.payments.PaymentController.start(PaymentController.java:19) ~[!/:0.1.0]
payment-1  | 	at java.base/jdk.internal.reflect.DirectMethodHandleAccessor.invoke(Unknown Source) ~[na:na]
payment-1  | 	at java.base/java.lang.reflect.Method.invoke(Unknown Source) ~[na:na]
payment-1  | 	at org.springframework.web.method.support.InvocableHandlerMethod.doInvoke(InvocableHandlerMethod.java:258) ~[spring-web-6.2.19.jar!/:6.2.19]
payment-1  | 	at org.springframework.web.method.support.InvocableHandlerMethod.invokeForRequest(InvocableHandlerMethod.java:191) ~[spring-web-6.2.19.jar!/:6.2.19]
payment-1  | 	at org.springframework.web.servlet.mvc.method.annotation.ServletInvocableHandlerMethod.invokeAndHandle(ServletInvocableHandlerMethod.java:118) ~[spring-webmvc-6.2.19.jar!/:6.2.19]
payment-1  | 	at org.springframework.web.servlet.mvc.method.annotation.RequestMappingHandlerAdapter.invokeHandlerMethod(RequestMappingHandlerAdapter.java:991) ~[spring-webmvc-6.2.19.jar!/:6.2.19]
payment-1  | 	at org.springframework.web.servlet.mvc.method.annotation.RequestMappingHandlerAdapter.handleInternal(RequestMappingHandlerAdapter.java:896) ~[spring-webmvc-6.2.19.jar!/:6.2.19]
payment-1  | 	at org.springframework.web.servlet.mvc.method.AbstractHandlerMethodAdapter.handle(AbstractHandlerMethodAdapter.java:87) ~[spring-webmvc-6.2.19.jar!/:6.2.19]
payment-1  | 	at org.springframework.web.servlet.DispatcherServlet.doDispatch(DispatcherServlet.java:1089) ~[spring-webmvc-6.2.19.jar!/:6.2.19]
payment-1  | 	at org.springframework.web.servlet.DispatcherServlet.doService(DispatcherServlet.java:979) ~[spring-webmvc-6.2.19.jar!/:6.2.19]
payment-1  | 	at org.springframework.web.servlet.FrameworkServlet.processRequest(FrameworkServlet.java:1014) ~[spring-webmvc-6.2.19.jar!/:6.2.19]
payment-1  | 	at org.springframework.web.servlet.FrameworkServlet.doPost(FrameworkServlet.java:914) ~[spring-webmvc-6.2.19.jar!/:6.2.19]
payment-1  | 	at jakarta.servlet.http.HttpServlet.service(HttpServlet.java:590) ~[tomcat-embed-core-10.1.55.jar!/:na]
payment-1  | 	at org.springframework.web.servlet.FrameworkServlet.service(FrameworkServlet.java:885) ~[spring-webmvc-6.2.19.jar!/:6.2.19]
payment-1  | 	at jakarta.servlet.http.HttpServlet.service(HttpServlet.java:658) ~[tomcat-embed-core-10.1.55.jar!/:na]
payment-1  | 	at org.apache.catalina.core.ApplicationFilterChain.internalDoFilter(ApplicationFilterChain.java:193) ~[tomcat-embed-core-10.1.55.jar!/:na]
payment-1  | 	at org.apache.catalina.core.ApplicationFilterChain.doFilter(ApplicationFilterChain.java:138) ~[tomcat-embed-core-10.1.55.jar!/:na]
payment-1  | 	at org.apache.tomcat.websocket.server.WsFilter.doFilter(WsFilter.java:51) ~[tomcat-embed-websocket-10.1.55.jar!/:na]
payment-1  | 	at org.apache.catalina.core.ApplicationFilterChain.internalDoFilter(ApplicationFilterChain.java:162) ~[tomcat-embed-core-10.1.55.jar!/:na]
payment-1  | 	at org.apache.catalina.core.ApplicationFilterChain.doFilter(ApplicationFilterChain.java:138) ~[tomcat-embed-core-10.1.55.jar!/:na]
payment-1  | 	at org.springframework.web.filter.RequestContextFilter.doFilterInternal(RequestContextFilter.java:100) ~[spring-web-6.2.19.jar!/:6.2.19]
payment-1  | 	at org.springframework.web.filter.OncePerRequestFilter.doFilter(OncePerRequestFilter.java:116) ~[spring-web-6.2.19.jar!/:6.2.19]
payment-1  | 	at org.apache.catalina.core.ApplicationFilterChain.internalDoFilter(ApplicationFilterChain.java:162) ~[tomcat-embed-core-10.1.55.jar!/:na]
payment-1  | 	at org.apache.catalina.core.ApplicationFilterChain.doFilter(ApplicationFilterChain.java:138) ~[tomcat-embed-core-10.1.55.jar!/:na]
payment-1  | 	at org.springframework.web.filter.FormContentFilter.doFilterInternal(FormContentFilter.java:93) ~[spring-web-6.2.19.jar!/:6.2.19]
payment-1  | 	at org.springframework.web.filter.OncePerRequestFilter.doFilter(OncePerRequestFilter.java:116) ~[spring-web-6.2.19.jar!/:6.2.19]
payment-1  | 	at org.apache.catalina.core.ApplicationFilterChain.internalDoFilter(ApplicationFilterChain.java:162) ~[tomcat-embed-core-10.1.55.jar!/:na]
payment-1  | 	at org.apache.catalina.core.ApplicationFilterChain.doFilter(ApplicationFilterChain.java:138) ~[tomcat-embed-core-10.1.55.jar!/:na]
payment-1  | 	at org.springframework.web.filter.ServerHttpObservationFilter.doFilterInternal(ServerHttpObservationFilter.java:110) ~[spring-web-6.2.19.jar!/:6.2.19]
payment-1  | 	at org.springframework.web.filter.OncePerRequestFilter.doFilter(OncePerRequestFilter.java:116) ~[spring-web-6.2.19.jar!/:6.2.19]
payment-1  | 	at org.apache.catalina.core.ApplicationFilterChain.internalDoFilter(ApplicationFilterChain.java:162) ~[tomcat-embed-core-10.1.55.jar!/:na]
payment-1  | 	at org.apache.catalina.core.ApplicationFilterChain.doFilter(ApplicationFilterChain.java:138) ~[tomcat-embed-core-10.1.55.jar!/:na]
payment-1  | 	at org.springframework.web.filter.CharacterEncodingFilter.doFilterInternal(CharacterEncodingFilter.java:201) ~[spring-web-6.2.19.jar!/:6.2.19]
payment-1  | 	at org.springframework.web.filter.OncePerRequestFilter.doFilter(OncePerRequestFilter.java:116) ~[spring-web-6.2.19.jar!/:6.2.19]
payment-1  | 	at org.apache.catalina.core.ApplicationFilterChain.internalDoFilter(ApplicationFilterChain.java:162) ~[tomcat-embed-core-10.1.55.jar!/:na]
payment-1  | 	at org.apache.catalina.core.ApplicationFilterChain.doFilter(ApplicationFilterChain.java:138) ~[tomcat-embed-core-10.1.55.jar!/:na]
payment-1  | 	at org.apache.catalina.core.StandardWrapperValve.invoke(StandardWrapperValve.java:165) ~[tomcat-embed-core-10.1.55.jar!/:na]
payment-1  | 	at org.apache.catalina.core.StandardContextValve.invoke(StandardContextValve.java:88) ~[tomcat-embed-core-10.1.55.jar!/:na]
payment-1  | 	at org.apache.catalina.authenticator.AuthenticatorBase.invoke(AuthenticatorBase.java:492) ~[tomcat-embed-core-10.1.55.jar!/:na]
payment-1  | 	at org.apache.catalina.core.StandardHostValve.invoke(StandardHostValve.java:113) ~[tomcat-embed-core-10.1.55.jar!/:na]
payment-1  | 	at org.apache.catalina.valves.ErrorReportValve.invoke(ErrorReportValve.java:83) ~[tomcat-embed-core-10.1.55.jar!/:na]
payment-1  | 	at org.apache.catalina.core.StandardEngineValve.invoke(StandardEngineValve.java:72) ~[tomcat-embed-core-10.1.55.jar!/:na]
payment-1  | 	at org.apache.catalina.connector.CoyoteAdapter.service(CoyoteAdapter.java:342) ~[tomcat-embed-core-10.1.55.jar!/:na]
payment-1  | 	at org.apache.coyote.http11.Http11Processor.service(Http11Processor.java:399) ~[tomcat-embed-core-10.1.55.jar!/:na]
payment-1  | 	at org.apache.coyote.AbstractProcessorLight.process(AbstractProcessorLight.java:63) ~[tomcat-embed-core-10.1.55.jar!/:na]
payment-1  | 	at org.apache.coyote.AbstractProtocol$ConnectionHandler.process(AbstractProtocol.java:1272) ~[tomcat-embed-core-10.1.55.jar!/:na]
payment-1  | 	at org.apache.tomcat.util.net.NioEndpoint$SocketProcessor.doRun(NioEndpoint.java:1797) ~[tomcat-embed-core-10.1.55.jar!/:na]
payment-1  | 	at org.apache.tomcat.util.net.SocketProcessorBase.run(SocketProcessorBase.java:52) ~[tomcat-embed-core-10.1.55.jar!/:na]
payment-1  | 	at org.apache.tomcat.util.threads.ThreadPoolExecutor.runWorker(ThreadPoolExecutor.java:973) ~[tomcat-embed-core-10.1.55.jar!/:na]
payment-1  | 	at org.apache.tomcat.util.threads.ThreadPoolExecutor$Worker.run(ThreadPoolExecutor.java:491) ~[tomcat-embed-core-10.1.55.jar!/:na]
payment-1  | 	at org.apache.tomcat.util.threads.TaskThread$WrappingRunnable.run(TaskThread.java:63) ~[tomcat-embed-core-10.1.55.jar!/:na]
payment-1  | 	at java.base/java.lang.Thread.run(Unknown Source) ~[na:na]
payment-1  | 
payment-1  | 2026-09-12T11:30:51.470Z ERROR 1 --- [limited-goods] [nio-8080-exec-7] o.a.c.c.C.[.[.[/].[dispatcherServlet]    : Servlet.service() for servlet [dispatcherServlet] in context with path [] threw exception [Request processing failed: org.springframework.transaction.CannotCreateTransactionException: Could not open JPA EntityManager for transaction] with root cause
payment-1  | 
payment-1  | java.sql.SQLTransientConnectionException: HikariPool-1 - Connection is not available, request timed out after 1091ms (total=4, active=4, idle=0, waiting=3)
payment-1  | 	at com.zaxxer.hikari.pool.HikariPool.createTimeoutException(HikariPool.java:714) ~[HikariCP-6.3.3.jar!/:na]
payment-1  | 	at com.zaxxer.hikari.pool.HikariPool.getConnection(HikariPool.java:184) ~[HikariCP-6.3.3.jar!/:na]
payment-1  | 	at com.zaxxer.hikari.pool.HikariPool.getConnection(HikariPool.java:142) ~[HikariCP-6.3.3.jar!/:na]
payment-1  | 	at com.zaxxer.hikari.HikariDataSource.getConnection(HikariDataSource.java:127) ~[HikariCP-6.3.3.jar!/:na]
payment-1  | 	at org.hibernate.engine.jdbc.connections.internal.DatasourceConnectionProviderImpl.getConnection(DatasourceConnectionProviderImpl.java:126) ~[hibernate-core-6.6.53.Final.jar!/:6.6.53.Final]
payment-1  | 	at org.hibernate.internal.NonContextualJdbcConnectionAccess.obtainConnection(NonContextualJdbcConnectionAccess.java:46) ~[hibernate-core-6.6.53.Final.jar!/:6.6.53.Final]
nginx-1    | 172.20.0.13 - - [12/Sep/2026:11:30:46 +0000] "POST /api/admissions HTTP/1.1" 202 157 "-" "k6/0.54.0 (https://k6.io/)"
nginx-1    | 172.20.0.13 - - [12/Sep/2026:11:30:46 +0000] "POST /api/admissions HTTP/1.1" 202 157 "-" "k6/0.54.0 (https://k6.io/)"
nginx-1    | 172.20.0.13 - - [12/Sep/2026:11:30:46 +0000] "POST /api/admissions HTTP/1.1" 202 157 "-" "k6/0.54.0 (https://k6.io/)"
nginx-1    | 172.20.0.13 - - [12/Sep/2026:11:30:46 +0000] "POST /api/admissions HTTP/1.1" 202 157 "-" "k6/0.54.0 (https://k6.io/)"
nginx-1    | 172.20.0.13 - - [12/Sep/2026:11:30:47 +0000] "POST /api/admissions HTTP/1.1" 202 157 "-" "k6/0.54.0 (https://k6.io/)"
nginx-1    | 172.20.0.13 - - [12/Sep/2026:11:30:47 +0000] "GET /api/admissions/526c1a87e0fd5ef3f5ec7c59feccbcc5ce21070ceb6325445b14019be278a8af HTTP/1.1" 200 157 "-" "k6/0.54.0 (https://k6.io/)"
nginx-1    | 172.20.0.13 - - [12/Sep/2026:11:30:47 +0000] "GET /api/admissions/b33916561eb5a66069704da2eb21e238f34e93e7c38ed783928df8ffbb96e148 HTTP/1.1" 200 568 "-" "k6/0.54.0 (https://k6.io/)"
nginx-1    | 172.20.0.13 - - [12/Sep/2026:11:30:47 +0000] "POST /api/admissions HTTP/1.1" 202 157 "-" "k6/0.54.0 (https://k6.io/)"
nginx-1    | 172.20.0.13 - - [12/Sep/2026:11:30:48 +0000] "GET /api/admissions/421e2636777b5d57c6e9ca40fcbf4caa17afbda34d02a506415434b676147760 HTTP/1.1" 200 568 "-" "k6/0.54.0 (https://k6.io/)"
nginx-1    | 172.20.0.13 - - [12/Sep/2026:11:30:48 +0000] "GET /api/admissions/b73d31db7a083377707c8b34b51908a5395eb395d61aa7a1410ca95d29d3a17d HTTP/1.1" 200 157 "-" "k6/0.54.0 (https://k6.io/)"
nginx-1    | 172.20.0.13 - - [12/Sep/2026:11:30:48 +0000] "POST /api/admissions HTTP/1.1" 202 157 "-" "k6/0.54.0 (https://k6.io/)"
nginx-1    | 172.20.0.13 - - [12/Sep/2026:11:30:48 +0000] "GET /api/admissions/91f223cf830a999fa1c6d8f9726315af72d433dc24c0da3d6bfcbfc0414b5910 HTTP/1.1" 200 568 "-" "k6/0.54.0 (https://k6.io/)"
payment-1  | 	at org.hibernate.resource.jdbc.internal.LogicalConnectionManagedImpl.acquireConnectionIfNeeded(LogicalConnectionManagedImpl.java:126) ~[hibernate-core-6.6.53.Final.jar!/:6.6.53.Final]
payment-1  | 	at org.hibernate.resource.jdbc.internal.LogicalConnectionManagedImpl.getPhysicalConnection(LogicalConnectionManagedImpl.java:156) ~[hibernate-core-6.6.53.Final.jar!/:6.6.53.Final]
payment-1  | 	at org.hibernate.resource.jdbc.internal.LogicalConnectionManagedImpl.getConnectionForTransactionManagement(LogicalConnectionManagedImpl.java:286) ~[hibernate-core-6.6.53.Final.jar!/:6.6.53.Final]
payment-1  | 	at org.hibernate.resource.jdbc.internal.LogicalConnectionManagedImpl.begin(LogicalConnectionManagedImpl.java:294) ~[hibernate-core-6.6.53.Final.jar!/:6.6.53.Final]
payment-1  | 	at org.hibernate.resource.transaction.backend.jdbc.internal.JdbcResourceLocalTransactionCoordinatorImpl$TransactionDriverControlImpl.begin(JdbcResourceLocalTransactionCoordinatorImpl.java:232) ~[hibernate-core-6.6.53.Final.jar!/:6.6.53.Final]
payment-1  | 	at org.hibernate.engine.transaction.internal.TransactionImpl.begin(TransactionImpl.java:83) ~[hibernate-core-6.6.53.Final.jar!/:6.6.53.Final]
payment-1  | 	at org.springframework.orm.jpa.vendor.HibernateJpaDialect.beginTransaction(HibernateJpaDialect.java:176) ~[spring-orm-6.2.19.jar!/:6.2.19]
payment-1  | 	at org.springframework.orm.jpa.JpaTransactionManager.doBegin(JpaTransactionManager.java:421) ~[spring-orm-6.2.19.jar!/:6.2.19]
payment-1  | 	at org.springframework.transaction.support.AbstractPlatformTransactionManager.startTransaction(AbstractPlatformTransactionManager.java:532) ~[spring-tx-6.2.19.jar!/:6.2.19]
payment-1  | 	at org.springframework.transaction.support.AbstractPlatformTransactionManager.getTransaction(AbstractPlatformTransactionManager.java:405) ~[spring-tx-6.2.19.jar!/:6.2.19]
payment-1  | 	at org.springframework.transaction.interceptor.TransactionAspectSupport.createTransactionIfNecessary(TransactionAspectSupport.java:639) ~[spring-tx-6.2.19.jar!/:6.2.19]
payment-1  | 	at org.springframework.transaction.interceptor.TransactionAspectSupport.invokeWithinTransaction(TransactionAspectSupport.java:374) ~[spring-tx-6.2.19.jar!/:6.2.19]
payment-1  | 	at org.springframework.transaction.interceptor.TransactionInterceptor.invoke(TransactionInterceptor.java:119) ~[spring-tx-6.2.19.jar!/:6.2.19]
payment-1  | 	at org.springframework.aop.framework.ReflectiveMethodInvocation.proceed(ReflectiveMethodInvocation.java:184) ~[spring-aop-6.2.19.jar!/:6.2.19]
payment-1  | 	at org.springframework.aop.framework.CglibAopProxy$DynamicAdvisedInterceptor.intercept(CglibAopProxy.java:728) ~[spring-aop-6.2.19.jar!/:6.2.19]
payment-1  | 	at com.limitedgoods.payments.PaymentService$$SpringCGLIB$$0.start(<generated>) ~[!/:0.1.0]
payment-1  | 	at com.limitedgoods.payments.PaymentController.start(PaymentController.java:19) ~[!/:0.1.0]
payment-1  | 	at java.base/jdk.internal.reflect.DirectMethodHandleAccessor.invoke(Unknown Source) ~[na:na]
payment-1  | 	at java.base/java.lang.reflect.Method.invoke(Unknown Source) ~[na:na]
payment-1  | 	at org.springframework.web.method.support.InvocableHandlerMethod.doInvoke(InvocableHandlerMethod.java:258) ~[spring-web-6.2.19.jar!/:6.2.19]
payment-1  | 	at org.springframework.web.method.support.InvocableHandlerMethod.invokeForRequest(InvocableHandlerMethod.java:191) ~[spring-web-6.2.19.jar!/:6.2.19]
payment-1  | 	at org.springframework.web.servlet.mvc.method.annotation.ServletInvocableHandlerMethod.invokeAndHandle(ServletInvocableHandlerMethod.java:118) ~[spring-webmvc-6.2.19.jar!/:6.2.19]
payment-1  | 	at org.springframework.web.servlet.mvc.method.annotation.RequestMappingHandlerAdapter.invokeHandlerMethod(RequestMappingHandlerAdapter.java:991) ~[spring-webmvc-6.2.19.jar!/:6.2.19]
payment-1  | 	at org.springframework.web.servlet.mvc.method.annotation.RequestMappingHandlerAdapter.handleInternal(RequestMappingHandlerAdapter.java:896) ~[spring-webmvc-6.2.19.jar!/:6.2.19]
payment-1  | 	at org.springframework.web.servlet.mvc.method.AbstractHandlerMethodAdapter.handle(AbstractHandlerMethodAdapter.java:87) ~[spring-webmvc-6.2.19.jar!/:6.2.19]
payment-1  | 	at org.springframework.web.servlet.DispatcherServlet.doDispatch(DispatcherServlet.java:1089) ~[spring-webmvc-6.2.19.jar!/:6.2.19]
payment-1  | 	at org.springframework.web.servlet.DispatcherServlet.doService(DispatcherServlet.java:979) ~[spring-webmvc-6.2.19.jar!/:6.2.19]
payment-1  | 	at org.springframework.web.servlet.FrameworkServlet.processRequest(FrameworkServlet.java:1014) ~[spring-webmvc-6.2.19.jar!/:6.2.19]
payment-1  | 	at org.springframework.web.servlet.FrameworkServlet.doPost(FrameworkServlet.java:914) ~[spring-webmvc-6.2.19.jar!/:6.2.19]
payment-1  | 	at jakarta.servlet.http.HttpServlet.service(HttpServlet.java:590) ~[tomcat-embed-core-10.1.55.jar!/:na]
payment-1  | 	at org.springframework.web.servlet.FrameworkServlet.service(FrameworkServlet.java:885) ~[spring-webmvc-6.2.19.jar!/:6.2.19]
payment-1  | 	at jakarta.servlet.http.HttpServlet.service(HttpServlet.java:658) ~[tomcat-embed-core-10.1.55.jar!/:na]
payment-1  | 	at org.apache.catalina.core.ApplicationFilterChain.internalDoFilter(ApplicationFilterChain.java:193) ~[tomcat-embed-core-10.1.55.jar!/:na]
payment-1  | 	at org.apache.catalina.core.ApplicationFilterChain.doFilter(ApplicationFilterChain.java:138) ~[tomcat-embed-core-10.1.55.jar!/:na]
payment-1  | 	at org.apache.tomcat.websocket.server.WsFilter.doFilter(WsFilter.java:51) ~[tomcat-embed-websocket-10.1.55.jar!/:na]
payment-1  | 	at org.apache.catalina.core.ApplicationFilterChain.internalDoFilter(ApplicationFilterChain.java:162) ~[tomcat-embed-core-10.1.55.jar!/:na]
payment-1  | 	at org.apache.catalina.core.ApplicationFilterChain.doFilter(ApplicationFilterChain.java:138) ~[tomcat-embed-core-10.1.55.jar!/:na]
payment-1  | 	at org.springframework.web.filter.RequestContextFilter.doFilterInternal(RequestContextFilter.java:100) ~[spring-web-6.2.19.jar!/:6.2.19]
payment-1  | 	at org.springframework.web.filter.OncePerRequestFilter.doFilter(OncePerRequestFilter.java:116) ~[spring-web-6.2.19.jar!/:6.2.19]
payment-1  | 	at org.apache.catalina.core.ApplicationFilterChain.internalDoFilter(ApplicationFilterChain.java:162) ~[tomcat-embed-core-10.1.55.jar!/:na]
payment-1  | 	at org.apache.catalina.core.ApplicationFilterChain.doFilter(ApplicationFilterChain.java:138) ~[tomcat-embed-core-10.1.55.jar!/:na]
payment-1  | 	at org.springframework.web.filter.FormContentFilter.doFilterInternal(FormContentFilter.java:93) ~[spring-web-6.2.19.jar!/:6.2.19]
payment-1  | 	at org.springframework.web.filter.OncePerRequestFilter.doFilter(OncePerRequestFilter.java:116) ~[spring-web-6.2.19.jar!/:6.2.19]
payment-1  | 	at org.apache.catalina.core.ApplicationFilterChain.internalDoFilter(ApplicationFilterChain.java:162) ~[tomcat-embed-core-10.1.55.jar!/:na]
payment-1  | 	at org.apache.catalina.core.ApplicationFilterChain.doFilter(ApplicationFilterChain.java:138) ~[tomcat-embed-core-10.1.55.jar!/:na]
payment-1  | 	at org.springframework.web.filter.ServerHttpObservationFilter.doFilterInternal(ServerHttpObservationFilter.java:110) ~[spring-web-6.2.19.jar!/:6.2.19]
payment-1  | 	at org.springframework.web.filter.OncePerRequestFilter.doFilter(OncePerRequestFilter.java:116) ~[spring-web-6.2.19.jar!/:6.2.19]
payment-1  | 	at org.apache.catalina.core.ApplicationFilterChain.internalDoFilter(ApplicationFilterChain.java:162) ~[tomcat-embed-core-10.1.55.jar!/:na]
payment-1  | 	at org.apache.catalina.core.ApplicationFilterChain.doFilter(ApplicationFilterChain.java:138) ~[tomcat-embed-core-10.1.55.jar!/:na]
payment-1  | 	at org.springframework.web.filter.CharacterEncodingFilter.doFilterInternal(CharacterEncodingFilter.java:201) ~[spring-web-6.2.19.jar!/:6.2.19]
payment-1  | 	at org.springframework.web.filter.OncePerRequestFilter.doFilter(OncePerRequestFilter.java:116) ~[spring-web-6.2.19.jar!/:6.2.19]
payment-1  | 	at org.apache.catalina.core.ApplicationFilterChain.internalDoFilter(ApplicationFilterChain.java:162) ~[tomcat-embed-core-10.1.55.jar!/:na]
payment-1  | 	at org.apache.catalina.core.ApplicationFilterChain.doFilter(ApplicationFilterChain.java:138) ~[tomcat-embed-core-10.1.55.jar!/:na]
payment-1  | 	at org.apache.catalina.core.StandardWrapperValve.invoke(StandardWrapperValve.java:165) ~[tomcat-embed-core-10.1.55.jar!/:na]
payment-1  | 	at org.apache.catalina.core.StandardContextValve.invoke(StandardContextValve.java:88) ~[tomcat-embed-core-10.1.55.jar!/:na]
payment-1  | 	at org.apache.catalina.authenticator.AuthenticatorBase.invoke(AuthenticatorBase.java:492) ~[tomcat-embed-core-10.1.55.jar!/:na]
payment-1  | 	at org.apache.catalina.core.StandardHostValve.invoke(StandardHostValve.java:113) ~[tomcat-embed-core-10.1.55.jar!/:na]
payment-1  | 	at org.apache.catalina.valves.ErrorReportValve.invoke(ErrorReportValve.java:83) ~[tomcat-embed-core-10.1.55.jar!/:na]
payment-1  | 	at org.apache.catalina.core.StandardEngineValve.invoke(StandardEngineValve.java:72) ~[tomcat-embed-core-10.1.55.jar!/:na]
payment-1  | 	at org.apache.catalina.connector.CoyoteAdapter.service(CoyoteAdapter.java:342) ~[tomcat-embed-core-10.1.55.jar!/:na]
payment-1  | 	at org.apache.coyote.http11.Http11Processor.service(Http11Processor.java:399) ~[tomcat-embed-core-10.1.55.jar!/:na]
payment-1  | 	at org.apache.coyote.AbstractProcessorLight.process(AbstractProcessorLight.java:63) ~[tomcat-embed-core-10.1.55.jar!/:na]
payment-1  | 	at org.apache.coyote.AbstractProtocol$ConnectionHandler.process(AbstractProtocol.java:1272) ~[tomcat-embed-core-10.1.55.jar!/:na]
payment-1  | 	at org.apache.tomcat.util.net.NioEndpoint$SocketProcessor.doRun(NioEndpoint.java:1797) ~[tomcat-embed-core-10.1.55.jar!/:na]
payment-1  | 	at org.apache.tomcat.util.net.SocketProcessorBase.run(SocketProcessorBase.java:52) ~[tomcat-embed-core-10.1.55.jar!/:na]
payment-1  | 	at org.apache.tomcat.util.threads.ThreadPoolExecutor.runWorker(ThreadPoolExecutor.java:973) ~[tomcat-embed-core-10.1.55.jar!/:na]
payment-1  | 	at org.apache.tomcat.util.threads.ThreadPoolExecutor$Worker.run(ThreadPoolExecutor.java:491) ~[tomcat-embed-core-10.1.55.jar!/:na]
payment-1  | 	at org.apache.tomcat.util.threads.TaskThread$WrappingRunnable.run(TaskThread.java:63) ~[tomcat-embed-core-10.1.55.jar!/:na]
payment-1  | 	at java.base/java.lang.Thread.run(Unknown Source) ~[na:na]
payment-1  | 
payment-1  | 2026-09-12T11:30:51.566Z ERROR 1 --- [limited-goods] [nio-8080-exec-6] o.a.c.c.C.[.[.[/].[dispatcherServlet]    : Servlet.service() for servlet [dispatcherServlet] in context with path [] threw exception [Request processing failed: org.springframework.transaction.CannotCreateTransactionException: Could not open JPA EntityManager for transaction] with root cause
payment-1  | 
payment-1  | java.sql.SQLTransientConnectionException: HikariPool-1 - Connection is not available, request timed out after 1092ms (total=4, active=4, idle=0, waiting=2)
payment-1  | 	at com.zaxxer.hikari.pool.HikariPool.createTimeoutException(HikariPool.java:714) ~[HikariCP-6.3.3.jar!/:na]
payment-1  | 	at com.zaxxer.hikari.pool.HikariPool.getConnection(HikariPool.java:184) ~[HikariCP-6.3.3.jar!/:na]
payment-1  | 	at com.zaxxer.hikari.pool.HikariPool.getConnection(HikariPool.java:142) ~[HikariCP-6.3.3.jar!/:na]
payment-1  | 	at com.zaxxer.hikari.HikariDataSource.getConnection(HikariDataSource.java:127) ~[HikariCP-6.3.3.jar!/:na]
payment-1  | 	at org.hibernate.engine.jdbc.connections.internal.DatasourceConnectionProviderImpl.getConnection(DatasourceConnectionProviderImpl.java:126) ~[hibernate-core-6.6.53.Final.jar!/:6.6.53.Final]
payment-1  | 	at org.hibernate.internal.NonContextualJdbcConnectionAccess.obtainConnection(NonContextualJdbcConnectionAccess.java:46) ~[hibernate-core-6.6.53.Final.jar!/:6.6.53.Final]
payment-1  | 	at org.hibernate.resource.jdbc.internal.LogicalConnectionManagedImpl.acquireConnectionIfNeeded(LogicalConnectionManagedImpl.java:126) ~[hibernate-core-6.6.53.Final.jar!/:6.6.53.Final]
payment-1  | 	at org.hibernate.resource.jdbc.internal.LogicalConnectionManagedImpl.getPhysicalConnection(LogicalConnectionManagedImpl.java:156) ~[hibernate-core-6.6.53.Final.jar!/:6.6.53.Final]
payment-1  | 	at org.hibernate.resource.jdbc.internal.LogicalConnectionManagedImpl.getConnectionForTransactionManagement(LogicalConnectionManagedImpl.java:286) ~[hibernate-core-6.6.53.Final.jar!/:6.6.53.Final]
payment-1  | 	at org.hibernate.resource.jdbc.internal.LogicalConnectionManagedImpl.begin(LogicalConnectionManagedImpl.java:294) ~[hibernate-core-6.6.53.Final.jar!/:6.6.53.Final]
payment-1  | 	at org.hibernate.resource.transaction.backend.jdbc.internal.JdbcResourceLocalTransactionCoordinatorImpl$TransactionDriverControlImpl.begin(JdbcResourceLocalTransactionCoordinatorImpl.java:232) ~[hibernate-core-6.6.53.Final.jar!/:6.6.53.Final]
payment-1  | 	at org.hibernate.engine.transaction.internal.TransactionImpl.begin(TransactionImpl.java:83) ~[hibernate-core-6.6.53.Final.jar!/:6.6.53.Final]
payment-1  | 	at org.springframework.orm.jpa.vendor.HibernateJpaDialect.beginTransaction(HibernateJpaDialect.java:176) ~[spring-orm-6.2.19.jar!/:6.2.19]
payment-1  | 	at org.springframework.orm.jpa.JpaTransactionManager.doBegin(JpaTransactionManager.java:421) ~[spring-orm-6.2.19.jar!/:6.2.19]
payment-1  | 	at org.springframework.transaction.support.AbstractPlatformTransactionManager.startTransaction(AbstractPlatformTransactionManager.java:532) ~[spring-tx-6.2.19.jar!/:6.2.19]
payment-1  | 	at org.springframework.transaction.support.AbstractPlatformTransactionManager.getTransaction(AbstractPlatformTransactionManager.java:405) ~[spring-tx-6.2.19.jar!/:6.2.19]
payment-1  | 	at org.springframework.transaction.interceptor.TransactionAspectSupport.createTransactionIfNecessary(TransactionAspectSupport.java:639) ~[spring-tx-6.2.19.jar!/:6.2.19]
payment-1  | 	at org.springframework.transaction.interceptor.TransactionAspectSupport.invokeWithinTransaction(TransactionAspectSupport.java:374) ~[spring-tx-6.2.19.jar!/:6.2.19]
payment-1  | 	at org.springframework.transaction.interceptor.TransactionInterceptor.invoke(TransactionInterceptor.java:119) ~[spring-tx-6.2.19.jar!/:6.2.19]
payment-1  | 	at org.springframework.aop.framework.ReflectiveMethodInvocation.proceed(ReflectiveMethodInvocation.java:184) ~[spring-aop-6.2.19.jar!/:6.2.19]
payment-1  | 	at org.springframework.aop.framework.CglibAopProxy$DynamicAdvisedInterceptor.intercept(CglibAopProxy.java:728) ~[spring-aop-6.2.19.jar!/:6.2.19]
payment-1  | 	at com.limitedgoods.payments.PaymentService$$SpringCGLIB$$0.start(<generated>) ~[!/:0.1.0]
payment-1  | 	at com.limitedgoods.payments.PaymentController.start(PaymentController.java:19) ~[!/:0.1.0]
payment-1  | 	at java.base/jdk.internal.reflect.DirectMethodHandleAccessor.invoke(Unknown Source) ~[na:na]
payment-1  | 	at java.base/java.lang.reflect.Method.invoke(Unknown Source) ~[na:na]
payment-1  | 	at org.springframework.web.method.support.InvocableHandlerMethod.doInvoke(InvocableHandlerMethod.java:258) ~[spring-web-6.2.19.jar!/:6.2.19]
payment-1  | 	at org.springframework.web.method.support.InvocableHandlerMethod.invokeForRequest(InvocableHandlerMethod.java:191) ~[spring-web-6.2.19.jar!/:6.2.19]
payment-1  | 	at org.springframework.web.servlet.mvc.method.annotation.ServletInvocableHandlerMethod.invokeAndHandle(ServletInvocableHandlerMethod.java:118) ~[spring-webmvc-6.2.19.jar!/:6.2.19]
payment-1  | 	at org.springframework.web.servlet.mvc.method.annotation.RequestMappingHandlerAdapter.invokeHandlerMethod(RequestMappingHandlerAdapter.java:991) ~[spring-webmvc-6.2.19.jar!/:6.2.19]
payment-1  | 	at org.springframework.web.servlet.mvc.method.annotation.RequestMappingHandlerAdapter.handleInternal(RequestMappingHandlerAdapter.java:896) ~[spring-webmvc-6.2.19.jar!/:6.2.19]
payment-1  | 	at org.springframework.web.servlet.mvc.method.AbstractHandlerMethodAdapter.handle(AbstractHandlerMethodAdapter.java:87) ~[spring-webmvc-6.2.19.jar!/:6.2.19]
payment-1  | 	at org.springframework.web.servlet.DispatcherServlet.doDispatch(DispatcherServlet.java:1089) ~[spring-webmvc-6.2.19.jar!/:6.2.19]
payment-1  | 	at org.springframework.web.servlet.DispatcherServlet.doService(DispatcherServlet.java:979) ~[spring-webmvc-6.2.19.jar!/:6.2.19]
payment-1  | 	at org.springframework.web.servlet.FrameworkServlet.processRequest(FrameworkServlet.java:1014) ~[spring-webmvc-6.2.19.jar!/:6.2.19]
payment-1  | 	at org.springframework.web.servlet.FrameworkServlet.doPost(FrameworkServlet.java:914) ~[spring-webmvc-6.2.19.jar!/:6.2.19]
payment-1  | 	at jakarta.servlet.http.HttpServlet.service(HttpServlet.java:590) ~[tomcat-embed-core-10.1.55.jar!/:na]
payment-1  | 	at org.springframework.web.servlet.FrameworkServlet.service(FrameworkServlet.java:885) ~[spring-webmvc-6.2.19.jar!/:6.2.19]
payment-1  | 	at jakarta.servlet.http.HttpServlet.service(HttpServlet.java:658) ~[tomcat-embed-core-10.1.55.jar!/:na]
payment-1  | 	at org.apache.catalina.core.ApplicationFilterChain.internalDoFilter(ApplicationFilterChain.java:193) ~[tomcat-embed-core-10.1.55.jar!/:na]
payment-1  | 	at org.apache.catalina.core.ApplicationFilterChain.doFilter(ApplicationFilterChain.java:138) ~[tomcat-embed-core-10.1.55.jar!/:na]
payment-1  | 	at org.apache.tomcat.websocket.server.WsFilter.doFilter(WsFilter.java:51) ~[tomcat-embed-websocket-10.1.55.jar!/:na]
payment-1  | 	at org.apache.catalina.core.ApplicationFilterChain.internalDoFilter(ApplicationFilterChain.java:162) ~[tomcat-embed-core-10.1.55.jar!/:na]
payment-1  | 	at org.apache.catalina.core.ApplicationFilterChain.doFilter(ApplicationFilterChain.java:138) ~[tomcat-embed-core-10.1.55.jar!/:na]
payment-1  | 	at org.springframework.web.filter.RequestContextFilter.doFilterInternal(RequestContextFilter.java:100) ~[spring-web-6.2.19.jar!/:6.2.19]
payment-1  | 	at org.springframework.web.filter.OncePerRequestFilter.doFilter(OncePerRequestFilter.java:116) ~[spring-web-6.2.19.jar!/:6.2.19]
payment-1  | 	at org.apache.catalina.core.ApplicationFilterChain.internalDoFilter(ApplicationFilterChain.java:162) ~[tomcat-embed-core-10.1.55.jar!/:na]
payment-1  | 	at org.apache.catalina.core.ApplicationFilterChain.doFilter(ApplicationFilterChain.java:138) ~[tomcat-embed-core-10.1.55.jar!/:na]
payment-1  | 	at org.springframework.web.filter.FormContentFilter.doFilterInternal(FormContentFilter.java:93) ~[spring-web-6.2.19.jar!/:6.2.19]
payment-1  | 	at org.springframework.web.filter.OncePerRequestFilter.doFilter(OncePerRequestFilter.java:116) ~[spring-web-6.2.19.jar!/:6.2.19]
payment-1  | 	at org.apache.catalina.core.ApplicationFilterChain.internalDoFilter(ApplicationFilterChain.java:162) ~[tomcat-embed-core-10.1.55.jar!/:na]
payment-1  | 	at org.apache.catalina.core.ApplicationFilterChain.doFilter(ApplicationFilterChain.java:138) ~[tomcat-embed-core-10.1.55.jar!/:na]
payment-1  | 	at org.springframework.web.filter.ServerHttpObservationFilter.doFilterInternal(ServerHttpObservationFilter.java:110) ~[spring-web-6.2.19.jar!/:6.2.19]
payment-1  | 	at org.springframework.web.filter.OncePerRequestFilter.doFilter(OncePerRequestFilter.java:116) ~[spring-web-6.2.19.jar!/:6.2.19]
payment-1  | 	at org.apache.catalina.core.ApplicationFilterChain.internalDoFilter(ApplicationFilterChain.java:162) ~[tomcat-embed-core-10.1.55.jar!/:na]
payment-1  | 	at org.apache.catalina.core.ApplicationFilterChain.doFilter(ApplicationFilterChain.java:138) ~[tomcat-embed-core-10.1.55.jar!/:na]
payment-1  | 	at org.springframework.web.filter.CharacterEncodingFilter.doFilterInternal(CharacterEncodingFilter.java:201) ~[spring-web-6.2.19.jar!/:6.2.19]
payment-1  | 	at org.springframework.web.filter.OncePerRequestFilter.doFilter(OncePerRequestFilter.java:116) ~[spring-web-6.2.19.jar!/:6.2.19]
payment-1  | 	at org.apache.catalina.core.ApplicationFilterChain.internalDoFilter(ApplicationFilterChain.java:162) ~[tomcat-embed-core-10.1.55.jar!/:na]
payment-1  | 	at org.apache.catalina.core.ApplicationFilterChain.doFilter(ApplicationFilterChain.java:138) ~[tomcat-embed-core-10.1.55.jar!/:na]
payment-1  | 	at org.apache.catalina.core.StandardWrapperValve.invoke(StandardWrapperValve.java:165) ~[tomcat-embed-core-10.1.55.jar!/:na]
payment-1  | 	at org.apache.catalina.core.StandardContextValve.invoke(StandardContextValve.java:88) ~[tomcat-embed-core-10.1.55.jar!/:na]
payment-1  | 	at org.apache.catalina.authenticator.AuthenticatorBase.invoke(AuthenticatorBase.java:492) ~[tomcat-embed-core-10.1.55.jar!/:na]
payment-1  | 	at org.apache.catalina.core.StandardHostValve.invoke(StandardHostValve.java:113) ~[tomcat-embed-core-10.1.55.jar!/:na]
payment-1  | 	at org.apache.catalina.valves.ErrorReportValve.invoke(ErrorReportValve.java:83) ~[tomcat-embed-core-10.1.55.jar!/:na]
payment-1  | 	at org.apache.catalina.core.StandardEngineValve.invoke(StandardEngineValve.java:72) ~[tomcat-embed-core-10.1.55.jar!/:na]
payment-1  | 	at org.apache.catalina.connector.CoyoteAdapter.service(CoyoteAdapter.java:342) ~[tomcat-embed-core-10.1.55.jar!/:na]
payment-1  | 	at org.apache.coyote.http11.Http11Processor.service(Http11Processor.java:399) ~[tomcat-embed-core-10.1.55.jar!/:na]
payment-1  | 	at org.apache.coyote.AbstractProcessorLight.process(AbstractProcessorLight.java:63) ~[tomcat-embed-core-10.1.55.jar!/:na]
payment-1  | 	at org.apache.coyote.AbstractProtocol$ConnectionHandler.process(AbstractProtocol.java:1272) ~[tomcat-embed-core-10.1.55.jar!/:na]
payment-1  | 	at org.apache.tomcat.util.net.NioEndpoint$SocketProcessor.doRun(NioEndpoint.java:1797) ~[tomcat-embed-core-10.1.55.jar!/:na]
payment-1  | 	at org.apache.tomcat.util.net.SocketProcessorBase.run(SocketProcessorBase.java:52) ~[tomcat-embed-core-10.1.55.jar!/:na]
payment-1  | 	at org.apache.tomcat.util.threads.ThreadPoolExecutor.runWorker(ThreadPoolExecutor.java:973) ~[tomcat-embed-core-10.1.55.jar!/:na]
payment-1  | 	at org.apache.tomcat.util.threads.ThreadPoolExecutor$Worker.run(ThreadPoolExecutor.java:491) ~[tomcat-embed-core-10.1.55.jar!/:na]
payment-1  | 	at org.apache.tomcat.util.threads.TaskThread$WrappingRunnable.run(TaskThread.java:63) ~[tomcat-embed-core-10.1.55.jar!/:na]
payment-1  | 	at java.base/java.lang.Thread.run(Unknown Source) ~[na:na]
payment-1  | 
payment-1  | 2026-09-12T11:30:51.970Z  WARN 1 --- [limited-goods] [io-8080-exec-10] o.h.engine.jdbc.spi.SqlExceptionHelper   : SQL Error: 0, SQLState: null
payment-1  | 2026-09-12T11:30:51.970Z ERROR 1 --- [limited-goods] [io-8080-exec-10] o.h.engine.jdbc.spi.SqlExceptionHelper   : HikariPool-1 - Connection is not available, request timed out after 1000ms (total=4, active=4, idle=0, waiting=2)
payment-1  | 2026-09-12T11:30:51.971Z ERROR 1 --- [limited-goods] [io-8080-exec-10] o.a.c.c.C.[.[.[/].[dispatcherServlet]    : Servlet.service() for servlet [dispatcherServlet] in context with path [] threw exception [Request processing failed: org.springframework.transaction.CannotCreateTransactionException: Could not open JPA EntityManager for transaction] with root cause
payment-1  | 
payment-1  | java.sql.SQLTransientConnectionException: HikariPool-1 - Connection is not available, request timed out after 1000ms (total=4, active=4, idle=0, waiting=2)
payment-1  | 	at com.zaxxer.hikari.pool.HikariPool.createTimeoutException(HikariPool.java:714) ~[HikariCP-6.3.3.jar!/:na]
payment-1  | 	at com.zaxxer.hikari.pool.HikariPool.getConnection(HikariPool.java:184) ~[HikariCP-6.3.3.jar!/:na]
payment-1  | 	at com.zaxxer.hikari.pool.HikariPool.getConnection(HikariPool.java:142) ~[HikariCP-6.3.3.jar!/:na]
payment-1  | 	at com.zaxxer.hikari.HikariDataSource.getConnection(HikariDataSource.java:127) ~[HikariCP-6.3.3.jar!/:na]
payment-1  | 	at org.hibernate.engine.jdbc.connections.internal.DatasourceConnectionProviderImpl.getConnection(DatasourceConnectionProviderImpl.java:126) ~[hibernate-core-6.6.53.Final.jar!/:6.6.53.Final]
payment-1  | 	at org.hibernate.internal.NonContextualJdbcConnectionAccess.obtainConnection(NonContextualJdbcConnectionAccess.java:46) ~[hibernate-core-6.6.53.Final.jar!/:6.6.53.Final]
payment-1  | 	at org.hibernate.resource.jdbc.internal.LogicalConnectionManagedImpl.acquireConnectionIfNeeded(LogicalConnectionManagedImpl.java:126) ~[hibernate-core-6.6.53.Final.jar!/:6.6.53.Final]
payment-1  | 	at org.hibernate.resource.jdbc.internal.LogicalConnectionManagedImpl.getPhysicalConnection(LogicalConnectionManagedImpl.java:156) ~[hibernate-core-6.6.53.Final.jar!/:6.6.53.Final]
payment-1  | 	at org.hibernate.resource.jdbc.internal.LogicalConnectionManagedImpl.getConnectionForTransactionManagement(LogicalConnectionManagedImpl.java:286) ~[hibernate-core-6.6.53.Final.jar!/:6.6.53.Final]
payment-1  | 	at org.hibernate.resource.jdbc.internal.LogicalConnectionManagedImpl.begin(LogicalConnectionManagedImpl.java:294) ~[hibernate-core-6.6.53.Final.jar!/:6.6.53.Final]
payment-1  | 	at org.hibernate.resource.transaction.backend.jdbc.internal.JdbcResourceLocalTransactionCoordinatorImpl$TransactionDriverControlImpl.begin(JdbcResourceLocalTransactionCoordinatorImpl.java:232) ~[hibernate-core-6.6.53.Final.jar!/:6.6.53.Final]
payment-1  | 	at org.hibernate.engine.transaction.internal.TransactionImpl.begin(TransactionImpl.java:83) ~[hibernate-core-6.6.53.Final.jar!/:6.6.53.Final]
payment-1  | 	at org.springframework.orm.jpa.vendor.HibernateJpaDialect.beginTransaction(HibernateJpaDialect.java:176) ~[spring-orm-6.2.19.jar!/:6.2.19]
payment-1  | 	at org.springframework.orm.jpa.JpaTransactionManager.doBegin(JpaTransactionManager.java:421) ~[spring-orm-6.2.19.jar!/:6.2.19]
payment-1  | 	at org.springframework.transaction.support.AbstractPlatformTransactionManager.startTransaction(AbstractPlatformTransactionManager.java:532) ~[spring-tx-6.2.19.jar!/:6.2.19]
payment-1  | 	at org.springframework.transaction.support.AbstractPlatformTransactionManager.getTransaction(AbstractPlatformTransactionManager.java:405) ~[spring-tx-6.2.19.jar!/:6.2.19]
payment-1  | 	at org.springframework.transaction.interceptor.TransactionAspectSupport.createTransactionIfNecessary(TransactionAspectSupport.java:639) ~[spring-tx-6.2.19.jar!/:6.2.19]
payment-1  | 	at org.springframework.transaction.interceptor.TransactionAspectSupport.invokeWithinTransaction(TransactionAspectSupport.java:374) ~[spring-tx-6.2.19.jar!/:6.2.19]
payment-1  | 	at org.springframework.transaction.interceptor.TransactionInterceptor.invoke(TransactionInterceptor.java:119) ~[spring-tx-6.2.19.jar!/:6.2.19]
payment-1  | 	at org.springframework.aop.framework.ReflectiveMethodInvocation.proceed(ReflectiveMethodInvocation.java:184) ~[spring-aop-6.2.19.jar!/:6.2.19]
payment-1  | 	at org.springframework.aop.framework.CglibAopProxy$DynamicAdvisedInterceptor.intercept(CglibAopProxy.java:728) ~[spring-aop-6.2.19.jar!/:6.2.19]
payment-1  | 	at com.limitedgoods.payments.PaymentService$$SpringCGLIB$$0.start(<generated>) ~[!/:0.1.0]
payment-1  | 	at com.limitedgoods.payments.PaymentController.start(PaymentController.java:19) ~[!/:0.1.0]
payment-1  | 	at java.base/jdk.internal.reflect.DirectMethodHandleAccessor.invoke(Unknown Source) ~[na:na]
payment-1  | 	at java.base/java.lang.reflect.Method.invoke(Unknown Source) ~[na:na]
payment-1  | 	at org.springframework.web.method.support.InvocableHandlerMethod.doInvoke(InvocableHandlerMethod.java:258) ~[spring-web-6.2.19.jar!/:6.2.19]
payment-1  | 	at org.springframework.web.method.support.InvocableHandlerMethod.invokeForRequest(InvocableHandlerMethod.java:191) ~[spring-web-6.2.19.jar!/:6.2.19]
payment-1  | 	at org.springframework.web.servlet.mvc.method.annotation.ServletInvocableHandlerMethod.invokeAndHandle(ServletInvocableHandlerMethod.java:118) ~[spring-webmvc-6.2.19.jar!/:6.2.19]
payment-1  | 	at org.springframework.web.servlet.mvc.method.annotation.RequestMappingHandlerAdapter.invokeHandlerMethod(RequestMappingHandlerAdapter.java:991) ~[spring-webmvc-6.2.19.jar!/:6.2.19]
payment-1  | 	at org.springframework.web.servlet.mvc.method.annotation.RequestMappingHandlerAdapter.handleInternal(RequestMappingHandlerAdapter.java:896) ~[spring-webmvc-6.2.19.jar!/:6.2.19]
payment-1  | 	at org.springframework.web.servlet.mvc.method.AbstractHandlerMethodAdapter.handle(AbstractHandlerMethodAdapter.java:87) ~[spring-webmvc-6.2.19.jar!/:6.2.19]
payment-1  | 	at org.springframework.web.servlet.DispatcherServlet.doDispatch(DispatcherServlet.java:1089) ~[spring-webmvc-6.2.19.jar!/:6.2.19]
payment-1  | 	at org.springframework.web.servlet.DispatcherServlet.doService(DispatcherServlet.java:979) ~[spring-webmvc-6.2.19.jar!/:6.2.19]
payment-1  | 	at org.springframework.web.servlet.FrameworkServlet.processRequest(FrameworkServlet.java:1014) ~[spring-webmvc-6.2.19.jar!/:6.2.19]
payment-1  | 	at org.springframework.web.servlet.FrameworkServlet.doPost(FrameworkServlet.java:914) ~[spring-webmvc-6.2.19.jar!/:6.2.19]
payment-1  | 	at jakarta.servlet.http.HttpServlet.service(HttpServlet.java:590) ~[tomcat-embed-core-10.1.55.jar!/:na]
payment-1  | 	at org.springframework.web.servlet.FrameworkServlet.service(FrameworkServlet.java:885) ~[spring-webmvc-6.2.19.jar!/:6.2.19]
payment-1  | 	at jakarta.servlet.http.HttpServlet.service(HttpServlet.java:658) ~[tomcat-embed-core-10.1.55.jar!/:na]
payment-1  | 	at org.apache.catalina.core.ApplicationFilterChain.internalDoFilter(ApplicationFilterChain.java:193) ~[tomcat-embed-core-10.1.55.jar!/:na]
payment-1  | 	at org.apache.catalina.core.ApplicationFilterChain.doFilter(ApplicationFilterChain.java:138) ~[tomcat-embed-core-10.1.55.jar!/:na]
payment-1  | 	at org.apache.tomcat.websocket.server.WsFilter.doFilter(WsFilter.java:51) ~[tomcat-embed-websocket-10.1.55.jar!/:na]
payment-1  | 	at org.apache.catalina.core.ApplicationFilterChain.internalDoFilter(ApplicationFilterChain.java:162) ~[tomcat-embed-core-10.1.55.jar!/:na]
payment-1  | 	at org.apache.catalina.core.ApplicationFilterChain.doFilter(ApplicationFilterChain.java:138) ~[tomcat-embed-core-10.1.55.jar!/:na]
payment-1  | 	at org.springframework.web.filter.RequestContextFilter.doFilterInternal(RequestContextFilter.java:100) ~[spring-web-6.2.19.jar!/:6.2.19]
payment-1  | 	at org.springframework.web.filter.OncePerRequestFilter.doFilter(OncePerRequestFilter.java:116) ~[spring-web-6.2.19.jar!/:6.2.19]
payment-1  | 	at org.apache.catalina.core.ApplicationFilterChain.internalDoFilter(ApplicationFilterChain.java:162) ~[tomcat-embed-core-10.1.55.jar!/:na]
payment-1  | 	at org.apache.catalina.core.ApplicationFilterChain.doFilter(ApplicationFilterChain.java:138) ~[tomcat-embed-core-10.1.55.jar!/:na]
payment-1  | 	at org.springframework.web.filter.FormContentFilter.doFilterInternal(FormContentFilter.java:93) ~[spring-web-6.2.19.jar!/:6.2.19]
payment-1  | 	at org.springframework.web.filter.OncePerRequestFilter.doFilter(OncePerRequestFilter.java:116) ~[spring-web-6.2.19.jar!/:6.2.19]
payment-1  | 	at org.apache.catalina.core.ApplicationFilterChain.internalDoFilter(ApplicationFilterChain.java:162) ~[tomcat-embed-core-10.1.55.jar!/:na]
payment-1  | 	at org.apache.catalina.core.ApplicationFilterChain.doFilter(ApplicationFilterChain.java:138) ~[tomcat-embed-core-10.1.55.jar!/:na]
payment-1  | 	at org.springframework.web.filter.ServerHttpObservationFilter.doFilterInternal(ServerHttpObservationFilter.java:110) ~[spring-web-6.2.19.jar!/:6.2.19]
payment-1  | 	at org.springframework.web.filter.OncePerRequestFilter.doFilter(OncePerRequestFilter.java:116) ~[spring-web-6.2.19.jar!/:6.2.19]
payment-1  | 	at org.apache.catalina.core.ApplicationFilterChain.internalDoFilter(ApplicationFilterChain.java:162) ~[tomcat-embed-core-10.1.55.jar!/:na]
payment-1  | 	at org.apache.catalina.core.ApplicationFilterChain.doFilter(ApplicationFilterChain.java:138) ~[tomcat-embed-core-10.1.55.jar!/:na]
payment-1  | 	at org.springframework.web.filter.CharacterEncodingFilter.doFilterInternal(CharacterEncodingFilter.java:201) ~[spring-web-6.2.19.jar!/:6.2.19]
payment-1  | 	at org.springframework.web.filter.OncePerRequestFilter.doFilter(OncePerRequestFilter.java:116) ~[spring-web-6.2.19.jar!/:6.2.19]
payment-1  | 	at org.apache.catalina.core.ApplicationFilterChain.internalDoFilter(ApplicationFilterChain.java:162) ~[tomcat-embed-core-10.1.55.jar!/:na]
nginx-1    | 172.20.0.13 - - [12/Sep/2026:11:30:48 +0000] "GET /api/admissions/526c1a87e0fd5ef3f5ec7c59feccbcc5ce21070ceb6325445b14019be278a8af HTTP/1.1" 200 568 "-" "k6/0.54.0 (https://k6.io/)"
nginx-1    | 172.20.0.13 - - [12/Sep/2026:11:30:48 +0000] "POST /api/admissions HTTP/1.1" 202 157 "-" "k6/0.54.0 (https://k6.io/)"
nginx-1    | 172.20.0.13 - - [12/Sep/2026:11:30:48 +0000] "GET /api/admissions/0183555c0feb0c0ba247577a5c49d4d6133f0b7469df86d2cac3fb008243064f HTTP/1.1" 200 568 "-" "k6/0.54.0 (https://k6.io/)"
nginx-1    | 172.20.0.13 - - [12/Sep/2026:11:30:49 +0000] "POST /api/admissions HTTP/1.1" 202 157 "-" "k6/0.54.0 (https://k6.io/)"
nginx-1    | 172.20.0.13 - - [12/Sep/2026:11:30:49 +0000] "GET /api/admissions/b73d31db7a083377707c8b34b51908a5395eb395d61aa7a1410ca95d29d3a17d HTTP/1.1" 200 568 "-" "k6/0.54.0 (https://k6.io/)"
payment-1  | 	at org.apache.catalina.core.ApplicationFilterChain.doFilter(ApplicationFilterChain.java:138) ~[tomcat-embed-core-10.1.55.jar!/:na]
payment-1  | 	at org.apache.catalina.core.StandardWrapperValve.invoke(StandardWrapperValve.java:165) ~[tomcat-embed-core-10.1.55.jar!/:na]
payment-1  | 	at org.apache.catalina.core.StandardContextValve.invoke(StandardContextValve.java:88) ~[tomcat-embed-core-10.1.55.jar!/:na]
payment-1  | 	at org.apache.catalina.authenticator.AuthenticatorBase.invoke(AuthenticatorBase.java:492) ~[tomcat-embed-core-10.1.55.jar!/:na]
payment-1  | 	at org.apache.catalina.core.StandardHostValve.invoke(StandardHostValve.java:113) ~[tomcat-embed-core-10.1.55.jar!/:na]
payment-1  | 	at org.apache.catalina.valves.ErrorReportValve.invoke(ErrorReportValve.java:83) ~[tomcat-embed-core-10.1.55.jar!/:na]
payment-1  | 	at org.apache.catalina.core.StandardEngineValve.invoke(StandardEngineValve.java:72) ~[tomcat-embed-core-10.1.55.jar!/:na]
payment-1  | 	at org.apache.catalina.connector.CoyoteAdapter.service(CoyoteAdapter.java:342) ~[tomcat-embed-core-10.1.55.jar!/:na]
payment-1  | 	at org.apache.coyote.http11.Http11Processor.service(Http11Processor.java:399) ~[tomcat-embed-core-10.1.55.jar!/:na]
payment-1  | 	at org.apache.coyote.AbstractProcessorLight.process(AbstractProcessorLight.java:63) ~[tomcat-embed-core-10.1.55.jar!/:na]
payment-1  | 	at org.apache.coyote.AbstractProtocol$ConnectionHandler.process(AbstractProtocol.java:1272) ~[tomcat-embed-core-10.1.55.jar!/:na]
payment-1  | 	at org.apache.tomcat.util.net.NioEndpoint$SocketProcessor.doRun(NioEndpoint.java:1797) ~[tomcat-embed-core-10.1.55.jar!/:na]
payment-1  | 	at org.apache.tomcat.util.net.SocketProcessorBase.run(SocketProcessorBase.java:52) ~[tomcat-embed-core-10.1.55.jar!/:na]
payment-1  | 	at org.apache.tomcat.util.threads.ThreadPoolExecutor.runWorker(ThreadPoolExecutor.java:973) ~[tomcat-embed-core-10.1.55.jar!/:na]
payment-1  | 	at org.apache.tomcat.util.threads.ThreadPoolExecutor$Worker.run(ThreadPoolExecutor.java:491) ~[tomcat-embed-core-10.1.55.jar!/:na]
payment-1  | 	at org.apache.tomcat.util.threads.TaskThread$WrappingRunnable.run(TaskThread.java:63) ~[tomcat-embed-core-10.1.55.jar!/:na]
payment-1  | 	at java.base/java.lang.Thread.run(Unknown Source) ~[na:na]
payment-1  | 
payment-1  | 2026-09-12T11:30:52.567Z  WARN 1 --- [limited-goods] [io-8080-exec-11] o.h.engine.jdbc.spi.SqlExceptionHelper   : SQL Error: 0, SQLState: null
payment-1  | 2026-09-12T11:30:52.567Z ERROR 1 --- [limited-goods] [io-8080-exec-11] o.h.engine.jdbc.spi.SqlExceptionHelper   : HikariPool-1 - Connection is not available, request timed out after 1000ms (total=4, active=4, idle=0, waiting=2)
payment-1  | 2026-09-12T11:30:52.568Z ERROR 1 --- [limited-goods] [io-8080-exec-11] o.a.c.c.C.[.[.[/].[dispatcherServlet]    : Servlet.service() for servlet [dispatcherServlet] in context with path [] threw exception [Request processing failed: org.springframework.transaction.CannotCreateTransactionException: Could not open JPA EntityManager for transaction] with root cause
payment-1  | 
payment-1  | java.sql.SQLTransientConnectionException: HikariPool-1 - Connection is not available, request timed out after 1000ms (total=4, active=4, idle=0, waiting=2)
payment-1  | 	at com.zaxxer.hikari.pool.HikariPool.createTimeoutException(HikariPool.java:714) ~[HikariCP-6.3.3.jar!/:na]
payment-1  | 	at com.zaxxer.hikari.pool.HikariPool.getConnection(HikariPool.java:184) ~[HikariCP-6.3.3.jar!/:na]
payment-1  | 	at com.zaxxer.hikari.pool.HikariPool.getConnection(HikariPool.java:142) ~[HikariCP-6.3.3.jar!/:na]
payment-1  | 	at com.zaxxer.hikari.HikariDataSource.getConnection(HikariDataSource.java:127) ~[HikariCP-6.3.3.jar!/:na]
payment-1  | 	at org.hibernate.engine.jdbc.connections.internal.DatasourceConnectionProviderImpl.getConnection(DatasourceConnectionProviderImpl.java:126) ~[hibernate-core-6.6.53.Final.jar!/:6.6.53.Final]
payment-1  | 	at org.hibernate.internal.NonContextualJdbcConnectionAccess.obtainConnection(NonContextualJdbcConnectionAccess.java:46) ~[hibernate-core-6.6.53.Final.jar!/:6.6.53.Final]
payment-1  | 	at org.hibernate.resource.jdbc.internal.LogicalConnectionManagedImpl.acquireConnectionIfNeeded(LogicalConnectionManagedImpl.java:126) ~[hibernate-core-6.6.53.Final.jar!/:6.6.53.Final]
payment-1  | 	at org.hibernate.resource.jdbc.internal.LogicalConnectionManagedImpl.getPhysicalConnection(LogicalConnectionManagedImpl.java:156) ~[hibernate-core-6.6.53.Final.jar!/:6.6.53.Final]
payment-1  | 	at org.hibernate.resource.jdbc.internal.LogicalConnectionManagedImpl.getConnectionForTransactionManagement(LogicalConnectionManagedImpl.java:286) ~[hibernate-core-6.6.53.Final.jar!/:6.6.53.Final]
payment-1  | 	at org.hibernate.resource.jdbc.internal.LogicalConnectionManagedImpl.begin(LogicalConnectionManagedImpl.java:294) ~[hibernate-core-6.6.53.Final.jar!/:6.6.53.Final]
payment-1  | 	at org.hibernate.resource.transaction.backend.jdbc.internal.JdbcResourceLocalTransactionCoordinatorImpl$TransactionDriverControlImpl.begin(JdbcResourceLocalTransactionCoordinatorImpl.java:232) ~[hibernate-core-6.6.53.Final.jar!/:6.6.53.Final]
payment-1  | 	at org.hibernate.engine.transaction.internal.TransactionImpl.begin(TransactionImpl.java:83) ~[hibernate-core-6.6.53.Final.jar!/:6.6.53.Final]
payment-1  | 	at org.springframework.orm.jpa.vendor.HibernateJpaDialect.beginTransaction(HibernateJpaDialect.java:176) ~[spring-orm-6.2.19.jar!/:6.2.19]
nginx-1    | 172.20.0.13 - - [12/Sep/2026:11:30:49 +0000] "GET /api/admissions/a705a5557f15037465f0eea7dd4d21640345985b8e2ad0dcb6c60876e9a6f15a HTTP/1.1" 200 568 "-" "k6/0.54.0 (https://k6.io/)"
nginx-1    | 172.20.0.13 - - [12/Sep/2026:11:30:49 +0000] "POST /api/admissions HTTP/1.1" 202 157 "-" "k6/0.54.0 (https://k6.io/)"
payment-1  | 	at org.springframework.orm.jpa.JpaTransactionManager.doBegin(JpaTransactionManager.java:421) ~[spring-orm-6.2.19.jar!/:6.2.19]
payment-1  | 	at org.springframework.transaction.support.AbstractPlatformTransactionManager.startTransaction(AbstractPlatformTransactionManager.java:532) ~[spring-tx-6.2.19.jar!/:6.2.19]
payment-1  | 	at org.springframework.transaction.support.AbstractPlatformTransactionManager.getTransaction(AbstractPlatformTransactionManager.java:405) ~[spring-tx-6.2.19.jar!/:6.2.19]
payment-1  | 	at org.springframework.transaction.interceptor.TransactionAspectSupport.createTransactionIfNecessary(TransactionAspectSupport.java:639) ~[spring-tx-6.2.19.jar!/:6.2.19]
payment-1  | 	at org.springframework.transaction.interceptor.TransactionAspectSupport.invokeWithinTransaction(TransactionAspectSupport.java:374) ~[spring-tx-6.2.19.jar!/:6.2.19]
payment-1  | 	at org.springframework.transaction.interceptor.TransactionInterceptor.invoke(TransactionInterceptor.java:119) ~[spring-tx-6.2.19.jar!/:6.2.19]
payment-1  | 	at org.springframework.aop.framework.ReflectiveMethodInvocation.proceed(ReflectiveMethodInvocation.java:184) ~[spring-aop-6.2.19.jar!/:6.2.19]
payment-1  | 	at org.springframework.aop.framework.CglibAopProxy$DynamicAdvisedInterceptor.intercept(CglibAopProxy.java:728) ~[spring-aop-6.2.19.jar!/:6.2.19]
payment-1  | 	at com.limitedgoods.payments.PaymentService$$SpringCGLIB$$0.start(<generated>) ~[!/:0.1.0]
payment-1  | 	at com.limitedgoods.payments.PaymentController.start(PaymentController.java:19) ~[!/:0.1.0]
payment-1  | 	at java.base/jdk.internal.reflect.DirectMethodHandleAccessor.invoke(Unknown Source) ~[na:na]
payment-1  | 	at java.base/java.lang.reflect.Method.invoke(Unknown Source) ~[na:na]
payment-1  | 	at org.springframework.web.method.support.InvocableHandlerMethod.doInvoke(InvocableHandlerMethod.java:258) ~[spring-web-6.2.19.jar!/:6.2.19]
payment-1  | 	at org.springframework.web.method.support.InvocableHandlerMethod.invokeForRequest(InvocableHandlerMethod.java:191) ~[spring-web-6.2.19.jar!/:6.2.19]
payment-1  | 	at org.springframework.web.servlet.mvc.method.annotation.ServletInvocableHandlerMethod.invokeAndHandle(ServletInvocableHandlerMethod.java:118) ~[spring-webmvc-6.2.19.jar!/:6.2.19]
payment-1  | 	at org.springframework.web.servlet.mvc.method.annotation.RequestMappingHandlerAdapter.invokeHandlerMethod(RequestMappingHandlerAdapter.java:991) ~[spring-webmvc-6.2.19.jar!/:6.2.19]
payment-1  | 	at org.springframework.web.servlet.mvc.method.annotation.RequestMappingHandlerAdapter.handleInternal(RequestMappingHandlerAdapter.java:896) ~[spring-webmvc-6.2.19.jar!/:6.2.19]
payment-1  | 	at org.springframework.web.servlet.mvc.method.AbstractHandlerMethodAdapter.handle(AbstractHandlerMethodAdapter.java:87) ~[spring-webmvc-6.2.19.jar!/:6.2.19]
payment-1  | 	at org.springframework.web.servlet.DispatcherServlet.doDispatch(DispatcherServlet.java:1089) ~[spring-webmvc-6.2.19.jar!/:6.2.19]
payment-1  | 	at org.springframework.web.servlet.DispatcherServlet.doService(DispatcherServlet.java:979) ~[spring-webmvc-6.2.19.jar!/:6.2.19]
payment-1  | 	at org.springframework.web.servlet.FrameworkServlet.processRequest(FrameworkServlet.java:1014) ~[spring-webmvc-6.2.19.jar!/:6.2.19]
payment-1  | 	at org.springframework.web.servlet.FrameworkServlet.doPost(FrameworkServlet.java:914) ~[spring-webmvc-6.2.19.jar!/:6.2.19]
payment-1  | 	at jakarta.servlet.http.HttpServlet.service(HttpServlet.java:590) ~[tomcat-embed-core-10.1.55.jar!/:na]
payment-1  | 	at org.springframework.web.servlet.FrameworkServlet.service(FrameworkServlet.java:885) ~[spring-webmvc-6.2.19.jar!/:6.2.19]
payment-1  | 	at jakarta.servlet.http.HttpServlet.service(HttpServlet.java:658) ~[tomcat-embed-core-10.1.55.jar!/:na]
payment-1  | 	at org.apache.catalina.core.ApplicationFilterChain.internalDoFilter(ApplicationFilterChain.java:193) ~[tomcat-embed-core-10.1.55.jar!/:na]
payment-1  | 	at org.apache.catalina.core.ApplicationFilterChain.doFilter(ApplicationFilterChain.java:138) ~[tomcat-embed-core-10.1.55.jar!/:na]
payment-1  | 	at org.apache.tomcat.websocket.server.WsFilter.doFilter(WsFilter.java:51) ~[tomcat-embed-websocket-10.1.55.jar!/:na]
payment-1  | 	at org.apache.catalina.core.ApplicationFilterChain.internalDoFilter(ApplicationFilterChain.java:162) ~[tomcat-embed-core-10.1.55.jar!/:na]
payment-1  | 	at org.apache.catalina.core.ApplicationFilterChain.doFilter(ApplicationFilterChain.java:138) ~[tomcat-embed-core-10.1.55.jar!/:na]
payment-1  | 	at org.springframework.web.filter.RequestContextFilter.doFilterInternal(RequestContextFilter.java:100) ~[spring-web-6.2.19.jar!/:6.2.19]
payment-1  | 	at org.springframework.web.filter.OncePerRequestFilter.doFilter(OncePerRequestFilter.java:116) ~[spring-web-6.2.19.jar!/:6.2.19]
payment-1  | 	at org.apache.catalina.core.ApplicationFilterChain.internalDoFilter(ApplicationFilterChain.java:162) ~[tomcat-embed-core-10.1.55.jar!/:na]
payment-1  | 	at org.apache.catalina.core.ApplicationFilterChain.doFilter(ApplicationFilterChain.java:138) ~[tomcat-embed-core-10.1.55.jar!/:na]
payment-1  | 	at org.springframework.web.filter.FormContentFilter.doFilterInternal(FormContentFilter.java:93) ~[spring-web-6.2.19.jar!/:6.2.19]
payment-1  | 	at org.springframework.web.filter.OncePerRequestFilter.doFilter(OncePerRequestFilter.java:116) ~[spring-web-6.2.19.jar!/:6.2.19]
payment-1  | 	at org.apache.catalina.core.ApplicationFilterChain.internalDoFilter(ApplicationFilterChain.java:162) ~[tomcat-embed-core-10.1.55.jar!/:na]
payment-1  | 	at org.apache.catalina.core.ApplicationFilterChain.doFilter(ApplicationFilterChain.java:138) ~[tomcat-embed-core-10.1.55.jar!/:na]
payment-1  | 	at org.springframework.web.filter.ServerHttpObservationFilter.doFilterInternal(ServerHttpObservationFilter.java:110) ~[spring-web-6.2.19.jar!/:6.2.19]
payment-1  | 	at org.springframework.web.filter.OncePerRequestFilter.doFilter(OncePerRequestFilter.java:116) ~[spring-web-6.2.19.jar!/:6.2.19]
payment-1  | 	at org.apache.catalina.core.ApplicationFilterChain.internalDoFilter(ApplicationFilterChain.java:162) ~[tomcat-embed-core-10.1.55.jar!/:na]
payment-1  | 	at org.apache.catalina.core.ApplicationFilterChain.doFilter(ApplicationFilterChain.java:138) ~[tomcat-embed-core-10.1.55.jar!/:na]
payment-1  | 	at org.springframework.web.filter.CharacterEncodingFilter.doFilterInternal(CharacterEncodingFilter.java:201) ~[spring-web-6.2.19.jar!/:6.2.19]
payment-1  | 	at org.springframework.web.filter.OncePerRequestFilter.doFilter(OncePerRequestFilter.java:116) ~[spring-web-6.2.19.jar!/:6.2.19]
payment-1  | 	at org.apache.catalina.core.ApplicationFilterChain.internalDoFilter(ApplicationFilterChain.java:162) ~[tomcat-embed-core-10.1.55.jar!/:na]
payment-1  | 	at org.apache.catalina.core.ApplicationFilterChain.doFilter(ApplicationFilterChain.java:138) ~[tomcat-embed-core-10.1.55.jar!/:na]
payment-1  | 	at org.apache.catalina.core.StandardWrapperValve.invoke(StandardWrapperValve.java:165) ~[tomcat-embed-core-10.1.55.jar!/:na]
payment-1  | 	at org.apache.catalina.core.StandardContextValve.invoke(StandardContextValve.java:88) ~[tomcat-embed-core-10.1.55.jar!/:na]
payment-1  | 	at org.apache.catalina.authenticator.AuthenticatorBase.invoke(AuthenticatorBase.java:492) ~[tomcat-embed-core-10.1.55.jar!/:na]
payment-1  | 	at org.apache.catalina.core.StandardHostValve.invoke(StandardHostValve.java:113) ~[tomcat-embed-core-10.1.55.jar!/:na]
payment-1  | 	at org.apache.catalina.valves.ErrorReportValve.invoke(ErrorReportValve.java:83) ~[tomcat-embed-core-10.1.55.jar!/:na]
payment-1  | 	at org.apache.catalina.core.StandardEngineValve.invoke(StandardEngineValve.java:72) ~[tomcat-embed-core-10.1.55.jar!/:na]
payment-1  | 	at org.apache.catalina.connector.CoyoteAdapter.service(CoyoteAdapter.java:342) ~[tomcat-embed-core-10.1.55.jar!/:na]
payment-1  | 	at org.apache.coyote.http11.Http11Processor.service(Http11Processor.java:399) ~[tomcat-embed-core-10.1.55.jar!/:na]
payment-1  | 	at org.apache.coyote.AbstractProcessorLight.process(AbstractProcessorLight.java:63) ~[tomcat-embed-core-10.1.55.jar!/:na]
payment-1  | 	at org.apache.coyote.AbstractProtocol$ConnectionHandler.process(AbstractProtocol.java:1272) ~[tomcat-embed-core-10.1.55.jar!/:na]
payment-1  | 	at org.apache.tomcat.util.net.NioEndpoint$SocketProcessor.doRun(NioEndpoint.java:1797) ~[tomcat-embed-core-10.1.55.jar!/:na]
payment-1  | 	at org.apache.tomcat.util.net.SocketProcessorBase.run(SocketProcessorBase.java:52) ~[tomcat-embed-core-10.1.55.jar!/:na]
payment-1  | 	at org.apache.tomcat.util.threads.ThreadPoolExecutor.runWorker(ThreadPoolExecutor.java:973) ~[tomcat-embed-core-10.1.55.jar!/:na]
payment-1  | 	at org.apache.tomcat.util.threads.ThreadPoolExecutor$Worker.run(ThreadPoolExecutor.java:491) ~[tomcat-embed-core-10.1.55.jar!/:na]
payment-1  | 	at org.apache.tomcat.util.threads.TaskThread$WrappingRunnable.run(TaskThread.java:63) ~[tomcat-embed-core-10.1.55.jar!/:na]
payment-1  | 	at java.base/java.lang.Thread.run(Unknown Source) ~[na:na]
payment-1  | 
payment-1  | 2026-09-12T11:30:53.066Z  WARN 1 --- [limited-goods] [io-8080-exec-12] o.h.engine.jdbc.spi.SqlExceptionHelper   : SQL Error: 0, SQLState: null
payment-1  | 2026-09-12T11:30:53.067Z ERROR 1 --- [limited-goods] [io-8080-exec-12] o.h.engine.jdbc.spi.SqlExceptionHelper   : HikariPool-1 - Connection is not available, request timed out after 1097ms (total=4, active=4, idle=0, waiting=2)
payment-1  | 2026-09-12T11:30:53.067Z ERROR 1 --- [limited-goods] [io-8080-exec-12] o.a.c.c.C.[.[.[/].[dispatcherServlet]    : Servlet.service() for servlet [dispatcherServlet] in context with path [] threw exception [Request processing failed: org.springframework.transaction.CannotCreateTransactionException: Could not open JPA EntityManager for transaction] with root cause
payment-1  | 
payment-1  | java.sql.SQLTransientConnectionException: HikariPool-1 - Connection is not available, request timed out after 1097ms (total=4, active=4, idle=0, waiting=2)
payment-1  | 	at com.zaxxer.hikari.pool.HikariPool.createTimeoutException(HikariPool.java:714) ~[HikariCP-6.3.3.jar!/:na]
payment-1  | 	at com.zaxxer.hikari.pool.HikariPool.getConnection(HikariPool.java:184) ~[HikariCP-6.3.3.jar!/:na]
payment-1  | 	at com.zaxxer.hikari.pool.HikariPool.getConnection(HikariPool.java:142) ~[HikariCP-6.3.3.jar!/:na]
payment-1  | 	at com.zaxxer.hikari.HikariDataSource.getConnection(HikariDataSource.java:127) ~[HikariCP-6.3.3.jar!/:na]
payment-1  | 	at org.hibernate.engine.jdbc.connections.internal.DatasourceConnectionProviderImpl.getConnection(DatasourceConnectionProviderImpl.java:126) ~[hibernate-core-6.6.53.Final.jar!/:6.6.53.Final]
payment-1  | 	at org.hibernate.internal.NonContextualJdbcConnectionAccess.obtainConnection(NonContextualJdbcConnectionAccess.java:46) ~[hibernate-core-6.6.53.Final.jar!/:6.6.53.Final]
payment-1  | 	at org.hibernate.resource.jdbc.internal.LogicalConnectionManagedImpl.acquireConnectionIfNeeded(LogicalConnectionManagedImpl.java:126) ~[hibernate-core-6.6.53.Final.jar!/:6.6.53.Final]
payment-1  | 	at org.hibernate.resource.jdbc.internal.LogicalConnectionManagedImpl.getPhysicalConnection(LogicalConnectionManagedImpl.java:156) ~[hibernate-core-6.6.53.Final.jar!/:6.6.53.Final]
payment-1  | 	at org.hibernate.resource.jdbc.internal.LogicalConnectionManagedImpl.getConnectionForTransactionManagement(LogicalConnectionManagedImpl.java:286) ~[hibernate-core-6.6.53.Final.jar!/:6.6.53.Final]
payment-1  | 	at org.hibernate.resource.jdbc.internal.LogicalConnectionManagedImpl.begin(LogicalConnectionManagedImpl.java:294) ~[hibernate-core-6.6.53.Final.jar!/:6.6.53.Final]
payment-1  | 	at org.hibernate.resource.transaction.backend.jdbc.internal.JdbcResourceLocalTransactionCoordinatorImpl$TransactionDriverControlImpl.begin(JdbcResourceLocalTransactionCoordinatorImpl.java:232) ~[hibernate-core-6.6.53.Final.jar!/:6.6.53.Final]
payment-1         | 	at org.hibernate.engine.transaction.internal.TransactionImpl.begin(TransactionImpl.java:83) ~[hibernate-core-6.6.53.Final.jar!/:6.6.53.Final]
payment-1         | 	at org.springframework.orm.jpa.vendor.HibernateJpaDialect.beginTransaction(HibernateJpaDialect.java:176) ~[spring-orm-6.2.19.jar!/:6.2.19]
payment-1         | 	at org.springframework.orm.jpa.JpaTransactionManager.doBegin(JpaTransactionManager.java:421) ~[spring-orm-6.2.19.jar!/:6.2.19]
payment-1         | 	at org.springframework.transaction.support.AbstractPlatformTransactionManager.startTransaction(AbstractPlatformTransactionManager.java:532) ~[spring-tx-6.2.19.jar!/:6.2.19]
payment-1         | 	at org.springframework.transaction.support.AbstractPlatformTransactionManager.getTransaction(AbstractPlatformTransactionManager.java:405) ~[spring-tx-6.2.19.jar!/:6.2.19]
payment-1         | 	at org.springframework.transaction.interceptor.TransactionAspectSupport.createTransactionIfNecessary(TransactionAspectSupport.java:639) ~[spring-tx-6.2.19.jar!/:6.2.19]
payment-1         | 	at org.springframework.transaction.interceptor.TransactionAspectSupport.invokeWithinTransaction(TransactionAspectSupport.java:374) ~[spring-tx-6.2.19.jar!/:6.2.19]
payment-1         | 	at org.springframework.transaction.interceptor.TransactionInterceptor.invoke(TransactionInterceptor.java:119) ~[spring-tx-6.2.19.jar!/:6.2.19]
payment-1         | 	at org.springframework.aop.framework.ReflectiveMethodInvocation.proceed(ReflectiveMethodInvocation.java:184) ~[spring-aop-6.2.19.jar!/:6.2.19]
payment-1         | 	at org.springframework.aop.framework.CglibAopProxy$DynamicAdvisedInterceptor.intercept(CglibAopProxy.java:728) ~[spring-aop-6.2.19.jar!/:6.2.19]
payment-1         | 	at com.limitedgoods.payments.PaymentService$$SpringCGLIB$$0.start(<generated>) ~[!/:0.1.0]
checkout-nginx-1  | 172.20.0.13 - - [12/Sep/2026:11:30:48 +0000] "POST /api/purchases HTTP/1.1" 201 261 "-" "k6/0.54.0 (https://k6.io/)"
checkout-nginx-1  | 172.20.0.13 - - [12/Sep/2026:11:30:48 +0000] "POST /api/purchases HTTP/1.1" 201 261 "-" "k6/0.54.0 (https://k6.io/)"
checkout-nginx-1  | 172.20.0.13 - - [12/Sep/2026:11:30:48 +0000] "POST /api/purchases HTTP/1.1" 201 261 "-" "k6/0.54.0 (https://k6.io/)"
checkout-nginx-1  | 172.20.0.13 - - [12/Sep/2026:11:30:49 +0000] "POST /api/purchases HTTP/1.1" 201 261 "-" "k6/0.54.0 (https://k6.io/)"
checkout-nginx-1  | 172.20.0.13 - - [12/Sep/2026:11:30:49 +0000] "POST /api/purchases HTTP/1.1" 201 261 "-" "k6/0.54.0 (https://k6.io/)"
checkout-nginx-1  | 172.20.0.13 - - [12/Sep/2026:11:30:49 +0000] "POST /api/purchases HTTP/1.1" 201 261 "-" "k6/0.54.0 (https://k6.io/)"
checkout-nginx-1  | 172.20.0.13 - - [12/Sep/2026:11:30:49 +0000] "POST /api/purchases HTTP/1.1" 201 261 "-" "k6/0.54.0 (https://k6.io/)"
checkout-nginx-1  | 172.20.0.13 - - [12/Sep/2026:11:30:49 +0000] "POST /api/purchases HTTP/1.1" 201 261 "-" "k6/0.54.0 (https://k6.io/)"
checkout-nginx-1  | 172.20.0.13 - - [12/Sep/2026:11:30:50 +0000] "POST /api/purchases HTTP/1.1" 201 261 "-" "k6/0.54.0 (https://k6.io/)"
checkout-nginx-1  | 172.20.0.13 - - [12/Sep/2026:11:30:50 +0000] "POST /api/purchases HTTP/1.1" 201 261 "-" "k6/0.54.0 (https://k6.io/)"
checkout-nginx-1  | 172.20.0.13 - - [12/Sep/2026:11:30:51 +0000] "POST /api/purchases HTTP/1.1" 201 261 "-" "k6/0.54.0 (https://k6.io/)"
checkout-nginx-1  | 172.20.0.13 - - [12/Sep/2026:11:30:51 +0000] "POST /api/purchases HTTP/1.1" 201 261 "-" "k6/0.54.0 (https://k6.io/)"
checkout-nginx-1  | 172.20.0.13 - - [12/Sep/2026:11:30:51 +0000] "POST /api/orders/099ea176-8c59-4d5a-b52a-d14bbdfd4ce4/payments HTTP/1.1" 500 168 "-" "k6/0.54.0 (https://k6.io/)"
checkout-nginx-1  | 172.20.0.13 - - [12/Sep/2026:11:30:51 +0000] "POST /api/orders/772bc93e-6af2-4dc8-9e13-92566a09814e/payments HTTP/1.1" 500 168 "-" "k6/0.54.0 (https://k6.io/)"
checkout-nginx-1  | 172.20.0.13 - - [12/Sep/2026:11:30:51 +0000] "POST /api/orders/0ca63df6-a45e-40c5-88c1-f63149e2de7d/payments HTTP/1.1" 500 168 "-" "k6/0.54.0 (https://k6.io/)"
checkout-nginx-1  | 172.20.0.13 - - [12/Sep/2026:11:30:51 +0000] "POST /api/orders/663aadcf-9d11-4657-ac35-8b9add25e214/payments HTTP/1.1" 500 168 "-" "k6/0.54.0 (https://k6.io/)"
checkout-nginx-1  | 172.20.0.13 - - [12/Sep/2026:11:30:51 +0000] "POST /api/orders/ba4b848d-4b61-4363-b895-0ad14d3f5f6f/payments HTTP/1.1" 500 168 "-" "k6/0.54.0 (https://k6.io/)"
checkout-nginx-1  | 172.20.0.13 - - [12/Sep/2026:11:30:52 +0000] "POST /api/orders/3a63c7e5-02b1-430d-84c1-42f97df20a7a/payments HTTP/1.1" 500 168 "-" "k6/0.54.0 (https://k6.io/)"
checkout-nginx-1  | 172.20.0.13 - - [12/Sep/2026:11:30:52 +0000] "POST /api/purchases HTTP/1.1" 201 261 "-" "k6/0.54.0 (https://k6.io/)"
checkout-nginx-1  | 172.20.0.13 - - [12/Sep/2026:11:30:52 +0000] "POST /api/orders/dcd72355-b250-4c60-987f-cbc9151ed750/payments HTTP/1.1" 500 168 "-" "k6/0.54.0 (https://k6.io/)"
checkout-nginx-1  | 172.20.0.13 - - [12/Sep/2026:11:30:52 +0000] "POST /api/purchases HTTP/1.1" 201 261 "-" "k6/0.54.0 (https://k6.io/)"
checkout-nginx-1  | 172.20.0.13 - - [12/Sep/2026:11:30:53 +0000] "POST /api/orders/4fca5c1f-2694-4e8c-bcdd-a6545da34e60/payments HTTP/1.1" 500 168 "-" "k6/0.54.0 (https://k6.io/)"
checkout-nginx-1  | 172.20.0.13 - - [12/Sep/2026:11:30:53 +0000] "POST /api/purchases HTTP/1.1" 201 261 "-" "k6/0.54.0 (https://k6.io/)"
checkout-nginx-1  | 172.20.0.13 - - [12/Sep/2026:11:30:53 +0000] "POST /api/orders/36600bc3-2211-4662-98e4-3a3eeeb3d0e5/payments HTTP/1.1" 500 168 "-" "k6/0.54.0 (https://k6.io/)"
checkout-nginx-1  | 172.20.0.13 - - [12/Sep/2026:11:30:53 +0000] "POST /api/orders/b755e3b1-6638-4067-b850-6c015fbd61d1/payments HTTP/1.1" 499 0 "-" "k6/0.54.0 (https://k6.io/)"
checkout-nginx-1  | 172.20.0.13 - - [12/Sep/2026:11:30:53 +0000] "POST /api/orders/cce5429f-93f0-4edd-a906-f68ba157783a/payments HTTP/1.1" 499 0 "-" "k6/0.54.0 (https://k6.io/)"
checkout-nginx-1  | 172.20.0.13 - - [12/Sep/2026:11:30:53 +0000] "POST /api/orders/6761cc42-fb4b-4a1f-b8c6-ee1eb997e9c3/payments HTTP/1.1" 500 168 "-" "k6/0.54.0 (https://k6.io/)"
checkout-nginx-1  | 172.20.0.13 - - [12/Sep/2026:11:30:54 +0000] "POST /api/purchases HTTP/1.1" 201 261 "-" "k6/0.54.0 (https://k6.io/)"
checkout-nginx-1  | 172.20.0.13 - - [12/Sep/2026:11:30:54 +0000] "POST /api/orders/4a780652-4c66-4e6c-840c-4734db18392e/payments HTTP/1.1" 499 0 "-" "k6/0.54.0 (https://k6.io/)"
checkout-nginx-1  | 172.20.0.13 - - [12/Sep/2026:11:30:54 +0000] "POST /api/orders/f424e197-0b6f-4e86-9f11-8ca3b0f6d575/payments HTTP/1.1" 499 0 "-" "k6/0.54.0 (https://k6.io/)"
checkout-nginx-1  | 172.20.0.13 - - [12/Sep/2026:11:30:54 +0000] "POST /api/purchases HTTP/1.1" 201 261 "-" "k6/0.54.0 (https://k6.io/)"
checkout-nginx-1  | 172.20.0.13 - - [12/Sep/2026:11:30:54 +0000] "POST /api/orders/d1a4374b-3f4b-4712-a565-d578c0d770ba/payments HTTP/1.1" 500 168 "-" "k6/0.54.0 (https://k6.io/)"
checkout-nginx-1  | 172.20.0.13 - - [12/Sep/2026:11:30:54 +0000] "POST /api/purchases HTTP/1.1" 201 261 "-" "k6/0.54.0 (https://k6.io/)"
checkout-nginx-1  | 172.20.0.13 - - [12/Sep/2026:11:30:55 +0000] "POST /api/orders/b755e3b1-6638-4067-b850-6c015fbd61d1/payments HTTP/1.1" 500 168 "-" "k6/0.54.0 (https://k6.io/)"
checkout-nginx-1  | 172.20.0.13 - - [12/Sep/2026:11:30:55 +0000] "POST /api/orders/116e8228-b123-4603-985a-fe693cd67e1b/payments HTTP/1.1" 500 168 "-" "k6/0.54.0 (https://k6.io/)"
checkout-nginx-1  | 172.20.0.13 - - [12/Sep/2026:11:30:55 +0000] "POST /api/orders/f424e197-0b6f-4e86-9f11-8ca3b0f6d575/payments HTTP/1.1" 500 168 "-" "k6/0.54.0 (https://k6.io/)"
checkout-nginx-1  | 172.20.0.13 - - [12/Sep/2026:11:30:55 +0000] "POST /api/orders/4a780652-4c66-4e6c-840c-4734db18392e/payments HTTP/1.1" 500 168 "-" "k6/0.54.0 (https://k6.io/)"
checkout-nginx-1  | 172.20.0.13 - - [12/Sep/2026:11:30:55 +0000] "POST /api/orders/cce5429f-93f0-4edd-a906-f68ba157783a/payments HTTP/1.1" 500 168 "-" "k6/0.54.0 (https://k6.io/)"
checkout-nginx-1  | 172.20.0.13 - - [12/Sep/2026:11:30:55 +0000] "POST /api/purchases HTTP/1.1" 201 261 "-" "k6/0.54.0 (https://k6.io/)"
checkout-nginx-1  | 172.20.0.13 - - [12/Sep/2026:11:30:55 +0000] "POST /api/orders/0b062ca5-9098-4f9e-9f69-7c372109fdda/payments HTTP/1.1" 500 168 "-" "k6/0.54.0 (https://k6.io/)"
checkout-nginx-1  | 172.20.0.13 - - [12/Sep/2026:11:30:55 +0000] "POST /api/orders/6f754d1c-bd50-4df2-99c2-33c4fc9bac85/payments HTTP/1.1" 500 168 "-" "k6/0.54.0 (https://k6.io/)"
checkout-nginx-1  | 172.20.0.13 - - [12/Sep/2026:11:30:55 +0000] "POST /api/purchases HTTP/1.1" 201 261 "-" "k6/0.54.0 (https://k6.io/)"
payment-1         | 	at com.limitedgoods.payments.PaymentController.start(PaymentController.java:19) ~[!/:0.1.0]
payment-1         | 	at java.base/jdk.internal.reflect.DirectMethodHandleAccessor.invoke(Unknown Source) ~[na:na]
payment-1         | 	at java.base/java.lang.reflect.Method.invoke(Unknown Source) ~[na:na]
payment-1         | 	at org.springframework.web.method.support.InvocableHandlerMethod.doInvoke(InvocableHandlerMethod.java:258) ~[spring-web-6.2.19.jar!/:6.2.19]
payment-1         | 	at org.springframework.web.method.support.InvocableHandlerMethod.invokeForRequest(InvocableHandlerMethod.java:191) ~[spring-web-6.2.19.jar!/:6.2.19]
payment-1         | 	at org.springframework.web.servlet.mvc.method.annotation.ServletInvocableHandlerMethod.invokeAndHandle(ServletInvocableHandlerMethod.java:118) ~[spring-webmvc-6.2.19.jar!/:6.2.19]
payment-1         | 	at org.springframework.web.servlet.mvc.method.annotation.RequestMappingHandlerAdapter.invokeHandlerMethod(RequestMappingHandlerAdapter.java:991) ~[spring-webmvc-6.2.19.jar!/:6.2.19]
payment-1         | 	at org.springframework.web.servlet.mvc.method.annotation.RequestMappingHandlerAdapter.handleInternal(RequestMappingHandlerAdapter.java:896) ~[spring-webmvc-6.2.19.jar!/:6.2.19]
payment-1         | 	at org.springframework.web.servlet.mvc.method.AbstractHandlerMethodAdapter.handle(AbstractHandlerMethodAdapter.java:87) ~[spring-webmvc-6.2.19.jar!/:6.2.19]
payment-1         | 	at org.springframework.web.servlet.DispatcherServlet.doDispatch(DispatcherServlet.java:1089) ~[spring-webmvc-6.2.19.jar!/:6.2.19]
payment-1         | 	at org.springframework.web.servlet.DispatcherServlet.doService(DispatcherServlet.java:979) ~[spring-webmvc-6.2.19.jar!/:6.2.19]
payment-1         | 	at org.springframework.web.servlet.FrameworkServlet.processRequest(FrameworkServlet.java:1014) ~[spring-webmvc-6.2.19.jar!/:6.2.19]
payment-1         | 	at org.springframework.web.servlet.FrameworkServlet.doPost(FrameworkServlet.java:914) ~[spring-webmvc-6.2.19.jar!/:6.2.19]
payment-1         | 	at jakarta.servlet.http.HttpServlet.service(HttpServlet.java:590) ~[tomcat-embed-core-10.1.55.jar!/:na]
payment-1         | 	at org.springframework.web.servlet.FrameworkServlet.service(FrameworkServlet.java:885) ~[spring-webmvc-6.2.19.jar!/:6.2.19]
payment-1         | 	at jakarta.servlet.http.HttpServlet.service(HttpServlet.java:658) ~[tomcat-embed-core-10.1.55.jar!/:na]
checkout-nginx-1  | 172.20.0.13 - - [12/Sep/2026:11:30:56 +0000] "POST /api/orders/2d5b7660-19f7-472e-a553-37e65b965a56/payments HTTP/1.1" 202 96 "-" "k6/0.54.0 (https://k6.io/)"
checkout-nginx-1  | 172.20.0.13 - - [12/Sep/2026:11:30:56 +0000] "POST /api/orders/8d8e7cba-ee09-4124-a201-5d967ec6aa3e/payments HTTP/1.1" 202 96 "-" "k6/0.54.0 (https://k6.io/)"
checkout-nginx-1  | 172.20.0.13 - - [12/Sep/2026:11:30:56 +0000] "POST /api/purchases HTTP/1.1" 201 261 "-" "k6/0.54.0 (https://k6.io/)"
checkout-nginx-1  | 172.20.0.13 - - [12/Sep/2026:11:30:56 +0000] "POST /api/purchases HTTP/1.1" 201 261 "-" "k6/0.54.0 (https://k6.io/)"
checkout-nginx-1  | 172.20.0.13 - - [12/Sep/2026:11:30:56 +0000] "POST /api/orders/f0291371-05a5-4bb3-9a7e-5397685f6383/payments HTTP/1.1" 202 96 "-" "k6/0.54.0 (https://k6.io/)"
checkout-nginx-1  | 172.20.0.13 - - [12/Sep/2026:11:30:56 +0000] "POST /api/orders/e92c3b47-e48c-4afd-a311-ca8ee6dbc817/payments HTTP/1.1" 202 96 "-" "k6/0.54.0 (https://k6.io/)"
checkout-nginx-1  | 172.20.0.13 - - [12/Sep/2026:11:30:56 +0000] "POST /api/purchases HTTP/1.1" 201 261 "-" "k6/0.54.0 (https://k6.io/)"
checkout-nginx-1  | 172.20.0.13 - - [12/Sep/2026:11:30:56 +0000] "POST /api/orders/c0d2c149-995b-4e46-b4aa-178979a2ddfd/payments HTTP/1.1" 202 96 "-" "k6/0.54.0 (https://k6.io/)"
payment-1         | 	at org.apache.catalina.core.ApplicationFilterChain.internalDoFilter(ApplicationFilterChain.java:193) ~[tomcat-embed-core-10.1.55.jar!/:na]
payment-1         | 	at org.apache.catalina.core.ApplicationFilterChain.doFilter(ApplicationFilterChain.java:138) ~[tomcat-embed-core-10.1.55.jar!/:na]
payment-1         | 	at org.apache.tomcat.websocket.server.WsFilter.doFilter(WsFilter.java:51) ~[tomcat-embed-websocket-10.1.55.jar!/:na]
payment-1         | 	at org.apache.catalina.core.ApplicationFilterChain.internalDoFilter(ApplicationFilterChain.java:162) ~[tomcat-embed-core-10.1.55.jar!/:na]
payment-1         | 	at org.apache.catalina.core.ApplicationFilterChain.doFilter(ApplicationFilterChain.java:138) ~[tomcat-embed-core-10.1.55.jar!/:na]
checkout-nginx-1  | 172.20.0.13 - - [12/Sep/2026:11:30:57 +0000] "POST /api/purchases HTTP/1.1" 201 261 "-" "k6/0.54.0 (https://k6.io/)"
checkout-nginx-1  | 172.20.0.13 - - [12/Sep/2026:11:30:57 +0000] "POST /api/purchases HTTP/1.1" 201 261 "-" "k6/0.54.0 (https://k6.io/)"
checkout-nginx-1  | 172.20.0.13 - - [12/Sep/2026:11:30:57 +0000] "POST /api/orders/ecaced9f-2f0e-45a0-9783-46ccca44b69b/payments HTTP/1.1" 202 96 "-" "k6/0.54.0 (https://k6.io/)"
checkout-nginx-1  | 172.20.0.13 - - [12/Sep/2026:11:30:57 +0000] "POST /api/orders/f24bc5b7-4c81-4a88-8c1e-5442cb19364d/payments HTTP/1.1" 202 96 "-" "k6/0.54.0 (https://k6.io/)"
checkout-nginx-1  | 172.20.0.13 - - [12/Sep/2026:11:30:57 +0000] "POST /api/purchases HTTP/1.1" 201 261 "-" "k6/0.54.0 (https://k6.io/)"
checkout-nginx-1  | 172.20.0.13 - - [12/Sep/2026:11:30:57 +0000] "POST /api/orders/94534564-6228-4fee-b045-35167b0f279f/payments HTTP/1.1" 202 96 "-" "k6/0.54.0 (https://k6.io/)"
checkout-nginx-1  | 172.20.0.13 - - [12/Sep/2026:11:30:57 +0000] "POST /api/purchases HTTP/1.1" 201 261 "-" "k6/0.54.0 (https://k6.io/)"
checkout-nginx-1  | 172.20.0.13 - - [12/Sep/2026:11:30:57 +0000] "POST /api/orders/3e405ac6-024e-4af6-9cee-df38ca9ce4f5/payments HTTP/1.1" 202 96 "-" "k6/0.54.0 (https://k6.io/)"
checkout-nginx-1  | 172.20.0.13 - - [12/Sep/2026:11:30:57 +0000] "POST /api/purchases HTTP/1.1" 201 261 "-" "k6/0.54.0 (https://k6.io/)"
checkout-nginx-1  | 172.20.0.13 - - [12/Sep/2026:11:30:57 +0000] "POST /api/orders/7f3dac1e-ce5d-48ad-87fc-abc48b8646fd/payments HTTP/1.1" 202 96 "-" "k6/0.54.0 (https://k6.io/)"
payment-1         | 	at org.springframework.web.filter.RequestContextFilter.doFilterInternal(RequestContextFilter.java:100) ~[spring-web-6.2.19.jar!/:6.2.19]
payment-1         | 	at org.springframework.web.filter.OncePerRequestFilter.doFilter(OncePerRequestFilter.java:116) ~[spring-web-6.2.19.jar!/:6.2.19]
payment-1         | 	at org.apache.catalina.core.ApplicationFilterChain.internalDoFilter(ApplicationFilterChain.java:162) ~[tomcat-embed-core-10.1.55.jar!/:na]
payment-1         | 	at org.apache.catalina.core.ApplicationFilterChain.doFilter(ApplicationFilterChain.java:138) ~[tomcat-embed-core-10.1.55.jar!/:na]
payment-1         | 	at org.springframework.web.filter.FormContentFilter.doFilterInternal(FormContentFilter.java:93) ~[spring-web-6.2.19.jar!/:6.2.19]
payment-1         | 	at org.springframework.web.filter.OncePerRequestFilter.doFilter(OncePerRequestFilter.java:116) ~[spring-web-6.2.19.jar!/:6.2.19]
payment-1         | 	at org.apache.catalina.core.ApplicationFilterChain.internalDoFilter(ApplicationFilterChain.java:162) ~[tomcat-embed-core-10.1.55.jar!/:na]
payment-1         | 	at org.apache.catalina.core.ApplicationFilterChain.doFilter(ApplicationFilterChain.java:138) ~[tomcat-embed-core-10.1.55.jar!/:na]
payment-1         | 	at org.springframework.web.filter.ServerHttpObservationFilter.doFilterInternal(ServerHttpObservationFilter.java:110) ~[spring-web-6.2.19.jar!/:6.2.19]
payment-1         | 	at org.springframework.web.filter.OncePerRequestFilter.doFilter(OncePerRequestFilter.java:116) ~[spring-web-6.2.19.jar!/:6.2.19]
payment-1         | 	at org.apache.catalina.core.ApplicationFilterChain.internalDoFilter(ApplicationFilterChain.java:162) ~[tomcat-embed-core-10.1.55.jar!/:na]
payment-1         | 	at org.apache.catalina.core.ApplicationFilterChain.doFilter(ApplicationFilterChain.java:138) ~[tomcat-embed-core-10.1.55.jar!/:na]
payment-1         | 	at org.springframework.web.filter.CharacterEncodingFilter.doFilterInternal(CharacterEncodingFilter.java:201) ~[spring-web-6.2.19.jar!/:6.2.19]
payment-1         | 	at org.springframework.web.filter.OncePerRequestFilter.doFilter(OncePerRequestFilter.java:116) ~[spring-web-6.2.19.jar!/:6.2.19]
payment-1         | 	at org.apache.catalina.core.ApplicationFilterChain.internalDoFilter(ApplicationFilterChain.java:162) ~[tomcat-embed-core-10.1.55.jar!/:na]
payment-1         | 	at org.apache.catalina.core.ApplicationFilterChain.doFilter(ApplicationFilterChain.java:138) ~[tomcat-embed-core-10.1.55.jar!/:na]
payment-1         | 	at org.apache.catalina.core.StandardWrapperValve.invoke(StandardWrapperValve.java:165) ~[tomcat-embed-core-10.1.55.jar!/:na]
payment-1         | 	at org.apache.catalina.core.StandardContextValve.invoke(StandardContextValve.java:88) ~[tomcat-embed-core-10.1.55.jar!/:na]
payment-1         | 	at org.apache.catalina.authenticator.AuthenticatorBase.invoke(AuthenticatorBase.java:492) ~[tomcat-embed-core-10.1.55.jar!/:na]
payment-1         | 	at org.apache.catalina.core.StandardHostValve.invoke(StandardHostValve.java:113) ~[tomcat-embed-core-10.1.55.jar!/:na]
payment-1         | 	at org.apache.catalina.valves.ErrorReportValve.invoke(ErrorReportValve.java:83) ~[tomcat-embed-core-10.1.55.jar!/:na]
payment-1         | 	at org.apache.catalina.core.StandardEngineValve.invoke(StandardEngineValve.java:72) ~[tomcat-embed-core-10.1.55.jar!/:na]
payment-1         | 	at org.apache.catalina.connector.CoyoteAdapter.service(CoyoteAdapter.java:342) ~[tomcat-embed-core-10.1.55.jar!/:na]
payment-1         | 	at org.apache.coyote.http11.Http11Processor.service(Http11Processor.java:399) ~[tomcat-embed-core-10.1.55.jar!/:na]
payment-1         | 	at org.apache.coyote.AbstractProcessorLight.process(AbstractProcessorLight.java:63) ~[tomcat-embed-core-10.1.55.jar!/:na]
payment-1         | 	at org.apache.coyote.AbstractProtocol$ConnectionHandler.process(AbstractProtocol.java:1272) ~[tomcat-embed-core-10.1.55.jar!/:na]
payment-1         | 	at org.apache.tomcat.util.net.NioEndpoint$SocketProcessor.doRun(NioEndpoint.java:1797) ~[tomcat-embed-core-10.1.55.jar!/:na]
payment-1         | 	at org.apache.tomcat.util.net.SocketProcessorBase.run(SocketProcessorBase.java:52) ~[tomcat-embed-core-10.1.55.jar!/:na]
payment-1         | 	at org.apache.tomcat.util.threads.ThreadPoolExecutor.runWorker(ThreadPoolExecutor.java:973) ~[tomcat-embed-core-10.1.55.jar!/:na]
payment-1         | 	at org.apache.tomcat.util.threads.ThreadPoolExecutor$Worker.run(ThreadPoolExecutor.java:491) ~[tomcat-embed-core-10.1.55.jar!/:na]
payment-1         | 	at org.apache.tomcat.util.threads.TaskThread$WrappingRunnable.run(TaskThread.java:63) ~[tomcat-embed-core-10.1.55.jar!/:na]
payment-1         | 	at java.base/java.lang.Thread.run(Unknown Source) ~[na:na]
payment-1         | 
payment-1         | 2026-09-12T11:30:53.467Z  WARN 1 --- [limited-goods] [nio-8080-exec-1] o.h.engine.jdbc.spi.SqlExceptionHelper   : SQL Error: 0, SQLState: null
payment-1         | 2026-09-12T11:30:53.467Z ERROR 1 --- [limited-goods] [nio-8080-exec-1] o.h.engine.jdbc.spi.SqlExceptionHelper   : HikariPool-1 - Connection is not available, request timed out after 1053ms (total=4, active=4, idle=0, waiting=1)
payment-1         | 2026-09-12T11:30:53.468Z ERROR 1 --- [limited-goods] [nio-8080-exec-1] o.a.c.c.C.[.[.[/].[dispatcherServlet]    : Servlet.service() for servlet [dispatcherServlet] in context with path [] threw exception [Request processing failed: org.springframework.transaction.CannotCreateTransactionException: Could not open JPA EntityManager for transaction] with root cause
payment-1         | 
payment-1         | java.sql.SQLTransientConnectionException: HikariPool-1 - Connection is not available, request timed out after 1053ms (total=4, active=4, idle=0, waiting=1)
payment-1         | 	at com.zaxxer.hikari.pool.HikariPool.createTimeoutException(HikariPool.java:714) ~[HikariCP-6.3.3.jar!/:na]
payment-1         | 	at com.zaxxer.hikari.pool.HikariPool.getConnection(HikariPool.java:184) ~[HikariCP-6.3.3.jar!/:na]
payment-1         | 	at com.zaxxer.hikari.pool.HikariPool.getConnection(HikariPool.java:142) ~[HikariCP-6.3.3.jar!/:na]
payment-1         | 	at com.zaxxer.hikari.HikariDataSource.getConnection(HikariDataSource.java:127) ~[HikariCP-6.3.3.jar!/:na]
payment-1         | 	at org.hibernate.engine.jdbc.connections.internal.DatasourceConnectionProviderImpl.getConnection(DatasourceConnectionProviderImpl.java:126) ~[hibernate-core-6.6.53.Final.jar!/:6.6.53.Final]
payment-1         | 	at org.hibernate.internal.NonContextualJdbcConnectionAccess.obtainConnection(NonContextualJdbcConnectionAccess.java:46) ~[hibernate-core-6.6.53.Final.jar!/:6.6.53.Final]
payment-1         | 	at org.hibernate.resource.jdbc.internal.LogicalConnectionManagedImpl.acquireConnectionIfNeeded(LogicalConnectionManagedImpl.java:126) ~[hibernate-core-6.6.53.Final.jar!/:6.6.53.Final]
payment-1         | 	at org.hibernate.resource.jdbc.internal.LogicalConnectionManagedImpl.getPhysicalConnection(LogicalConnectionManagedImpl.java:156) ~[hibernate-core-6.6.53.Final.jar!/:6.6.53.Final]
payment-1         | 	at org.hibernate.resource.jdbc.internal.LogicalConnectionManagedImpl.getConnectionForTransactionManagement(LogicalConnectionManagedImpl.java:286) ~[hibernate-core-6.6.53.Final.jar!/:6.6.53.Final]
payment-1         | 	at org.hibernate.resource.jdbc.internal.LogicalConnectionManagedImpl.begin(LogicalConnectionManagedImpl.java:294) ~[hibernate-core-6.6.53.Final.jar!/:6.6.53.Final]
payment-1         | 	at org.hibernate.resource.transaction.backend.jdbc.internal.JdbcResourceLocalTransactionCoordinatorImpl$TransactionDriverControlImpl.begin(JdbcResourceLocalTransactionCoordinatorImpl.java:232) ~[hibernate-core-6.6.53.Final.jar!/:6.6.53.Final]
payment-1         | 	at org.hibernate.engine.transaction.internal.TransactionImpl.begin(TransactionImpl.java:83) ~[hibernate-core-6.6.53.Final.jar!/:6.6.53.Final]
payment-1         | 	at org.springframework.orm.jpa.vendor.HibernateJpaDialect.beginTransaction(HibernateJpaDialect.java:176) ~[spring-orm-6.2.19.jar!/:6.2.19]
payment-1         | 	at org.springframework.orm.jpa.JpaTransactionManager.doBegin(JpaTransactionManager.java:421) ~[spring-orm-6.2.19.jar!/:6.2.19]
payment-1         | 	at org.springframework.transaction.support.AbstractPlatformTransactionManager.startTransaction(AbstractPlatformTransactionManager.java:532) ~[spring-tx-6.2.19.jar!/:6.2.19]
payment-1         | 	at org.springframework.transaction.support.AbstractPlatformTransactionManager.getTransaction(AbstractPlatformTransactionManager.java:405) ~[spring-tx-6.2.19.jar!/:6.2.19]
payment-1         | 	at org.springframework.transaction.interceptor.TransactionAspectSupport.createTransactionIfNecessary(TransactionAspectSupport.java:639) ~[spring-tx-6.2.19.jar!/:6.2.19]
payment-1         | 	at org.springframework.transaction.interceptor.TransactionAspectSupport.invokeWithinTransaction(TransactionAspectSupport.java:374) ~[spring-tx-6.2.19.jar!/:6.2.19]
payment-1         | 	at org.springframework.transaction.interceptor.TransactionInterceptor.invoke(TransactionInterceptor.java:119) ~[spring-tx-6.2.19.jar!/:6.2.19]
payment-1         | 	at org.springframework.aop.framework.ReflectiveMethodInvocation.proceed(ReflectiveMethodInvocation.java:184) ~[spring-aop-6.2.19.jar!/:6.2.19]
payment-1         | 	at org.springframework.aop.framework.CglibAopProxy$DynamicAdvisedInterceptor.intercept(CglibAopProxy.java:728) ~[spring-aop-6.2.19.jar!/:6.2.19]
payment-1         | 	at com.limitedgoods.payments.PaymentService$$SpringCGLIB$$0.start(<generated>) ~[!/:0.1.0]
payment-1         | 	at com.limitedgoods.payments.PaymentController.start(PaymentController.java:19) ~[!/:0.1.0]
payment-1         | 	at java.base/jdk.internal.reflect.DirectMethodHandleAccessor.invoke(Unknown Source) ~[na:na]
payment-1         | 	at java.base/java.lang.reflect.Method.invoke(Unknown Source) ~[na:na]
payment-1         | 	at org.springframework.web.method.support.InvocableHandlerMethod.doInvoke(InvocableHandlerMethod.java:258) ~[spring-web-6.2.19.jar!/:6.2.19]
payment-1         | 	at org.springframework.web.method.support.InvocableHandlerMethod.invokeForRequest(InvocableHandlerMethod.java:191) ~[spring-web-6.2.19.jar!/:6.2.19]
payment-1         | 	at org.springframework.web.servlet.mvc.method.annotation.ServletInvocableHandlerMethod.invokeAndHandle(ServletInvocableHandlerMethod.java:118) ~[spring-webmvc-6.2.19.jar!/:6.2.19]
payment-1         | 	at org.springframework.web.servlet.mvc.method.annotation.RequestMappingHandlerAdapter.invokeHandlerMethod(RequestMappingHandlerAdapter.java:991) ~[spring-webmvc-6.2.19.jar!/:6.2.19]
payment-1         | 	at org.springframework.web.servlet.mvc.method.annotation.RequestMappingHandlerAdapter.handleInternal(RequestMappingHandlerAdapter.java:896) ~[spring-webmvc-6.2.19.jar!/:6.2.19]
payment-1         | 	at org.springframework.web.servlet.mvc.method.AbstractHandlerMethodAdapter.handle(AbstractHandlerMethodAdapter.java:87) ~[spring-webmvc-6.2.19.jar!/:6.2.19]
payment-1         | 	at org.springframework.web.servlet.DispatcherServlet.doDispatch(DispatcherServlet.java:1089) ~[spring-webmvc-6.2.19.jar!/:6.2.19]
payment-1         | 	at org.springframework.web.servlet.DispatcherServlet.doService(DispatcherServlet.java:979) ~[spring-webmvc-6.2.19.jar!/:6.2.19]
payment-1         | 	at org.springframework.web.servlet.FrameworkServlet.processRequest(FrameworkServlet.java:1014) ~[spring-webmvc-6.2.19.jar!/:6.2.19]
payment-1         | 	at org.springframework.web.servlet.FrameworkServlet.doPost(FrameworkServlet.java:914) ~[spring-webmvc-6.2.19.jar!/:6.2.19]
payment-1         | 	at jakarta.servlet.http.HttpServlet.service(HttpServlet.java:590) ~[tomcat-embed-core-10.1.55.jar!/:na]
payment-1         | 	at org.springframework.web.servlet.FrameworkServlet.service(FrameworkServlet.java:885) ~[spring-webmvc-6.2.19.jar!/:6.2.19]
payment-1         | 	at jakarta.servlet.http.HttpServlet.service(HttpServlet.java:658) ~[tomcat-embed-core-10.1.55.jar!/:na]
payment-1         | 	at org.apache.catalina.core.ApplicationFilterChain.internalDoFilter(ApplicationFilterChain.java:193) ~[tomcat-embed-core-10.1.55.jar!/:na]
payment-1         | 	at org.apache.catalina.core.ApplicationFilterChain.doFilter(ApplicationFilterChain.java:138) ~[tomcat-embed-core-10.1.55.jar!/:na]
payment-1         | 	at org.apache.tomcat.websocket.server.WsFilter.doFilter(WsFilter.java:51) ~[tomcat-embed-websocket-10.1.55.jar!/:na]
payment-1         | 	at org.apache.catalina.core.ApplicationFilterChain.internalDoFilter(ApplicationFilterChain.java:162) ~[tomcat-embed-core-10.1.55.jar!/:na]
payment-1         | 	at org.apache.catalina.core.ApplicationFilterChain.doFilter(ApplicationFilterChain.java:138) ~[tomcat-embed-core-10.1.55.jar!/:na]
payment-1         | 	at org.springframework.web.filter.RequestContextFilter.doFilterInternal(RequestContextFilter.java:100) ~[spring-web-6.2.19.jar!/:6.2.19]
payment-1         | 	at org.springframework.web.filter.OncePerRequestFilter.doFilter(OncePerRequestFilter.java:116) ~[spring-web-6.2.19.jar!/:6.2.19]
payment-1         | 	at org.apache.catalina.core.ApplicationFilterChain.internalDoFilter(ApplicationFilterChain.java:162) ~[tomcat-embed-core-10.1.55.jar!/:na]
payment-1         | 	at org.apache.catalina.core.ApplicationFilterChain.doFilter(ApplicationFilterChain.java:138) ~[tomcat-embed-core-10.1.55.jar!/:na]
payment-1         | 	at org.springframework.web.filter.FormContentFilter.doFilterInternal(FormContentFilter.java:93) ~[spring-web-6.2.19.jar!/:6.2.19]
payment-1         | 	at org.springframework.web.filter.OncePerRequestFilter.doFilter(OncePerRequestFilter.java:116) ~[spring-web-6.2.19.jar!/:6.2.19]
payment-1         | 	at org.apache.catalina.core.ApplicationFilterChain.internalDoFilter(ApplicationFilterChain.java:162) ~[tomcat-embed-core-10.1.55.jar!/:na]
payment-1         | 	at org.apache.catalina.core.ApplicationFilterChain.doFilter(ApplicationFilterChain.java:138) ~[tomcat-embed-core-10.1.55.jar!/:na]
payment-1         | 	at org.springframework.web.filter.ServerHttpObservationFilter.doFilterInternal(ServerHttpObservationFilter.java:110) ~[spring-web-6.2.19.jar!/:6.2.19]
payment-1         | 	at org.springframework.web.filter.OncePerRequestFilter.doFilter(OncePerRequestFilter.java:116) ~[spring-web-6.2.19.jar!/:6.2.19]
payment-1         | 	at org.apache.catalina.core.ApplicationFilterChain.internalDoFilter(ApplicationFilterChain.java:162) ~[tomcat-embed-core-10.1.55.jar!/:na]
payment-1         | 	at org.apache.catalina.core.ApplicationFilterChain.doFilter(ApplicationFilterChain.java:138) ~[tomcat-embed-core-10.1.55.jar!/:na]
payment-1         | 	at org.springframework.web.filter.CharacterEncodingFilter.doFilterInternal(CharacterEncodingFilter.java:201) ~[spring-web-6.2.19.jar!/:6.2.19]
payment-1         | 	at org.springframework.web.filter.OncePerRequestFilter.doFilter(OncePerRequestFilter.java:116) ~[spring-web-6.2.19.jar!/:6.2.19]
payment-1         | 	at org.apache.catalina.core.ApplicationFilterChain.internalDoFilter(ApplicationFilterChain.java:162) ~[tomcat-embed-core-10.1.55.jar!/:na]
payment-1         | 	at org.apache.catalina.core.ApplicationFilterChain.doFilter(ApplicationFilterChain.java:138) ~[tomcat-embed-core-10.1.55.jar!/:na]
payment-1         | 	at org.apache.catalina.core.StandardWrapperValve.invoke(StandardWrapperValve.java:165) ~[tomcat-embed-core-10.1.55.jar!/:na]
payment-1         | 	at org.apache.catalina.core.StandardContextValve.invoke(StandardContextValve.java:88) ~[tomcat-embed-core-10.1.55.jar!/:na]
payment-1         | 	at org.apache.catalina.authenticator.AuthenticatorBase.invoke(AuthenticatorBase.java:492) ~[tomcat-embed-core-10.1.55.jar!/:na]
payment-1         | 	at org.apache.catalina.core.StandardHostValve.invoke(StandardHostValve.java:113) ~[tomcat-embed-core-10.1.55.jar!/:na]
payment-1         | 	at org.apache.catalina.valves.ErrorReportValve.invoke(ErrorReportValve.java:83) ~[tomcat-embed-core-10.1.55.jar!/:na]
payment-1         | 	at org.apache.catalina.core.StandardEngineValve.invoke(StandardEngineValve.java:72) ~[tomcat-embed-core-10.1.55.jar!/:na]
payment-1         | 	at org.apache.catalina.connector.CoyoteAdapter.service(CoyoteAdapter.java:342) ~[tomcat-embed-core-10.1.55.jar!/:na]
payment-1         | 	at org.apache.coyote.http11.Http11Processor.service(Http11Processor.java:399) ~[tomcat-embed-core-10.1.55.jar!/:na]
payment-1         | 	at org.apache.coyote.AbstractProcessorLight.process(AbstractProcessorLight.java:63) ~[tomcat-embed-core-10.1.55.jar!/:na]
payment-1         | 	at org.apache.coyote.AbstractProtocol$ConnectionHandler.process(AbstractProtocol.java:1272) ~[tomcat-embed-core-10.1.55.jar!/:na]
payment-1         | 	at org.apache.tomcat.util.net.NioEndpoint$SocketProcessor.doRun(NioEndpoint.java:1797) ~[tomcat-embed-core-10.1.55.jar!/:na]
payment-1         | 	at org.apache.tomcat.util.net.SocketProcessorBase.run(SocketProcessorBase.java:52) ~[tomcat-embed-core-10.1.55.jar!/:na]
payment-1         | 	at org.apache.tomcat.util.threads.ThreadPoolExecutor.runWorker(ThreadPoolExecutor.java:973) ~[tomcat-embed-core-10.1.55.jar!/:na]
payment-1         | 	at org.apache.tomcat.util.threads.ThreadPoolExecutor$Worker.run(ThreadPoolExecutor.java:491) ~[tomcat-embed-core-10.1.55.jar!/:na]
payment-1         | 	at org.apache.tomcat.util.threads.TaskThread$WrappingRunnable.run(TaskThread.java:63) ~[tomcat-embed-core-10.1.55.jar!/:na]
payment-1         | 	at java.base/java.lang.Thread.run(Unknown Source) ~[na:na]
payment-1         | 
payment-1         | 2026-09-12T11:30:53.869Z  WARN 1 --- [limited-goods] [nio-8080-exec-8] o.h.engine.jdbc.spi.SqlExceptionHelper   : SQL Error: 0, SQLState: null
payment-1         | 2026-09-12T11:30:53.869Z ERROR 1 --- [limited-goods] [nio-8080-exec-8] o.h.engine.jdbc.spi.SqlExceptionHelper   : HikariPool-1 - Connection is not available, request timed out after 1000ms (total=4, active=4, idle=0, waiting=1)
payment-1         | 2026-09-12T11:30:53.870Z ERROR 1 --- [limited-goods] [nio-8080-exec-8] o.a.c.c.C.[.[.[/].[dispatcherServlet]    : Servlet.service() for servlet [dispatcherServlet] in context with path [] threw exception [Request processing failed: org.springframework.transaction.CannotCreateTransactionException: Could not open JPA EntityManager for transaction] with root cause
payment-1         | 
payment-1         | java.sql.SQLTransientConnectionException: HikariPool-1 - Connection is not available, request timed out after 1000ms (total=4, active=4, idle=0, waiting=1)
payment-1         | 	at com.zaxxer.hikari.pool.HikariPool.createTimeoutException(HikariPool.java:714) ~[HikariCP-6.3.3.jar!/:na]
payment-1         | 	at com.zaxxer.hikari.pool.HikariPool.getConnection(HikariPool.java:184) ~[HikariCP-6.3.3.jar!/:na]
payment-1         | 	at com.zaxxer.hikari.pool.HikariPool.getConnection(HikariPool.java:142) ~[HikariCP-6.3.3.jar!/:na]
payment-1         | 	at com.zaxxer.hikari.HikariDataSource.getConnection(HikariDataSource.java:127) ~[HikariCP-6.3.3.jar!/:na]
payment-1         | 	at org.hibernate.engine.jdbc.connections.internal.DatasourceConnectionProviderImpl.getConnection(DatasourceConnectionProviderImpl.java:126) ~[hibernate-core-6.6.53.Final.jar!/:6.6.53.Final]
payment-1         | 	at org.hibernate.internal.NonContextualJdbcConnectionAccess.obtainConnection(NonContextualJdbcConnectionAccess.java:46) ~[hibernate-core-6.6.53.Final.jar!/:6.6.53.Final]
payment-1         | 	at org.hibernate.resource.jdbc.internal.LogicalConnectionManagedImpl.acquireConnectionIfNeeded(LogicalConnectionManagedImpl.java:126) ~[hibernate-core-6.6.53.Final.jar!/:6.6.53.Final]
payment-1         | 	at org.hibernate.resource.jdbc.internal.LogicalConnectionManagedImpl.getPhysicalConnection(LogicalConnectionManagedImpl.java:156) ~[hibernate-core-6.6.53.Final.jar!/:6.6.53.Final]
payment-1         | 	at org.hibernate.resource.jdbc.internal.LogicalConnectionManagedImpl.getConnectionForTransactionManagement(LogicalConnectionManagedImpl.java:286) ~[hibernate-core-6.6.53.Final.jar!/:6.6.53.Final]
payment-1         | 	at org.hibernate.resource.jdbc.internal.LogicalConnectionManagedImpl.begin(LogicalConnectionManagedImpl.java:294) ~[hibernate-core-6.6.53.Final.jar!/:6.6.53.Final]
payment-1         | 	at org.hibernate.resource.transaction.backend.jdbc.internal.JdbcResourceLocalTransactionCoordinatorImpl$TransactionDriverControlImpl.begin(JdbcResourceLocalTransactionCoordinatorImpl.java:232) ~[hibernate-core-6.6.53.Final.jar!/:6.6.53.Final]
payment-1         | 	at org.hibernate.engine.transaction.internal.TransactionImpl.begin(TransactionImpl.java:83) ~[hibernate-core-6.6.53.Final.jar!/:6.6.53.Final]
payment-1         | 	at org.springframework.orm.jpa.vendor.HibernateJpaDialect.beginTransaction(HibernateJpaDialect.java:176) ~[spring-orm-6.2.19.jar!/:6.2.19]
payment-1         | 	at org.springframework.orm.jpa.JpaTransactionManager.doBegin(JpaTransactionManager.java:421) ~[spring-orm-6.2.19.jar!/:6.2.19]
payment-1         | 	at org.springframework.transaction.support.AbstractPlatformTransactionManager.startTransaction(AbstractPlatformTransactionManager.java:532) ~[spring-tx-6.2.19.jar!/:6.2.19]
payment-1         | 	at org.springframework.transaction.support.AbstractPlatformTransactionManager.getTransaction(AbstractPlatformTransactionManager.java:405) ~[spring-tx-6.2.19.jar!/:6.2.19]
payment-1         | 	at org.springframework.transaction.interceptor.TransactionAspectSupport.createTransactionIfNecessary(TransactionAspectSupport.java:639) ~[spring-tx-6.2.19.jar!/:6.2.19]
payment-1         | 	at org.springframework.transaction.interceptor.TransactionAspectSupport.invokeWithinTransaction(TransactionAspectSupport.java:374) ~[spring-tx-6.2.19.jar!/:6.2.19]
payment-1         | 	at org.springframework.transaction.interceptor.TransactionInterceptor.invoke(TransactionInterceptor.java:119) ~[spring-tx-6.2.19.jar!/:6.2.19]
payment-1         | 	at org.springframework.aop.framework.ReflectiveMethodInvocation.proceed(ReflectiveMethodInvocation.java:184) ~[spring-aop-6.2.19.jar!/:6.2.19]
payment-1         | 	at org.springframework.aop.framework.CglibAopProxy$DynamicAdvisedInterceptor.intercept(CglibAopProxy.java:728) ~[spring-aop-6.2.19.jar!/:6.2.19]
payment-1         | 	at com.limitedgoods.payments.PaymentService$$SpringCGLIB$$0.start(<generated>) ~[!/:0.1.0]
payment-1         | 	at com.limitedgoods.payments.PaymentController.start(PaymentController.java:19) ~[!/:0.1.0]
payment-1         | 	at java.base/jdk.internal.reflect.DirectMethodHandleAccessor.invoke(Unknown Source) ~[na:na]
payment-1         | 	at java.base/java.lang.reflect.Method.invoke(Unknown Source) ~[na:na]
payment-1         | 	at org.springframework.web.method.support.InvocableHandlerMethod.doInvoke(InvocableHandlerMethod.java:258) ~[spring-web-6.2.19.jar!/:6.2.19]
payment-1         | 	at org.springframework.web.method.support.InvocableHandlerMethod.invokeForRequest(InvocableHandlerMethod.java:191) ~[spring-web-6.2.19.jar!/:6.2.19]
payment-1         | 	at org.springframework.web.servlet.mvc.method.annotation.ServletInvocableHandlerMethod.invokeAndHandle(ServletInvocableHandlerMethod.java:118) ~[spring-webmvc-6.2.19.jar!/:6.2.19]
payment-1         | 	at org.springframework.web.servlet.mvc.method.annotation.RequestMappingHandlerAdapter.invokeHandlerMethod(RequestMappingHandlerAdapter.java:991) ~[spring-webmvc-6.2.19.jar!/:6.2.19]
payment-1         | 	at org.springframework.web.servlet.mvc.method.annotation.RequestMappingHandlerAdapter.handleInternal(RequestMappingHandlerAdapter.java:896) ~[spring-webmvc-6.2.19.jar!/:6.2.19]
payment-1         | 	at org.springframework.web.servlet.mvc.method.AbstractHandlerMethodAdapter.handle(AbstractHandlerMethodAdapter.java:87) ~[spring-webmvc-6.2.19.jar!/:6.2.19]
payment-1         | 	at org.springframework.web.servlet.DispatcherServlet.doDispatch(DispatcherServlet.java:1089) ~[spring-webmvc-6.2.19.jar!/:6.2.19]
payment-1         | 	at org.springframework.web.servlet.DispatcherServlet.doService(DispatcherServlet.java:979) ~[spring-webmvc-6.2.19.jar!/:6.2.19]
payment-1         | 	at org.springframework.web.servlet.FrameworkServlet.processRequest(FrameworkServlet.java:1014) ~[spring-webmvc-6.2.19.jar!/:6.2.19]
payment-1         | 	at org.springframework.web.servlet.FrameworkServlet.doPost(FrameworkServlet.java:914) ~[spring-webmvc-6.2.19.jar!/:6.2.19]
payment-1         | 	at jakarta.servlet.http.HttpServlet.service(HttpServlet.java:590) ~[tomcat-embed-core-10.1.55.jar!/:na]
payment-1         | 	at org.springframework.web.servlet.FrameworkServlet.service(FrameworkServlet.java:885) ~[spring-webmvc-6.2.19.jar!/:6.2.19]
payment-1         | 	at jakarta.servlet.http.HttpServlet.service(HttpServlet.java:658) ~[tomcat-embed-core-10.1.55.jar!/:na]
payment-1         | 	at org.apache.catalina.core.ApplicationFilterChain.internalDoFilter(ApplicationFilterChain.java:193) ~[tomcat-embed-core-10.1.55.jar!/:na]
payment-1         | 	at org.apache.catalina.core.ApplicationFilterChain.doFilter(ApplicationFilterChain.java:138) ~[tomcat-embed-core-10.1.55.jar!/:na]
payment-1         | 	at org.apache.tomcat.websocket.server.WsFilter.doFilter(WsFilter.java:51) ~[tomcat-embed-websocket-10.1.55.jar!/:na]
payment-1         | 	at org.apache.catalina.core.ApplicationFilterChain.internalDoFilter(ApplicationFilterChain.java:162) ~[tomcat-embed-core-10.1.55.jar!/:na]
payment-1         | 	at org.apache.catalina.core.ApplicationFilterChain.doFilter(ApplicationFilterChain.java:138) ~[tomcat-embed-core-10.1.55.jar!/:na]
payment-1         | 	at org.springframework.web.filter.RequestContextFilter.doFilterInternal(RequestContextFilter.java:100) ~[spring-web-6.2.19.jar!/:6.2.19]
payment-1         | 	at org.springframework.web.filter.OncePerRequestFilter.doFilter(OncePerRequestFilter.java:116) ~[spring-web-6.2.19.jar!/:6.2.19]
payment-1         | 	at org.apache.catalina.core.ApplicationFilterChain.internalDoFilter(ApplicationFilterChain.java:162) ~[tomcat-embed-core-10.1.55.jar!/:na]
payment-1         | 	at org.apache.catalina.core.ApplicationFilterChain.doFilter(ApplicationFilterChain.java:138) ~[tomcat-embed-core-10.1.55.jar!/:na]
payment-1         | 	at org.springframework.web.filter.FormContentFilter.doFilterInternal(FormContentFilter.java:93) ~[spring-web-6.2.19.jar!/:6.2.19]
payment-1         | 	at org.springframework.web.filter.OncePerRequestFilter.doFilter(OncePerRequestFilter.java:116) ~[spring-web-6.2.19.jar!/:6.2.19]
payment-1         | 	at org.apache.catalina.core.ApplicationFilterChain.internalDoFilter(ApplicationFilterChain.java:162) ~[tomcat-embed-core-10.1.55.jar!/:na]
payment-1         | 	at org.apache.catalina.core.ApplicationFilterChain.doFilter(ApplicationFilterChain.java:138) ~[tomcat-embed-core-10.1.55.jar!/:na]
payment-1         | 	at org.springframework.web.filter.ServerHttpObservationFilter.doFilterInternal(ServerHttpObservationFilter.java:110) ~[spring-web-6.2.19.jar!/:6.2.19]
payment-1         | 	at org.springframework.web.filter.OncePerRequestFilter.doFilter(OncePerRequestFilter.java:116) ~[spring-web-6.2.19.jar!/:6.2.19]
payment-1         | 	at org.apache.catalina.core.ApplicationFilterChain.internalDoFilter(ApplicationFilterChain.java:162) ~[tomcat-embed-core-10.1.55.jar!/:na]
payment-1         | 	at org.apache.catalina.core.ApplicationFilterChain.doFilter(ApplicationFilterChain.java:138) ~[tomcat-embed-core-10.1.55.jar!/:na]
payment-1         | 	at org.springframework.web.filter.CharacterEncodingFilter.doFilterInternal(CharacterEncodingFilter.java:201) ~[spring-web-6.2.19.jar!/:6.2.19]
payment-1         | 	at org.springframework.web.filter.OncePerRequestFilter.doFilter(OncePerRequestFilter.java:116) ~[spring-web-6.2.19.jar!/:6.2.19]
payment-1         | 	at org.apache.catalina.core.ApplicationFilterChain.internalDoFilter(ApplicationFilterChain.java:162) ~[tomcat-embed-core-10.1.55.jar!/:na]
payment-1         | 	at org.apache.catalina.core.ApplicationFilterChain.doFilter(ApplicationFilterChain.java:138) ~[tomcat-embed-core-10.1.55.jar!/:na]
payment-1         | 	at org.apache.catalina.core.StandardWrapperValve.invoke(StandardWrapperValve.java:165) ~[tomcat-embed-core-10.1.55.jar!/:na]
payment-1         | 	at org.apache.catalina.core.StandardContextValve.invoke(StandardContextValve.java:88) ~[tomcat-embed-core-10.1.55.jar!/:na]
payment-1         | 	at org.apache.catalina.authenticator.AuthenticatorBase.invoke(AuthenticatorBase.java:492) ~[tomcat-embed-core-10.1.55.jar!/:na]
payment-1         | 	at org.apache.catalina.core.StandardHostValve.invoke(StandardHostValve.java:113) ~[tomcat-embed-core-10.1.55.jar!/:na]
payment-1         | 	at org.apache.catalina.valves.ErrorReportValve.invoke(ErrorReportValve.java:83) ~[tomcat-embed-core-10.1.55.jar!/:na]
payment-1         | 	at org.apache.catalina.core.StandardEngineValve.invoke(StandardEngineValve.java:72) ~[tomcat-embed-core-10.1.55.jar!/:na]
payment-1         | 	at org.apache.catalina.connector.CoyoteAdapter.service(CoyoteAdapter.java:342) ~[tomcat-embed-core-10.1.55.jar!/:na]
payment-1         | 	at org.apache.coyote.http11.Http11Processor.service(Http11Processor.java:399) ~[tomcat-embed-core-10.1.55.jar!/:na]
payment-1         | 	at org.apache.coyote.AbstractProcessorLight.process(AbstractProcessorLight.java:63) ~[tomcat-embed-core-10.1.55.jar!/:na]
payment-1         | 	at org.apache.coyote.AbstractProtocol$ConnectionHandler.process(AbstractProtocol.java:1272) ~[tomcat-embed-core-10.1.55.jar!/:na]
payment-1         | 	at org.apache.tomcat.util.net.NioEndpoint$SocketProcessor.doRun(NioEndpoint.java:1797) ~[tomcat-embed-core-10.1.55.jar!/:na]
payment-1         | 	at org.apache.tomcat.util.net.SocketProcessorBase.run(SocketProcessorBase.java:52) ~[tomcat-embed-core-10.1.55.jar!/:na]
payment-1         | 	at org.apache.tomcat.util.threads.ThreadPoolExecutor.runWorker(ThreadPoolExecutor.java:973) ~[tomcat-embed-core-10.1.55.jar!/:na]
payment-1         | 	at org.apache.tomcat.util.threads.ThreadPoolExecutor$Worker.run(ThreadPoolExecutor.java:491) ~[tomcat-embed-core-10.1.55.jar!/:na]
payment-1         | 	at org.apache.tomcat.util.threads.TaskThread$WrappingRunnable.run(TaskThread.java:63) ~[tomcat-embed-core-10.1.55.jar!/:na]
payment-1         | 	at java.base/java.lang.Thread.run(Unknown Source) ~[na:na]
payment-1         | 
payment-1         | 2026-09-12T11:30:54.569Z  WARN 1 --- [limited-goods] [nio-8080-exec-6] o.h.engine.jdbc.spi.SqlExceptionHelper   : SQL Error: 0, SQLState: null
payment-1         | 2026-09-12T11:30:54.569Z ERROR 1 --- [limited-goods] [nio-8080-exec-6] o.h.engine.jdbc.spi.SqlExceptionHelper   : HikariPool-1 - Connection is not available, request timed out after 1000ms (total=4, active=4, idle=0, waiting=6)
payment-1         | 2026-09-12T11:30:54.570Z ERROR 1 --- [limited-goods] [nio-8080-exec-6] o.a.c.c.C.[.[.[/].[dispatcherServlet]    : Servlet.service() for servlet [dispatcherServlet] in context with path [] threw exception [Request processing failed: org.springframework.transaction.CannotCreateTransactionException: Could not open JPA EntityManager for transaction] with root cause
payment-1         | 
nginx-1           | 172.20.0.13 - - [12/Sep/2026:11:30:49 +0000] "GET /api/admissions/c3407de61ae84cad06221080b87cc0f43fb22030dcc37d797650731027ef849e HTTP/1.1" 200 568 "-" "k6/0.54.0 (https://k6.io/)"
nginx-1           | 172.20.0.13 - - [12/Sep/2026:11:30:50 +0000] "POST /api/admissions HTTP/1.1" 202 157 "-" "k6/0.54.0 (https://k6.io/)"
nginx-1           | 172.20.0.13 - - [12/Sep/2026:11:30:50 +0000] "GET /api/admissions/10e39fba2767f6172aa8d0121b3a2ba977e5ee8350a3d0563281497d69549ad0 HTTP/1.1" 200 568 "-" "k6/0.54.0 (https://k6.io/)"
nginx-1           | 172.20.0.13 - - [12/Sep/2026:11:30:50 +0000] "POST /api/admissions HTTP/1.1" 202 157 "-" "k6/0.54.0 (https://k6.io/)"
nginx-1           | 172.20.0.13 - - [12/Sep/2026:11:30:50 +0000] "GET /api/admissions/cfde3d962a41bdd662587b8c0122480d1ee10fc99305f991b5b1b8bdd5e49645 HTTP/1.1" 200 568 "-" "k6/0.54.0 (https://k6.io/)"
nginx-1           | 172.20.0.13 - - [12/Sep/2026:11:30:51 +0000] "POST /api/admissions HTTP/1.1" 202 157 "-" "k6/0.54.0 (https://k6.io/)"
nginx-1           | 172.20.0.13 - - [12/Sep/2026:11:30:51 +0000] "GET /api/admissions/d8482025151df608ba0d24ef76857079144e0551b139d2d8b00412ea0e675191 HTTP/1.1" 200 569 "-" "k6/0.54.0 (https://k6.io/)"
nginx-1           | 172.20.0.13 - - [12/Sep/2026:11:30:51 +0000] "POST /api/admissions HTTP/1.1" 202 157 "-" "k6/0.54.0 (https://k6.io/)"
nginx-1           | 172.20.0.13 - - [12/Sep/2026:11:30:51 +0000] "GET /api/admissions/be3fad7e5989e39891c153d47879203e852fe8799fc8dc42c78de5bf13ad6aac HTTP/1.1" 200 569 "-" "k6/0.54.0 (https://k6.io/)"
nginx-1           | 172.20.0.13 - - [12/Sep/2026:11:30:52 +0000] "POST /api/admissions HTTP/1.1" 202 157 "-" "k6/0.54.0 (https://k6.io/)"
nginx-1           | 172.20.0.13 - - [12/Sep/2026:11:30:52 +0000] "GET /api/admissions/312fb5cdd689125988509d042773c02caacabb92e68388c4a6559caeaa54ebf8 HTTP/1.1" 200 569 "-" "k6/0.54.0 (https://k6.io/)"
nginx-1           | 172.20.0.13 - - [12/Sep/2026:11:30:52 +0000] "POST /api/admissions HTTP/1.1" 202 157 "-" "k6/0.54.0 (https://k6.io/)"
nginx-1           | 172.20.0.13 - - [12/Sep/2026:11:30:52 +0000] "GET /api/admissions/9d64e3129f64a7b5b1a4683592d3573013faabd169ed2cb5a6a1d51ca08ca92d HTTP/1.1" 200 569 "-" "k6/0.54.0 (https://k6.io/)"
nginx-1           | 172.20.0.13 - - [12/Sep/2026:11:30:53 +0000] "POST /api/admissions HTTP/1.1" 202 157 "-" "k6/0.54.0 (https://k6.io/)"
nginx-1           | 172.20.0.13 - - [12/Sep/2026:11:30:53 +0000] "GET /api/admissions/a2a60127dbc1a5b12abce74b7e3a66ce166cbfeaf3792dbb79ad5d9ab296e613 HTTP/1.1" 200 569 "-" "k6/0.54.0 (https://k6.io/)"
nginx-1           | 172.20.0.13 - - [12/Sep/2026:11:30:53 +0000] "POST /api/admissions HTTP/1.1" 202 157 "-" "k6/0.54.0 (https://k6.io/)"
nginx-1           | 172.20.0.13 - - [12/Sep/2026:11:30:53 +0000] "GET /api/admissions/33bcb8a2cb5cbbb226e83bd9c823a9ca145aa127dc5d71dd357ed3d46551638b HTTP/1.1" 200 569 "-" "k6/0.54.0 (https://k6.io/)"
nginx-1           | 172.20.0.13 - - [12/Sep/2026:11:30:54 +0000] "POST /api/admissions HTTP/1.1" 202 157 "-" "k6/0.54.0 (https://k6.io/)"
nginx-1           | 172.20.0.13 - - [12/Sep/2026:11:30:54 +0000] "GET /api/admissions/16e4d36c23b6bd650185ebcf1403f6bab7c61796948a082ea240ed5b0b54190f HTTP/1.1" 200 569 "-" "k6/0.54.0 (https://k6.io/)"
nginx-1           | 172.20.0.13 - - [12/Sep/2026:11:30:54 +0000] "POST /api/admissions HTTP/1.1" 202 157 "-" "k6/0.54.0 (https://k6.io/)"
nginx-1           | 172.20.0.13 - - [12/Sep/2026:11:30:54 +0000] "GET /api/admissions/d0a363ffb7588d9bfc72e980b3799884620a4fc6fac00c9a42d5b9e00f4af78c HTTP/1.1" 200 569 "-" "k6/0.54.0 (https://k6.io/)"
nginx-1           | 172.20.0.13 - - [12/Sep/2026:11:30:55 +0000] "POST /api/admissions HTTP/1.1" 202 157 "-" "k6/0.54.0 (https://k6.io/)"
nginx-1           | 172.20.0.13 - - [12/Sep/2026:11:30:55 +0000] "POST /api/admissions HTTP/1.1" 202 157 "-" "k6/0.54.0 (https://k6.io/)"
nginx-1           | 172.20.0.13 - - [12/Sep/2026:11:30:55 +0000] "GET /api/admissions/552837668973ac959eea65b4602a0683561b9c0a8c4e3d5293340146a9b6a3ff HTTP/1.1" 200 569 "-" "k6/0.54.0 (https://k6.io/)"
nginx-1           | 172.20.0.13 - - [12/Sep/2026:11:30:55 +0000] "POST /api/admissions HTTP/1.1" 202 157 "-" "k6/0.54.0 (https://k6.io/)"
nginx-1           | 172.20.0.13 - - [12/Sep/2026:11:30:55 +0000] "POST /api/admissions HTTP/1.1" 202 157 "-" "k6/0.54.0 (https://k6.io/)"
nginx-1           | 172.20.0.13 - - [12/Sep/2026:11:30:55 +0000] "POST /api/admissions HTTP/1.1" 202 157 "-" "k6/0.54.0 (https://k6.io/)"
nginx-1           | 172.20.0.13 - - [12/Sep/2026:11:30:55 +0000] "GET /api/admissions/7118a110f233b757392ed0554d6b7909d107ac4feee4b8f0ba39d756a81004fc HTTP/1.1" 200 569 "-" "k6/0.54.0 (https://k6.io/)"
nginx-1           | 172.20.0.13 - - [12/Sep/2026:11:30:56 +0000] "POST /api/admissions HTTP/1.1" 202 157 "-" "k6/0.54.0 (https://k6.io/)"
nginx-1           | 172.20.0.13 - - [12/Sep/2026:11:30:56 +0000] "POST /api/admissions HTTP/1.1" 202 157 "-" "k6/0.54.0 (https://k6.io/)"
nginx-1           | 172.20.0.13 - - [12/Sep/2026:11:30:56 +0000] "GET /api/admissions/65f31f3e0e22a000ffe606762fa1a9f3c2393da0cae0425dc6130697f6c5ebcd HTTP/1.1" 200 568 "-" "k6/0.54.0 (https://k6.io/)"
nginx-1           | 172.20.0.13 - - [12/Sep/2026:11:30:56 +0000] "GET /api/admissions/6593413190bbc394033216c6914de6c178c5298fed49535e2b2fbc326948e530 HTTP/1.1" 200 569 "-" "k6/0.54.0 (https://k6.io/)"
nginx-1           | 172.20.0.13 - - [12/Sep/2026:11:30:56 +0000] "POST /api/admissions HTTP/1.1" 202 157 "-" "k6/0.54.0 (https://k6.io/)"
nginx-1           | 172.20.0.13 - - [12/Sep/2026:11:30:56 +0000] "GET /api/admissions/1cc9a50330f0b1d84f090bf390725d7f02a38261fdf03259662f4203a667eb58 HTTP/1.1" 200 568 "-" "k6/0.54.0 (https://k6.io/)"
nginx-1           | 172.20.0.13 - - [12/Sep/2026:11:30:56 +0000] "POST /api/admissions HTTP/1.1" 202 157 "-" "k6/0.54.0 (https://k6.io/)"
nginx-1           | 172.20.0.13 - - [12/Sep/2026:11:30:56 +0000] "GET /api/admissions/f8117112da66d2a1c7c1023404c945efdaf8a70d95ae4f80f1b0875da3d9f6b2 HTTP/1.1" 200 157 "-" "k6/0.54.0 (https://k6.io/)"
nginx-1           | 172.20.0.13 - - [12/Sep/2026:11:30:56 +0000] "POST /api/admissions HTTP/1.1" 202 157 "-" "k6/0.54.0 (https://k6.io/)"
checkout-nginx-1  | 172.20.0.13 - - [12/Sep/2026:11:30:57 +0000] "POST /api/purchases HTTP/1.1" 201 261 "-" "k6/0.54.0 (https://k6.io/)"
checkout-nginx-1  | 172.20.0.13 - - [12/Sep/2026:11:30:57 +0000] "POST /api/orders/ab6f9c7b-c61f-4f32-9462-572d7c3240ce/payments HTTP/1.1" 202 96 "-" "k6/0.54.0 (https://k6.io/)"
checkout-nginx-1  | 172.20.0.13 - - [12/Sep/2026:11:30:58 +0000] "POST /api/purchases HTTP/1.1" 201 261 "-" "k6/0.54.0 (https://k6.io/)"
checkout-nginx-1  | 172.20.0.13 - - [12/Sep/2026:11:30:58 +0000] "POST /api/orders/6ba22730-a010-4fc2-a492-af5eb2df923c/payments HTTP/1.1" 202 96 "-" "k6/0.54.0 (https://k6.io/)"
checkout-nginx-1  | 172.20.0.13 - - [12/Sep/2026:11:30:58 +0000] "POST /api/purchases HTTP/1.1" 201 261 "-" "k6/0.54.0 (https://k6.io/)"
checkout-nginx-1  | 172.20.0.13 - - [12/Sep/2026:11:30:58 +0000] "POST /api/orders/c5b77f56-83c5-458d-8999-b881a0860590/payments HTTP/1.1" 202 96 "-" "k6/0.54.0 (https://k6.io/)"
checkout-nginx-1  | 172.20.0.13 - - [12/Sep/2026:11:30:58 +0000] "POST /api/purchases HTTP/1.1" 201 261 "-" "k6/0.54.0 (https://k6.io/)"
checkout-nginx-1  | 172.20.0.13 - - [12/Sep/2026:11:30:58 +0000] "POST /api/orders/148733c0-d175-42e9-ac03-6617f2bf2fd4/payments HTTP/1.1" 202 96 "-" "k6/0.54.0 (https://k6.io/)"
nginx-1           | 172.20.0.13 - - [12/Sep/2026:11:30:57 +0000] "POST /api/admissions HTTP/1.1" 202 157 "-" "k6/0.54.0 (https://k6.io/)"
nginx-1           | 172.20.0.13 - - [12/Sep/2026:11:30:57 +0000] "GET /api/admissions/0d89e603103400b2bda37596eccbfbb9e485492de8da64943f6985bfa918762f HTTP/1.1" 200 568 "-" "k6/0.54.0 (https://k6.io/)"
nginx-1           | 172.20.0.13 - - [12/Sep/2026:11:30:57 +0000] "GET /api/admissions/ce43083d3afd441bddeba2d1ae03a55e16f3b97b6ebfe8f8cc7655a3462ed0fd HTTP/1.1" 200 568 "-" "k6/0.54.0 (https://k6.io/)"
nginx-1           | 172.20.0.13 - - [12/Sep/2026:11:30:57 +0000] "POST /api/admissions HTTP/1.1" 202 157 "-" "k6/0.54.0 (https://k6.io/)"
nginx-1           | 172.20.0.13 - - [12/Sep/2026:11:30:57 +0000] "GET /api/admissions/7a848386cba9ae3804669a02b39f8cdebf6e9d998f6ce6915a1209d353953344 HTTP/1.1" 200 568 "-" "k6/0.54.0 (https://k6.io/)"
nginx-1           | 172.20.0.13 - - [12/Sep/2026:11:30:57 +0000] "POST /api/admissions HTTP/1.1" 202 157 "-" "k6/0.54.0 (https://k6.io/)"
nginx-1           | 172.20.0.13 - - [12/Sep/2026:11:30:57 +0000] "POST /api/admissions HTTP/1.1" 202 157 "-" "k6/0.54.0 (https://k6.io/)"
nginx-1           | 172.20.0.13 - - [12/Sep/2026:11:30:57 +0000] "GET /api/admissions/f8117112da66d2a1c7c1023404c945efdaf8a70d95ae4f80f1b0875da3d9f6b2 HTTP/1.1" 200 568 "-" "k6/0.54.0 (https://k6.io/)"
nginx-1           | 172.20.0.13 - - [12/Sep/2026:11:30:57 +0000] "GET /api/admissions/72f6769e3743c48d7f8fc58af95775e6ba868ecb6e10cc4f212df562931e970a HTTP/1.1" 200 157 "-" "k6/0.54.0 (https://k6.io/)"
nginx-1           | 172.20.0.13 - - [12/Sep/2026:11:30:57 +0000] "POST /api/admissions HTTP/1.1" 202 157 "-" "k6/0.54.0 (https://k6.io/)"
nginx-1           | 172.20.0.13 - - [12/Sep/2026:11:30:57 +0000] "GET /api/admissions/068f2630c10a2837e19bc54a14976a3df6015aa2dfe47a5b4389111b72f731ff HTTP/1.1" 200 568 "-" "k6/0.54.0 (https://k6.io/)"
checkout-nginx-1  | 172.20.0.13 - - [12/Sep/2026:11:30:58 +0000] "POST /api/purchases HTTP/1.1" 201 261 "-" "k6/0.54.0 (https://k6.io/)"
checkout-nginx-1  | 172.20.0.13 - - [12/Sep/2026:11:30:58 +0000] "POST /api/orders/423d1381-0d24-483f-aa9e-27e91792847d/payments HTTP/1.1" 202 96 "-" "k6/0.54.0 (https://k6.io/)"
checkout-nginx-1  | 172.20.0.13 - - [12/Sep/2026:11:30:59 +0000] "POST /api/purchases HTTP/1.1" 201 261 "-" "k6/0.54.0 (https://k6.io/)"
checkout-nginx-1  | 172.20.0.13 - - [12/Sep/2026:11:30:59 +0000] "POST /api/orders/befaae60-c975-472c-bfef-d2b657aa6c75/payments HTTP/1.1" 202 96 "-" "k6/0.54.0 (https://k6.io/)"
checkout-nginx-1  | 172.20.0.13 - - [12/Sep/2026:11:30:59 +0000] "POST /api/purchases HTTP/1.1" 201 261 "-" "k6/0.54.0 (https://k6.io/)"
checkout-nginx-1  | 172.20.0.13 - - [12/Sep/2026:11:30:59 +0000] "POST /api/orders/7883e4b8-cf50-4f55-8349-1d3879ee4b7d/payments HTTP/1.1" 202 96 "-" "k6/0.54.0 (https://k6.io/)"
checkout-nginx-1  | 172.20.0.13 - - [12/Sep/2026:11:30:59 +0000] "POST /api/purchases HTTP/1.1" 201 261 "-" "k6/0.54.0 (https://k6.io/)"
checkout-nginx-1  | 172.20.0.13 - - [12/Sep/2026:11:30:59 +0000] "POST /api/orders/49417776-fc5b-4bc2-9b94-50f32901b2cd/payments HTTP/1.1" 202 96 "-" "k6/0.54.0 (https://k6.io/)"
checkout-nginx-1  | 172.20.0.13 - - [12/Sep/2026:11:30:59 +0000] "POST /api/purchases HTTP/1.1" 201 261 "-" "k6/0.54.0 (https://k6.io/)"
checkout-nginx-1  | 172.20.0.13 - - [12/Sep/2026:11:30:59 +0000] "POST /api/orders/8933e83c-1499-4604-bb06-96857d93fda7/payments HTTP/1.1" 202 96 "-" "k6/0.54.0 (https://k6.io/)"
payment-1         | java.sql.SQLTransientConnectionException: HikariPool-1 - Connection is not available, request timed out after 1000ms (total=4, active=4, idle=0, waiting=6)
payment-1         | 	at com.zaxxer.hikari.pool.HikariPool.createTimeoutException(HikariPool.java:714) ~[HikariCP-6.3.3.jar!/:na]
payment-1         | 	at com.zaxxer.hikari.pool.HikariPool.getConnection(HikariPool.java:184) ~[HikariCP-6.3.3.jar!/:na]
payment-1         | 	at com.zaxxer.hikari.pool.HikariPool.getConnection(HikariPool.java:142) ~[HikariCP-6.3.3.jar!/:na]
payment-1         | 	at com.zaxxer.hikari.HikariDataSource.getConnection(HikariDataSource.java:127) ~[HikariCP-6.3.3.jar!/:na]
payment-1         | 	at org.hibernate.engine.jdbc.connections.internal.DatasourceConnectionProviderImpl.getConnection(DatasourceConnectionProviderImpl.java:126) ~[hibernate-core-6.6.53.Final.jar!/:6.6.53.Final]
payment-1         | 	at org.hibernate.internal.NonContextualJdbcConnectionAccess.obtainConnection(NonContextualJdbcConnectionAccess.java:46) ~[hibernate-core-6.6.53.Final.jar!/:6.6.53.Final]
payment-1         | 	at org.hibernate.resource.jdbc.internal.LogicalConnectionManagedImpl.acquireConnectionIfNeeded(LogicalConnectionManagedImpl.java:126) ~[hibernate-core-6.6.53.Final.jar!/:6.6.53.Final]
payment-1         | 	at org.hibernate.resource.jdbc.internal.LogicalConnectionManagedImpl.getPhysicalConnection(LogicalConnectionManagedImpl.java:156) ~[hibernate-core-6.6.53.Final.jar!/:6.6.53.Final]
payment-1         | 	at org.hibernate.resource.jdbc.internal.LogicalConnectionManagedImpl.getConnectionForTransactionManagement(LogicalConnectionManagedImpl.java:286) ~[hibernate-core-6.6.53.Final.jar!/:6.6.53.Final]
payment-1         | 	at org.hibernate.resource.jdbc.internal.LogicalConnectionManagedImpl.begin(LogicalConnectionManagedImpl.java:294) ~[hibernate-core-6.6.53.Final.jar!/:6.6.53.Final]
checkout-nginx-1  | 172.20.0.13 - - [12/Sep/2026:11:30:59 +0000] "POST /api/purchases HTTP/1.1" 201 261 "-" "k6/0.54.0 (https://k6.io/)"
checkout-nginx-1  | 172.20.0.13 - - [12/Sep/2026:11:30:59 +0000] "POST /api/orders/a4bc23fa-e23e-4a89-b71f-85a0a459bc1f/payments HTTP/1.1" 202 96 "-" "k6/0.54.0 (https://k6.io/)"
payment-1         | 	at org.hibernate.resource.transaction.backend.jdbc.internal.JdbcResourceLocalTransactionCoordinatorImpl$TransactionDriverControlImpl.begin(JdbcResourceLocalTransactionCoordinatorImpl.java:232) ~[hibernate-core-6.6.53.Final.jar!/:6.6.53.Final]
nginx-1           | 172.20.0.13 - - [12/Sep/2026:11:30:57 +0000] "GET /api/admissions/92252e380b225c43b6f8a904288b67cf22ca226deb9d4287f24aa79133d4bd97 HTTP/1.1" 200 568 "-" "k6/0.54.0 (https://k6.io/)"
nginx-1           | 172.20.0.13 - - [12/Sep/2026:11:30:58 +0000] "POST /api/admissions HTTP/1.1" 202 157 "-" "k6/0.54.0 (https://k6.io/)"
nginx-1           | 172.20.0.13 - - [12/Sep/2026:11:30:58 +0000] "GET /api/admissions/adce58b711d952e8e9ce922a067184ae668680e6048f8f085b76363fc7152fe4 HTTP/1.1" 200 568 "-" "k6/0.54.0 (https://k6.io/)"
payment-1         | 	at org.hibernate.engine.transaction.internal.TransactionImpl.begin(TransactionImpl.java:83) ~[hibernate-core-6.6.53.Final.jar!/:6.6.53.Final]
nginx-1           | 172.20.0.13 - - [12/Sep/2026:11:30:58 +0000] "POST /api/admissions HTTP/1.1" 202 157 "-" "k6/0.54.0 (https://k6.io/)"
payment-1         | 	at org.springframework.orm.jpa.vendor.HibernateJpaDialect.beginTransaction(HibernateJpaDialect.java:176) ~[spring-orm-6.2.19.jar!/:6.2.19]
nginx-1           | 172.20.0.13 - - [12/Sep/2026:11:30:58 +0000] "GET /api/admissions/51e29332be6f50aac4412192c73ceb2b47c054553e5bf223e3e6dd9b399cbd6e HTTP/1.1" 200 569 "-" "k6/0.54.0 (https://k6.io/)"
nginx-1           | 172.20.0.13 - - [12/Sep/2026:11:30:58 +0000] "POST /api/admissions HTTP/1.1" 202 157 "-" "k6/0.54.0 (https://k6.io/)"
nginx-1           | 172.20.0.13 - - [12/Sep/2026:11:30:58 +0000] "GET /api/admissions/ef0a20c7d2f9c600faf1a983fde0ead71c9bff1dc9c7207e73917453bc8ffdc0 HTTP/1.1" 200 569 "-" "k6/0.54.0 (https://k6.io/)"
nginx-1           | 172.20.0.13 - - [12/Sep/2026:11:30:58 +0000] "POST /api/admissions HTTP/1.1" 202 157 "-" "k6/0.54.0 (https://k6.io/)"
nginx-1           | 172.20.0.13 - - [12/Sep/2026:11:30:58 +0000] "GET /api/admissions/874205ee2d0b4bf6584ae6e1997129914a0d933d1a27fde752e05bf9a7c65b98 HTTP/1.1" 200 569 "-" "k6/0.54.0 (https://k6.io/)"
nginx-1           | 172.20.0.13 - - [12/Sep/2026:11:30:58 +0000] "POST /api/admissions HTTP/1.1" 202 157 "-" "k6/0.54.0 (https://k6.io/)"
nginx-1           | 172.20.0.13 - - [12/Sep/2026:11:30:58 +0000] "GET /api/admissions/72f6769e3743c48d7f8fc58af95775e6ba868ecb6e10cc4f212df562931e970a HTTP/1.1" 200 568 "-" "k6/0.54.0 (https://k6.io/)"
nginx-1           | 172.20.0.13 - - [12/Sep/2026:11:30:58 +0000] "GET /api/admissions/710e4c378156c26b77b39842d5ab7f25dc39bdba51d3a2e76d851187913b9906 HTTP/1.1" 200 157 "-" "k6/0.54.0 (https://k6.io/)"
checkout-nginx-1  | 172.20.0.13 - - [12/Sep/2026:11:30:59 +0000] "POST /api/purchases HTTP/1.1" 201 261 "-" "k6/0.54.0 (https://k6.io/)"
checkout-nginx-1  | 172.20.0.13 - - [12/Sep/2026:11:31:00 +0000] "POST /api/orders/1ad89626-1c51-4472-806b-841519ab7a62/payments HTTP/1.1" 202 96 "-" "k6/0.54.0 (https://k6.io/)"
payment-1         | 	at org.springframework.orm.jpa.JpaTransactionManager.doBegin(JpaTransactionManager.java:421) ~[spring-orm-6.2.19.jar!/:6.2.19]
checkout-nginx-1  | 172.20.0.13 - - [12/Sep/2026:11:31:00 +0000] "POST /api/purchases HTTP/1.1" 201 261 "-" "k6/0.54.0 (https://k6.io/)"
checkout-nginx-1  | 172.20.0.13 - - [12/Sep/2026:11:31:00 +0000] "POST /api/orders/46d3f590-99ef-4979-b88c-3f32066d3b55/payments HTTP/1.1" 202 96 "-" "k6/0.54.0 (https://k6.io/)"
checkout-nginx-1  | 172.20.0.13 - - [12/Sep/2026:11:31:00 +0000] "POST /api/purchases HTTP/1.1" 201 261 "-" "k6/0.54.0 (https://k6.io/)"
checkout-nginx-1  | 172.20.0.13 - - [12/Sep/2026:11:31:00 +0000] "POST /api/orders/c1c73dd1-e1c4-4cba-a63a-10fa9288b97e/payments HTTP/1.1" 202 96 "-" "k6/0.54.0 (https://k6.io/)"
checkout-nginx-1  | 172.20.0.13 - - [12/Sep/2026:11:31:00 +0000] "POST /api/purchases HTTP/1.1" 201 261 "-" "k6/0.54.0 (https://k6.io/)"
checkout-nginx-1  | 172.20.0.13 - - [12/Sep/2026:11:31:00 +0000] "POST /api/orders/5542498a-49cb-4b83-808e-4fbcbd67d5e0/payments HTTP/1.1" 202 96 "-" "k6/0.54.0 (https://k6.io/)"
checkout-nginx-1  | 172.20.0.13 - - [12/Sep/2026:11:31:00 +0000] "POST /api/purchases HTTP/1.1" 201 261 "-" "k6/0.54.0 (https://k6.io/)"
checkout-nginx-1  | 172.20.0.13 - - [12/Sep/2026:11:31:00 +0000] "POST /api/orders/5647b6fe-8b14-4d88-a0ad-cc4a224123b8/payments HTTP/1.1" 202 96 "-" "k6/0.54.0 (https://k6.io/)"
checkout-nginx-1  | 172.20.0.13 - - [12/Sep/2026:11:31:01 +0000] "POST /api/purchases HTTP/1.1" 201 261 "-" "k6/0.54.0 (https://k6.io/)"
checkout-nginx-1  | 172.20.0.13 - - [12/Sep/2026:11:31:01 +0000] "POST /api/orders/3e8b7fc1-d8ea-4957-8e5a-0f49c8167703/payments HTTP/1.1" 202 96 "-" "k6/0.54.0 (https://k6.io/)"
checkout-nginx-1  | 172.20.0.13 - - [12/Sep/2026:11:31:01 +0000] "POST /api/purchases HTTP/1.1" 201 261 "-" "k6/0.54.0 (https://k6.io/)"
checkout-nginx-1  | 172.20.0.13 - - [12/Sep/2026:11:31:01 +0000] "POST /api/orders/6716b35e-dad5-45fc-a1ea-2fdb4a68cc38/payments HTTP/1.1" 202 96 "-" "k6/0.54.0 (https://k6.io/)"
payment-1         | 	at org.springframework.transaction.support.AbstractPlatformTransactionManager.startTransaction(AbstractPlatformTransactionManager.java:532) ~[spring-tx-6.2.19.jar!/:6.2.19]
payment-1         | 	at org.springframework.transaction.support.AbstractPlatformTransactionManager.getTransaction(AbstractPlatformTransactionManager.java:405) ~[spring-tx-6.2.19.jar!/:6.2.19]
payment-1         | 	at org.springframework.transaction.interceptor.TransactionAspectSupport.createTransactionIfNecessary(TransactionAspectSupport.java:639) ~[spring-tx-6.2.19.jar!/:6.2.19]
checkout-nginx-1  | 172.20.0.13 - - [12/Sep/2026:11:31:01 +0000] "POST /api/purchases HTTP/1.1" 201 261 "-" "k6/0.54.0 (https://k6.io/)"
checkout-nginx-1  | 172.20.0.13 - - [12/Sep/2026:11:31:01 +0000] "POST /api/orders/8e0ea38e-87ee-43aa-80b5-96b19e0535c6/payments HTTP/1.1" 202 96 "-" "k6/0.54.0 (https://k6.io/)"
checkout-nginx-1  | 172.20.0.13 - - [12/Sep/2026:11:31:01 +0000] "POST /api/purchases HTTP/1.1" 201 261 "-" "k6/0.54.0 (https://k6.io/)"
checkout-nginx-1  | 172.20.0.13 - - [12/Sep/2026:11:31:01 +0000] "POST /api/orders/445415a5-038d-4013-84b5-f0c269cd2490/payments HTTP/1.1" 202 96 "-" "k6/0.54.0 (https://k6.io/)"
checkout-nginx-1  | 172.20.0.13 - - [12/Sep/2026:11:31:01 +0000] "POST /api/purchases HTTP/1.1" 201 261 "-" "k6/0.54.0 (https://k6.io/)"
checkout-nginx-1  | 172.20.0.13 - - [12/Sep/2026:11:31:01 +0000] "POST /api/orders/797730b1-1640-4d22-9d08-a42e16850a59/payments HTTP/1.1" 202 96 "-" "k6/0.54.0 (https://k6.io/)"
checkout-nginx-1  | 172.20.0.13 - - [12/Sep/2026:11:31:01 +0000] "POST /api/purchases HTTP/1.1" 201 261 "-" "k6/0.54.0 (https://k6.io/)"
checkout-nginx-1  | 172.20.0.13 - - [12/Sep/2026:11:31:01 +0000] "POST /api/orders/f0f4bba7-b271-495c-b688-4cf98da94297/payments HTTP/1.1" 202 96 "-" "k6/0.54.0 (https://k6.io/)"
checkout-nginx-1  | 172.20.0.13 - - [12/Sep/2026:11:31:02 +0000] "POST /api/purchases HTTP/1.1" 201 261 "-" "k6/0.54.0 (https://k6.io/)"
checkout-nginx-1  | 172.20.0.13 - - [12/Sep/2026:11:31:02 +0000] "POST /api/orders/ec067bee-caa7-4485-9b51-e76a37d7bb16/payments HTTP/1.1" 202 96 "-" "k6/0.54.0 (https://k6.io/)"
checkout-nginx-1  | 172.20.0.13 - - [12/Sep/2026:11:31:02 +0000] "POST /api/purchases HTTP/1.1" 201 261 "-" "k6/0.54.0 (https://k6.io/)"
checkout-nginx-1  | 172.20.0.13 - - [12/Sep/2026:11:31:02 +0000] "POST /api/orders/5671adb4-1309-409f-a389-2d0567c5f2f6/payments HTTP/1.1" 202 96 "-" "k6/0.54.0 (https://k6.io/)"
checkout-nginx-1  | 172.20.0.13 - - [12/Sep/2026:11:31:02 +0000] "POST /api/purchases HTTP/1.1" 201 261 "-" "k6/0.54.0 (https://k6.io/)"
checkout-nginx-1  | 172.20.0.13 - - [12/Sep/2026:11:31:02 +0000] "POST /api/orders/12f9135f-ca08-42a6-bc50-2cdde9acc370/payments HTTP/1.1" 202 96 "-" "k6/0.54.0 (https://k6.io/)"
checkout-nginx-1  | 172.20.0.13 - - [12/Sep/2026:11:31:02 +0000] "POST /api/purchases HTTP/1.1" 201 261 "-" "k6/0.54.0 (https://k6.io/)"
checkout-nginx-1  | 172.20.0.13 - - [12/Sep/2026:11:31:02 +0000] "POST /api/orders/0c033ca5-c0f5-47e6-aa62-e5deb56751fb/payments HTTP/1.1" 202 96 "-" "k6/0.54.0 (https://k6.io/)"
checkout-nginx-1  | 172.20.0.13 - - [12/Sep/2026:11:31:02 +0000] "POST /api/purchases HTTP/1.1" 201 261 "-" "k6/0.54.0 (https://k6.io/)"
checkout-nginx-1  | 172.20.0.13 - - [12/Sep/2026:11:31:02 +0000] "POST /api/orders/29600353-721b-4a43-b54a-86d5d23c6e22/payments HTTP/1.1" 202 96 "-" "k6/0.54.0 (https://k6.io/)"
checkout-nginx-1  | 172.20.0.13 - - [12/Sep/2026:11:31:03 +0000] "POST /api/purchases HTTP/1.1" 201 261 "-" "k6/0.54.0 (https://k6.io/)"
checkout-nginx-1  | 172.20.0.13 - - [12/Sep/2026:11:31:03 +0000] "POST /api/orders/0f0693e7-617a-40e7-aee1-69e4aa2e65c7/payments HTTP/1.1" 202 96 "-" "k6/0.54.0 (https://k6.io/)"
checkout-nginx-1  | 172.20.0.13 - - [12/Sep/2026:11:31:03 +0000] "POST /api/purchases HTTP/1.1" 201 261 "-" "k6/0.54.0 (https://k6.io/)"
checkout-nginx-1  | 172.20.0.13 - - [12/Sep/2026:11:31:03 +0000] "POST /api/orders/fe712c6a-9f2a-4a71-8444-30109075d1ef/payments HTTP/1.1" 202 96 "-" "k6/0.54.0 (https://k6.io/)"
checkout-nginx-1  | 172.20.0.13 - - [12/Sep/2026:11:31:03 +0000] "POST /api/purchases HTTP/1.1" 201 261 "-" "k6/0.54.0 (https://k6.io/)"
checkout-nginx-1  | 172.20.0.13 - - [12/Sep/2026:11:31:03 +0000] "POST /api/orders/3c9dda71-7fe3-495a-b758-a2d42cfd42fc/payments HTTP/1.1" 202 96 "-" "k6/0.54.0 (https://k6.io/)"
nginx-1           | 172.20.0.13 - - [12/Sep/2026:11:30:59 +0000] "POST /api/admissions HTTP/1.1" 202 157 "-" "k6/0.54.0 (https://k6.io/)"
payment-1         | 	at org.springframework.transaction.interceptor.TransactionAspectSupport.invokeWithinTransaction(TransactionAspectSupport.java:374) ~[spring-tx-6.2.19.jar!/:6.2.19]
nginx-1           | 172.20.0.13 - - [12/Sep/2026:11:30:59 +0000] "POST /api/admissions HTTP/1.1" 202 157 "-" "k6/0.54.0 (https://k6.io/)"
nginx-1           | 172.20.0.13 - - [12/Sep/2026:11:30:59 +0000] "GET /api/admissions/451e8754df31077b0cf08118807bd73144ed1e3d4f9fbff48a9231c003b93024 HTTP/1.1" 200 569 "-" "k6/0.54.0 (https://k6.io/)"
nginx-1           | 172.20.0.13 - - [12/Sep/2026:11:30:59 +0000] "POST /api/admissions HTTP/1.1" 202 157 "-" "k6/0.54.0 (https://k6.io/)"
checkout-nginx-1  | 172.20.0.13 - - [12/Sep/2026:11:31:03 +0000] "POST /api/purchases HTTP/1.1" 201 261 "-" "k6/0.54.0 (https://k6.io/)"
checkout-nginx-1  | 172.20.0.13 - - [12/Sep/2026:11:31:03 +0000] "POST /api/orders/55773a17-bfbe-4c90-813f-9c89d6f67bc6/payments HTTP/1.1" 202 96 "-" "k6/0.54.0 (https://k6.io/)"
checkout-nginx-1  | 172.20.0.13 - - [12/Sep/2026:11:31:03 +0000] "POST /api/purchases HTTP/1.1" 201 261 "-" "k6/0.54.0 (https://k6.io/)"
checkout-nginx-1  | 172.20.0.13 - - [12/Sep/2026:11:31:03 +0000] "POST /api/orders/b517d17c-1317-4048-8a8a-f6fff0596673/payments HTTP/1.1" 202 96 "-" "k6/0.54.0 (https://k6.io/)"
checkout-nginx-1  | 172.20.0.13 - - [12/Sep/2026:11:31:04 +0000] "POST /api/purchases HTTP/1.1" 201 261 "-" "k6/0.54.0 (https://k6.io/)"
checkout-nginx-1  | 172.20.0.13 - - [12/Sep/2026:11:31:04 +0000] "POST /api/orders/552f986f-ab02-47a1-a84a-b3074b3f58f6/payments HTTP/1.1" 202 96 "-" "k6/0.54.0 (https://k6.io/)"
checkout-nginx-1  | 172.20.0.13 - - [12/Sep/2026:11:31:04 +0000] "POST /api/purchases HTTP/1.1" 201 261 "-" "k6/0.54.0 (https://k6.io/)"
checkout-nginx-1  | 172.20.0.13 - - [12/Sep/2026:11:31:04 +0000] "POST /api/orders/e3bbcbed-fb22-42e8-a035-af4ad938bd34/payments HTTP/1.1" 202 96 "-" "k6/0.54.0 (https://k6.io/)"
payment-1         | 	at org.springframework.transaction.interceptor.TransactionInterceptor.invoke(TransactionInterceptor.java:119) ~[spring-tx-6.2.19.jar!/:6.2.19]
payment-1         | 	at org.springframework.aop.framework.ReflectiveMethodInvocation.proceed(ReflectiveMethodInvocation.java:184) ~[spring-aop-6.2.19.jar!/:6.2.19]
payment-1         | 	at org.springframework.aop.framework.CglibAopProxy$DynamicAdvisedInterceptor.intercept(CglibAopProxy.java:728) ~[spring-aop-6.2.19.jar!/:6.2.19]
checkout-nginx-1  | 172.20.0.13 - - [12/Sep/2026:11:31:04 +0000] "POST /api/purchases HTTP/1.1" 201 261 "-" "k6/0.54.0 (https://k6.io/)"
checkout-nginx-1  | 172.20.0.13 - - [12/Sep/2026:11:31:04 +0000] "POST /api/orders/cca942b9-43e5-499c-a990-18711842eed8/payments HTTP/1.1" 202 96 "-" "k6/0.54.0 (https://k6.io/)"
checkout-nginx-1  | 172.20.0.13 - - [12/Sep/2026:11:31:04 +0000] "POST /api/purchases HTTP/1.1" 201 261 "-" "k6/0.54.0 (https://k6.io/)"
checkout-nginx-1  | 172.20.0.13 - - [12/Sep/2026:11:31:04 +0000] "POST /api/orders/8a5e4cf9-81d9-4508-86d7-65f2f162ff51/payments HTTP/1.1" 202 96 "-" "k6/0.54.0 (https://k6.io/)"
checkout-nginx-1  | 172.20.0.13 - - [12/Sep/2026:11:31:04 +0000] "POST /api/purchases HTTP/1.1" 201 261 "-" "k6/0.54.0 (https://k6.io/)"
checkout-nginx-1  | 172.20.0.13 - - [12/Sep/2026:11:31:04 +0000] "POST /api/orders/fba95340-4045-437e-a5d4-de6dbdc89dc2/payments HTTP/1.1" 202 96 "-" "k6/0.54.0 (https://k6.io/)"
checkout-nginx-1  | 172.20.0.13 - - [12/Sep/2026:11:31:05 +0000] "POST /api/purchases HTTP/1.1" 201 261 "-" "k6/0.54.0 (https://k6.io/)"
checkout-nginx-1  | 172.20.0.13 - - [12/Sep/2026:11:31:05 +0000] "POST /api/orders/56258563-bffd-4273-ac15-c891a731284e/payments HTTP/1.1" 202 96 "-" "k6/0.54.0 (https://k6.io/)"
checkout-nginx-1  | 172.20.0.13 - - [12/Sep/2026:11:31:05 +0000] "POST /api/purchases HTTP/1.1" 201 261 "-" "k6/0.54.0 (https://k6.io/)"
nginx-1           | 172.20.0.13 - - [12/Sep/2026:11:30:59 +0000] "GET /api/admissions/a0be89cf49475d209c0e75f68a5b2c48f079f24f4b0ed0acd583031f89feb864 HTTP/1.1" 200 569 "-" "k6/0.54.0 (https://k6.io/)"
nginx-1           | 172.20.0.13 - - [12/Sep/2026:11:30:59 +0000] "GET /api/admissions/4fd4295af83693c478d9250c75513c8ed2f92d648b3fe37f0dfdb670f6e7c9b9 HTTP/1.1" 200 569 "-" "k6/0.54.0 (https://k6.io/)"
nginx-1           | 172.20.0.13 - - [12/Sep/2026:11:30:59 +0000] "POST /api/admissions HTTP/1.1" 202 157 "-" "k6/0.54.0 (https://k6.io/)"
nginx-1           | 172.20.0.13 - - [12/Sep/2026:11:30:59 +0000] "GET /api/admissions/e422da70366170cbbb1ca20ee470d22333c758006f9c1b893ad6bacb86ef3801 HTTP/1.1" 200 569 "-" "k6/0.54.0 (https://k6.io/)"
nginx-1           | 172.20.0.13 - - [12/Sep/2026:11:30:59 +0000] "POST /api/admissions HTTP/1.1" 202 157 "-" "k6/0.54.0 (https://k6.io/)"
payment-1         | 	at com.limitedgoods.payments.PaymentService$$SpringCGLIB$$0.start(<generated>) ~[!/:0.1.0]
payment-1         | 	at com.limitedgoods.payments.PaymentController.start(PaymentController.java:19) ~[!/:0.1.0]
nginx-1           | 172.20.0.13 - - [12/Sep/2026:11:30:59 +0000] "GET /api/admissions/2f9d83174805a3853f8f8cd24a74e51ee5ec278c3a499361e759674d4376a5f1 HTTP/1.1" 200 569 "-" "k6/0.54.0 (https://k6.io/)"
nginx-1           | 172.20.0.13 - - [12/Sep/2026:11:31:00 +0000] "GET /api/admissions/710e4c378156c26b77b39842d5ab7f25dc39bdba51d3a2e76d851187913b9906 HTTP/1.1" 200 157 "-" "k6/0.54.0 (https://k6.io/)"
nginx-1           | 172.20.0.13 - - [12/Sep/2026:11:31:00 +0000] "POST /api/admissions HTTP/1.1" 202 157 "-" "k6/0.54.0 (https://k6.io/)"
nginx-1           | 172.20.0.13 - - [12/Sep/2026:11:31:00 +0000] "POST /api/admissions HTTP/1.1" 202 157 "-" "k6/0.54.0 (https://k6.io/)"
nginx-1           | 172.20.0.13 - - [12/Sep/2026:11:31:00 +0000] "GET /api/admissions/94911acd6c4df523e4c1fcddd9f930f3aa8602af724a9dae22574215b82c6110 HTTP/1.1" 200 569 "-" "k6/0.54.0 (https://k6.io/)"
nginx-1           | 172.20.0.13 - - [12/Sep/2026:11:31:00 +0000] "GET /api/admissions/6ef45a407c4339d2f521de67e2924e0d7ce140d63198c6f1e4b228d2878035a8 HTTP/1.1" 200 569 "-" "k6/0.54.0 (https://k6.io/)"
payment-1         | 	at java.base/jdk.internal.reflect.DirectMethodHandleAccessor.invoke(Unknown Source) ~[na:na]
payment-1         | 	at java.base/java.lang.reflect.Method.invoke(Unknown Source) ~[na:na]
payment-1         | 	at org.springframework.web.method.support.InvocableHandlerMethod.doInvoke(InvocableHandlerMethod.java:258) ~[spring-web-6.2.19.jar!/:6.2.19]
checkout-nginx-1  | 172.20.0.13 - - [12/Sep/2026:11:31:05 +0000] "POST /api/orders/cbcee5f0-d0f1-49f9-aa75-c74604972743/payments HTTP/1.1" 202 96 "-" "k6/0.54.0 (https://k6.io/)"
checkout-nginx-1  | 172.20.0.13 - - [12/Sep/2026:11:31:05 +0000] "POST /api/purchases HTTP/1.1" 201 261 "-" "k6/0.54.0 (https://k6.io/)"
checkout-nginx-1  | 172.20.0.13 - - [12/Sep/2026:11:31:05 +0000] "POST /api/orders/a9ee08ad-ed7d-460b-923a-c53634b0414a/payments HTTP/1.1" 202 96 "-" "k6/0.54.0 (https://k6.io/)"
checkout-nginx-1  | 172.20.0.13 - - [12/Sep/2026:11:31:05 +0000] "POST /api/purchases HTTP/1.1" 201 261 "-" "k6/0.54.0 (https://k6.io/)"
checkout-nginx-1  | 172.20.0.13 - - [12/Sep/2026:11:31:05 +0000] "POST /api/orders/eed90e9a-c4b2-49b8-8d27-2625ba8d2ae4/payments HTTP/1.1" 202 96 "-" "k6/0.54.0 (https://k6.io/)"
checkout-nginx-1  | 172.20.0.13 - - [12/Sep/2026:11:31:05 +0000] "POST /api/purchases HTTP/1.1" 201 261 "-" "k6/0.54.0 (https://k6.io/)"
nginx-1           | 172.20.0.13 - - [12/Sep/2026:11:31:00 +0000] "POST /api/admissions HTTP/1.1" 202 157 "-" "k6/0.54.0 (https://k6.io/)"
nginx-1           | 172.20.0.13 - - [12/Sep/2026:11:31:00 +0000] "GET /api/admissions/6b206587d932eedabb3c092d881ca9e3fd8821d0aad36fe39593aeaa41f7243f HTTP/1.1" 200 569 "-" "k6/0.54.0 (https://k6.io/)"
nginx-1           | 172.20.0.13 - - [12/Sep/2026:11:31:00 +0000] "POST /api/admissions HTTP/1.1" 202 157 "-" "k6/0.54.0 (https://k6.io/)"
nginx-1           | 172.20.0.13 - - [12/Sep/2026:11:31:00 +0000] "POST /api/admissions HTTP/1.1" 202 157 "-" "k6/0.54.0 (https://k6.io/)"
nginx-1           | 172.20.0.13 - - [12/Sep/2026:11:31:00 +0000] "GET /api/admissions/98f70ed31ebaf139ce8f26ea660884c8c38a8c39a8f7e501248b9e820534c22e HTTP/1.1" 200 569 "-" "k6/0.54.0 (https://k6.io/)"
nginx-1           | 172.20.0.13 - - [12/Sep/2026:11:31:00 +0000] "GET /api/admissions/ae0bc6dbbdc22bb6d99fea4129d066263a685bdafed1ae97859ae2ef27087002 HTTP/1.1" 200 569 "-" "k6/0.54.0 (https://k6.io/)"
nginx-1           | 172.20.0.13 - - [12/Sep/2026:11:31:01 +0000] "POST /api/admissions HTTP/1.1" 202 157 "-" "k6/0.54.0 (https://k6.io/)"
nginx-1           | 172.20.0.13 - - [12/Sep/2026:11:31:01 +0000] "GET /api/admissions/eca34773c428c19b8a346f9d5e90811aa5f8b50cbfc32e167d193fde649df2db HTTP/1.1" 200 569 "-" "k6/0.54.0 (https://k6.io/)"
checkout-nginx-1  | 172.20.0.13 - - [12/Sep/2026:11:31:05 +0000] "POST /api/orders/ad72742a-5c12-44c5-83d5-da13af8c4305/payments HTTP/1.1" 202 96 "-" "k6/0.54.0 (https://k6.io/)"
checkout-nginx-1  | 172.20.0.13 - - [12/Sep/2026:11:31:05 +0000] "POST /api/purchases HTTP/1.1" 201 261 "-" "k6/0.54.0 (https://k6.io/)"
checkout-nginx-1  | 172.20.0.13 - - [12/Sep/2026:11:31:05 +0000] "POST /api/orders/f411ec85-a7d4-42ef-8d2e-db291aa9ffed/payments HTTP/1.1" 202 96 "-" "k6/0.54.0 (https://k6.io/)"
checkout-nginx-1  | 172.20.0.13 - - [12/Sep/2026:11:31:06 +0000] "POST /api/purchases HTTP/1.1" 201 261 "-" "k6/0.54.0 (https://k6.io/)"
checkout-nginx-1  | 172.20.0.13 - - [12/Sep/2026:11:31:06 +0000] "POST /api/orders/36efb465-05db-4f3e-a6b1-600e6f5c8a64/payments HTTP/1.1" 202 96 "-" "k6/0.54.0 (https://k6.io/)"
checkout-nginx-1  | 172.20.0.13 - - [12/Sep/2026:11:31:06 +0000] "POST /api/purchases HTTP/1.1" 201 261 "-" "k6/0.54.0 (https://k6.io/)"
checkout-nginx-1  | 172.20.0.13 - - [12/Sep/2026:11:31:06 +0000] "POST /api/orders/765ef47d-0909-43e1-9a2a-eb51f73ddebb/payments HTTP/1.1" 202 96 "-" "k6/0.54.0 (https://k6.io/)"
checkout-nginx-1  | 172.20.0.13 - - [12/Sep/2026:11:31:06 +0000] "POST /api/purchases HTTP/1.1" 201 261 "-" "k6/0.54.0 (https://k6.io/)"
payment-1         | 	at org.springframework.web.method.support.InvocableHandlerMethod.invokeForRequest(InvocableHandlerMethod.java:191) ~[spring-web-6.2.19.jar!/:6.2.19]
payment-1         | 	at org.springframework.web.servlet.mvc.method.annotation.ServletInvocableHandlerMethod.invokeAndHandle(ServletInvocableHandlerMethod.java:118) ~[spring-webmvc-6.2.19.jar!/:6.2.19]
payment-1         | 	at org.springframework.web.servlet.mvc.method.annotation.RequestMappingHandlerAdapter.invokeHandlerMethod(RequestMappingHandlerAdapter.java:991) ~[spring-webmvc-6.2.19.jar!/:6.2.19]
payment-1         | 	at org.springframework.web.servlet.mvc.method.annotation.RequestMappingHandlerAdapter.handleInternal(RequestMappingHandlerAdapter.java:896) ~[spring-webmvc-6.2.19.jar!/:6.2.19]
payment-1         | 	at org.springframework.web.servlet.mvc.method.AbstractHandlerMethodAdapter.handle(AbstractHandlerMethodAdapter.java:87) ~[spring-webmvc-6.2.19.jar!/:6.2.19]
nginx-1           | 172.20.0.13 - - [12/Sep/2026:11:31:01 +0000] "GET /api/admissions/710e4c378156c26b77b39842d5ab7f25dc39bdba51d3a2e76d851187913b9906 HTTP/1.1" 200 157 "-" "k6/0.54.0 (https://k6.io/)"
nginx-1           | 172.20.0.13 - - [12/Sep/2026:11:31:01 +0000] "POST /api/admissions HTTP/1.1" 202 157 "-" "k6/0.54.0 (https://k6.io/)"
nginx-1           | 172.20.0.13 - - [12/Sep/2026:11:31:01 +0000] "GET /api/admissions/e402378d5c16cac5e2ce45b2142215516e6a275397bfefa5519c98b1c1d99638 HTTP/1.1" 200 569 "-" "k6/0.54.0 (https://k6.io/)"
nginx-1           | 172.20.0.13 - - [12/Sep/2026:11:31:01 +0000] "POST /api/admissions HTTP/1.1" 202 157 "-" "k6/0.54.0 (https://k6.io/)"
payment-1         | 	at org.springframework.web.servlet.DispatcherServlet.doDispatch(DispatcherServlet.java:1089) ~[spring-webmvc-6.2.19.jar!/:6.2.19]
payment-1         | 	at org.springframework.web.servlet.DispatcherServlet.doService(DispatcherServlet.java:979) ~[spring-webmvc-6.2.19.jar!/:6.2.19]
payment-1         | 	at org.springframework.web.servlet.FrameworkServlet.processRequest(FrameworkServlet.java:1014) ~[spring-webmvc-6.2.19.jar!/:6.2.19]
payment-1         | 	at org.springframework.web.servlet.FrameworkServlet.doPost(FrameworkServlet.java:914) ~[spring-webmvc-6.2.19.jar!/:6.2.19]
payment-1         | 	at jakarta.servlet.http.HttpServlet.service(HttpServlet.java:590) ~[tomcat-embed-core-10.1.55.jar!/:na]
payment-1         | 	at org.springframework.web.servlet.FrameworkServlet.service(FrameworkServlet.java:885) ~[spring-webmvc-6.2.19.jar!/:6.2.19]
payment-1         | 	at jakarta.servlet.http.HttpServlet.service(HttpServlet.java:658) ~[tomcat-embed-core-10.1.55.jar!/:na]
payment-1         | 	at org.apache.catalina.core.ApplicationFilterChain.internalDoFilter(ApplicationFilterChain.java:193) ~[tomcat-embed-core-10.1.55.jar!/:na]
payment-1         | 	at org.apache.catalina.core.ApplicationFilterChain.doFilter(ApplicationFilterChain.java:138) ~[tomcat-embed-core-10.1.55.jar!/:na]
payment-1         | 	at org.apache.tomcat.websocket.server.WsFilter.doFilter(WsFilter.java:51) ~[tomcat-embed-websocket-10.1.55.jar!/:na]
payment-1         | 	at org.apache.catalina.core.ApplicationFilterChain.internalDoFilter(ApplicationFilterChain.java:162) ~[tomcat-embed-core-10.1.55.jar!/:na]
payment-1         | 	at org.apache.catalina.core.ApplicationFilterChain.doFilter(ApplicationFilterChain.java:138) ~[tomcat-embed-core-10.1.55.jar!/:na]
payment-1         | 	at org.springframework.web.filter.RequestContextFilter.doFilterInternal(RequestContextFilter.java:100) ~[spring-web-6.2.19.jar!/:6.2.19]
payment-1         | 	at org.springframework.web.filter.OncePerRequestFilter.doFilter(OncePerRequestFilter.java:116) ~[spring-web-6.2.19.jar!/:6.2.19]
payment-1         | 	at org.apache.catalina.core.ApplicationFilterChain.internalDoFilter(ApplicationFilterChain.java:162) ~[tomcat-embed-core-10.1.55.jar!/:na]
payment-1         | 	at org.apache.catalina.core.ApplicationFilterChain.doFilter(ApplicationFilterChain.java:138) ~[tomcat-embed-core-10.1.55.jar!/:na]
payment-1         | 	at org.springframework.web.filter.FormContentFilter.doFilterInternal(FormContentFilter.java:93) ~[spring-web-6.2.19.jar!/:6.2.19]
payment-1         | 	at org.springframework.web.filter.OncePerRequestFilter.doFilter(OncePerRequestFilter.java:116) ~[spring-web-6.2.19.jar!/:6.2.19]
payment-1         | 	at org.apache.catalina.core.ApplicationFilterChain.internalDoFilter(ApplicationFilterChain.java:162) ~[tomcat-embed-core-10.1.55.jar!/:na]
payment-1         | 	at org.apache.catalina.core.ApplicationFilterChain.doFilter(ApplicationFilterChain.java:138) ~[tomcat-embed-core-10.1.55.jar!/:na]
payment-1         | 	at org.springframework.web.filter.ServerHttpObservationFilter.doFilterInternal(ServerHttpObservationFilter.java:110) ~[spring-web-6.2.19.jar!/:6.2.19]
payment-1         | 	at org.springframework.web.filter.OncePerRequestFilter.doFilter(OncePerRequestFilter.java:116) ~[spring-web-6.2.19.jar!/:6.2.19]
payment-1         | 	at org.apache.catalina.core.ApplicationFilterChain.internalDoFilter(ApplicationFilterChain.java:162) ~[tomcat-embed-core-10.1.55.jar!/:na]
payment-1         | 	at org.apache.catalina.core.ApplicationFilterChain.doFilter(ApplicationFilterChain.java:138) ~[tomcat-embed-core-10.1.55.jar!/:na]
payment-1         | 	at org.springframework.web.filter.CharacterEncodingFilter.doFilterInternal(CharacterEncodingFilter.java:201) ~[spring-web-6.2.19.jar!/:6.2.19]
payment-1         | 	at org.springframework.web.filter.OncePerRequestFilter.doFilter(OncePerRequestFilter.java:116) ~[spring-web-6.2.19.jar!/:6.2.19]
payment-1         | 	at org.apache.catalina.core.ApplicationFilterChain.internalDoFilter(ApplicationFilterChain.java:162) ~[tomcat-embed-core-10.1.55.jar!/:na]
payment-1         | 	at org.apache.catalina.core.ApplicationFilterChain.doFilter(ApplicationFilterChain.java:138) ~[tomcat-embed-core-10.1.55.jar!/:na]
payment-1         | 	at org.apache.catalina.core.StandardWrapperValve.invoke(StandardWrapperValve.java:165) ~[tomcat-embed-core-10.1.55.jar!/:na]
nginx-1           | 172.20.0.13 - - [12/Sep/2026:11:31:01 +0000] "GET /api/admissions/55301228cdc91d47c4d99883a8781972265c0a225128b5d599a857a9f484f921 HTTP/1.1" 200 569 "-" "k6/0.54.0 (https://k6.io/)"
nginx-1           | 172.20.0.13 - - [12/Sep/2026:11:31:01 +0000] "POST /api/admissions HTTP/1.1" 202 157 "-" "k6/0.54.0 (https://k6.io/)"
nginx-1           | 172.20.0.13 - - [12/Sep/2026:11:31:01 +0000] "GET /api/admissions/92cc235aeb65af3d2becfb38b4f986eb9c8b9c7dbdb40c08e03e270dab3a8af1 HTTP/1.1" 200 569 "-" "k6/0.54.0 (https://k6.io/)"
nginx-1           | 172.20.0.13 - - [12/Sep/2026:11:31:01 +0000] "POST /api/admissions HTTP/1.1" 202 157 "-" "k6/0.54.0 (https://k6.io/)"
nginx-1           | 172.20.0.13 - - [12/Sep/2026:11:31:01 +0000] "GET /api/admissions/72c6eebf922ee12db5d8f8e069f3cfaf0cc07881f5e4b7af11c7de219a61720c HTTP/1.1" 200 569 "-" "k6/0.54.0 (https://k6.io/)"
nginx-1           | 172.20.0.13 - - [12/Sep/2026:11:31:02 +0000] "POST /api/admissions HTTP/1.1" 202 157 "-" "k6/0.54.0 (https://k6.io/)"
nginx-1           | 172.20.0.13 - - [12/Sep/2026:11:31:02 +0000] "GET /api/admissions/710e4c378156c26b77b39842d5ab7f25dc39bdba51d3a2e76d851187913b9906 HTTP/1.1" 200 569 "-" "k6/0.54.0 (https://k6.io/)"
nginx-1           | 172.20.0.13 - - [12/Sep/2026:11:31:02 +0000] "POST /api/admissions HTTP/1.1" 202 157 "-" "k6/0.54.0 (https://k6.io/)"
nginx-1           | 172.20.0.13 - - [12/Sep/2026:11:31:02 +0000] "GET /api/admissions/34cf5c1307b8a9b7f5a0ae44738a9ea1431c871195b929e12999fcda0fd41bcf HTTP/1.1" 200 569 "-" "k6/0.54.0 (https://k6.io/)"
nginx-1           | 172.20.0.13 - - [12/Sep/2026:11:31:02 +0000] "GET /api/admissions/282dcd0344cbd703eaf5aaeca4ee91f52393de94e3c71fbb4b3e623102f841e8 HTTP/1.1" 200 569 "-" "k6/0.54.0 (https://k6.io/)"
nginx-1           | 172.20.0.13 - - [12/Sep/2026:11:31:02 +0000] "POST /api/admissions HTTP/1.1" 202 157 "-" "k6/0.54.0 (https://k6.io/)"
nginx-1           | 172.20.0.13 - - [12/Sep/2026:11:31:02 +0000] "POST /api/admissions HTTP/1.1" 202 157 "-" "k6/0.54.0 (https://k6.io/)"
payment-1         | 	at org.apache.catalina.core.StandardContextValve.invoke(StandardContextValve.java:88) ~[tomcat-embed-core-10.1.55.jar!/:na]
payment-1         | 	at org.apache.catalina.authenticator.AuthenticatorBase.invoke(AuthenticatorBase.java:492) ~[tomcat-embed-core-10.1.55.jar!/:na]
payment-1         | 	at org.apache.catalina.core.StandardHostValve.invoke(StandardHostValve.java:113) ~[tomcat-embed-core-10.1.55.jar!/:na]
payment-1         | 	at org.apache.catalina.valves.ErrorReportValve.invoke(ErrorReportValve.java:83) ~[tomcat-embed-core-10.1.55.jar!/:na]
payment-1         | 	at org.apache.catalina.core.StandardEngineValve.invoke(StandardEngineValve.java:72) ~[tomcat-embed-core-10.1.55.jar!/:na]
payment-1         | 	at org.apache.catalina.connector.CoyoteAdapter.service(CoyoteAdapter.java:342) ~[tomcat-embed-core-10.1.55.jar!/:na]
payment-1         | 	at org.apache.coyote.http11.Http11Processor.service(Http11Processor.java:399) ~[tomcat-embed-core-10.1.55.jar!/:na]
payment-1         | 	at org.apache.coyote.AbstractProcessorLight.process(AbstractProcessorLight.java:63) ~[tomcat-embed-core-10.1.55.jar!/:na]
payment-1         | 	at org.apache.coyote.AbstractProtocol$ConnectionHandler.process(AbstractProtocol.java:1272) ~[tomcat-embed-core-10.1.55.jar!/:na]
payment-1         | 	at org.apache.tomcat.util.net.NioEndpoint$SocketProcessor.doRun(NioEndpoint.java:1797) ~[tomcat-embed-core-10.1.55.jar!/:na]
payment-1         | 	at org.apache.tomcat.util.net.SocketProcessorBase.run(SocketProcessorBase.java:52) ~[tomcat-embed-core-10.1.55.jar!/:na]
payment-1         | 	at org.apache.tomcat.util.threads.ThreadPoolExecutor.runWorker(ThreadPoolExecutor.java:973) ~[tomcat-embed-core-10.1.55.jar!/:na]
payment-1         | 	at org.apache.tomcat.util.threads.ThreadPoolExecutor$Worker.run(ThreadPoolExecutor.java:491) ~[tomcat-embed-core-10.1.55.jar!/:na]
payment-1         | 	at org.apache.tomcat.util.threads.TaskThread$WrappingRunnable.run(TaskThread.java:63) ~[tomcat-embed-core-10.1.55.jar!/:na]
payment-1         | 	at java.base/java.lang.Thread.run(Unknown Source) ~[na:na]
payment-1         | 
payment-1         | 2026-09-12T11:30:55.069Z  WARN 1 --- [limited-goods] [io-8080-exec-11] o.h.engine.jdbc.spi.SqlExceptionHelper   : SQL Error: 0, SQLState: null
payment-1         | 2026-09-12T11:30:55.069Z ERROR 1 --- [limited-goods] [io-8080-exec-11] o.h.engine.jdbc.spi.SqlExceptionHelper   : HikariPool-1 - Connection is not available, request timed out after 1000ms (total=4, active=4, idle=0, waiting=6)
payment-1         | 2026-09-12T11:30:55.070Z ERROR 1 --- [limited-goods] [io-8080-exec-11] o.a.c.c.C.[.[.[/].[dispatcherServlet]    : Servlet.service() for servlet [dispatcherServlet] in context with path [] threw exception [Request processing failed: org.springframework.transaction.CannotCreateTransactionException: Could not open JPA EntityManager for transaction] with root cause
payment-1         | 
payment-1         | java.sql.SQLTransientConnectionException: HikariPool-1 - Connection is not available, request timed out after 1000ms (total=4, active=4, idle=0, waiting=6)
payment-1         | 	at com.zaxxer.hikari.pool.HikariPool.createTimeoutException(HikariPool.java:714) ~[HikariCP-6.3.3.jar!/:na]
payment-1         | 	at com.zaxxer.hikari.pool.HikariPool.getConnection(HikariPool.java:184) ~[HikariCP-6.3.3.jar!/:na]
payment-1         | 	at com.zaxxer.hikari.pool.HikariPool.getConnection(HikariPool.java:142) ~[HikariCP-6.3.3.jar!/:na]
payment-1         | 	at com.zaxxer.hikari.HikariDataSource.getConnection(HikariDataSource.java:127) ~[HikariCP-6.3.3.jar!/:na]
nginx-1           | 172.20.0.13 - - [12/Sep/2026:11:31:02 +0000] "GET /api/admissions/e5b536bf881ae4cf9a30d1479d775a2f7285b1130a70914708c84e7015356d46 HTTP/1.1" 200 569 "-" "k6/0.54.0 (https://k6.io/)"
nginx-1           | 172.20.0.13 - - [12/Sep/2026:11:31:02 +0000] "GET /api/admissions/4d9c8602a3620a8b88b9add06a327f04ee5b6db8f1e0472d701c7e21971f87fc HTTP/1.1" 200 569 "-" "k6/0.54.0 (https://k6.io/)"
nginx-1           | 172.20.0.13 - - [12/Sep/2026:11:31:02 +0000] "POST /api/admissions HTTP/1.1" 202 157 "-" "k6/0.54.0 (https://k6.io/)"
nginx-1           | 172.20.0.13 - - [12/Sep/2026:11:31:03 +0000] "POST /api/admissions HTTP/1.1" 202 157 "-" "k6/0.54.0 (https://k6.io/)"
nginx-1           | 172.20.0.13 - - [12/Sep/2026:11:31:03 +0000] "GET /api/admissions/d672b478ba5c7c879b2efd026a25de421c6f1b69fc5c2f6be291640c7408308c HTTP/1.1" 200 569 "-" "k6/0.54.0 (https://k6.io/)"
checkout-nginx-1  | 172.20.0.13 - - [12/Sep/2026:11:31:06 +0000] "POST /api/purchases HTTP/1.1" 201 261 "-" "k6/0.54.0 (https://k6.io/)"
checkout-nginx-1  | 172.20.0.13 - - [12/Sep/2026:11:31:06 +0000] "POST /api/orders/097b2733-75cb-470d-b16a-c3995270c255/payments HTTP/1.1" 202 96 "-" "k6/0.54.0 (https://k6.io/)"
checkout-nginx-1  | 172.20.0.13 - - [12/Sep/2026:11:31:06 +0000] "POST /api/orders/ec20026d-1638-4971-8a6d-40b026caade8/payments HTTP/1.1" 202 96 "-" "k6/0.54.0 (https://k6.io/)"
checkout-nginx-1  | 172.20.0.13 - - [12/Sep/2026:11:31:06 +0000] "POST /api/purchases HTTP/1.1" 201 261 "-" "k6/0.54.0 (https://k6.io/)"
checkout-nginx-1  | 172.20.0.13 - - [12/Sep/2026:11:31:06 +0000] "POST /api/orders/c3afa04d-5c77-4942-b3a8-6e81f9847abf/payments HTTP/1.1" 202 96 "-" "k6/0.54.0 (https://k6.io/)"
checkout-nginx-1  | 172.20.0.13 - - [12/Sep/2026:11:31:06 +0000] "POST /api/purchases HTTP/1.1" 201 261 "-" "k6/0.54.0 (https://k6.io/)"
checkout-nginx-1  | 172.20.0.13 - - [12/Sep/2026:11:31:06 +0000] "POST /api/orders/c02194cb-794d-4dba-94c8-41a448370249/payments HTTP/1.1" 202 96 "-" "k6/0.54.0 (https://k6.io/)"
checkout-nginx-1  | 172.20.0.13 - - [12/Sep/2026:11:31:06 +0000] "POST /api/purchases HTTP/1.1" 201 261 "-" "k6/0.54.0 (https://k6.io/)"
checkout-nginx-1  | 172.20.0.13 - - [12/Sep/2026:11:31:06 +0000] "POST /api/orders/07689edf-0354-4fa9-ac9a-a4ff659ed8b0/payments HTTP/1.1" 202 96 "-" "k6/0.54.0 (https://k6.io/)"
checkout-nginx-1  | 172.20.0.13 - - [12/Sep/2026:11:31:07 +0000] "POST /api/purchases HTTP/1.1" 201 261 "-" "k6/0.54.0 (https://k6.io/)"
checkout-nginx-1  | 172.20.0.13 - - [12/Sep/2026:11:31:07 +0000] "POST /api/orders/9788aadc-db2c-44d3-9875-73465abcbe9b/payments HTTP/1.1" 202 96 "-" "k6/0.54.0 (https://k6.io/)"
checkout-nginx-1  | 172.20.0.13 - - [12/Sep/2026:11:31:07 +0000] "POST /api/purchases HTTP/1.1" 201 261 "-" "k6/0.54.0 (https://k6.io/)"
checkout-nginx-1  | 172.20.0.13 - - [12/Sep/2026:11:31:07 +0000] "POST /api/orders/2b234412-8f32-4520-bcd0-65ca23d0a2c5/payments HTTP/1.1" 202 96 "-" "k6/0.54.0 (https://k6.io/)"
checkout-nginx-1  | 172.20.0.13 - - [12/Sep/2026:11:31:07 +0000] "POST /api/purchases HTTP/1.1" 201 261 "-" "k6/0.54.0 (https://k6.io/)"
nginx-1           | 172.20.0.13 - - [12/Sep/2026:11:31:03 +0000] "POST /api/admissions HTTP/1.1" 202 157 "-" "k6/0.54.0 (https://k6.io/)"
nginx-1           | 172.20.0.13 - - [12/Sep/2026:11:31:03 +0000] "GET /api/admissions/42b19ed53b736f0e802802de01e973e523254efebc61bf40328f9ea994b2ecae HTTP/1.1" 200 569 "-" "k6/0.54.0 (https://k6.io/)"
nginx-1           | 172.20.0.13 - - [12/Sep/2026:11:31:03 +0000] "GET /api/admissions/ed7ac207f8fda6fbf1cbc6724eb1ee3de75a7ba1f45e92bc7e600380d4cd5efc HTTP/1.1" 200 569 "-" "k6/0.54.0 (https://k6.io/)"
nginx-1           | 172.20.0.13 - - [12/Sep/2026:11:31:03 +0000] "POST /api/admissions HTTP/1.1" 202 157 "-" "k6/0.54.0 (https://k6.io/)"
nginx-1           | 172.20.0.13 - - [12/Sep/2026:11:31:03 +0000] "GET /api/admissions/77405f36270d49ecc6966346b26cf0109a1cebfcd3f62fbd0f4426b552c4c102 HTTP/1.1" 200 569 "-" "k6/0.54.0 (https://k6.io/)"
nginx-1           | 172.20.0.13 - - [12/Sep/2026:11:31:03 +0000] "POST /api/admissions HTTP/1.1" 202 157 "-" "k6/0.54.0 (https://k6.io/)"
nginx-1           | 172.20.0.13 - - [12/Sep/2026:11:31:03 +0000] "GET /api/admissions/30a56e78e4927552b98600ad3d3a8e14754eea1ea63126527087347e71d3011d HTTP/1.1" 200 569 "-" "k6/0.54.0 (https://k6.io/)"
nginx-1           | 172.20.0.13 - - [12/Sep/2026:11:31:03 +0000] "POST /api/admissions HTTP/1.1" 202 157 "-" "k6/0.54.0 (https://k6.io/)"
nginx-1           | 172.20.0.13 - - [12/Sep/2026:11:31:03 +0000] "GET /api/admissions/886931181cc5932e669fc374189c9dd3e237a7adc0e79464530f2abf84f36d0d HTTP/1.1" 200 569 "-" "k6/0.54.0 (https://k6.io/)"
nginx-1           | 172.20.0.13 - - [12/Sep/2026:11:31:04 +0000] "POST /api/admissions HTTP/1.1" 202 157 "-" "k6/0.54.0 (https://k6.io/)"
payment-1         | 	at org.hibernate.engine.jdbc.connections.internal.DatasourceConnectionProviderImpl.getConnection(DatasourceConnectionProviderImpl.java:126) ~[hibernate-core-6.6.53.Final.jar!/:6.6.53.Final]
payment-1         | 	at org.hibernate.internal.NonContextualJdbcConnectionAccess.obtainConnection(NonContextualJdbcConnectionAccess.java:46) ~[hibernate-core-6.6.53.Final.jar!/:6.6.53.Final]
payment-1         | 	at org.hibernate.resource.jdbc.internal.LogicalConnectionManagedImpl.acquireConnectionIfNeeded(LogicalConnectionManagedImpl.java:126) ~[hibernate-core-6.6.53.Final.jar!/:6.6.53.Final]
payment-1         | 	at org.hibernate.resource.jdbc.internal.LogicalConnectionManagedImpl.getPhysicalConnection(LogicalConnectionManagedImpl.java:156) ~[hibernate-core-6.6.53.Final.jar!/:6.6.53.Final]
nginx-1           | 172.20.0.13 - - [12/Sep/2026:11:31:04 +0000] "POST /api/admissions HTTP/1.1" 202 157 "-" "k6/0.54.0 (https://k6.io/)"
nginx-1           | 172.20.0.13 - - [12/Sep/2026:11:31:04 +0000] "GET /api/admissions/ccbec11852c7f217c22cc76bf34b0ec7890d1c2015b9bcbdf701fcd821aa576c HTTP/1.1" 200 569 "-" "k6/0.54.0 (https://k6.io/)"
nginx-1           | 172.20.0.13 - - [12/Sep/2026:11:31:04 +0000] "POST /api/admissions HTTP/1.1" 202 157 "-" "k6/0.54.0 (https://k6.io/)"
nginx-1           | 172.20.0.13 - - [12/Sep/2026:11:31:04 +0000] "GET /api/admissions/be423f7f5416f048e6d0f44df602586104bcb4cbfec151a53c38bd6f543913c4 HTTP/1.1" 200 569 "-" "k6/0.54.0 (https://k6.io/)"
nginx-1           | 172.20.0.13 - - [12/Sep/2026:11:31:04 +0000] "GET /api/admissions/c627988e25aeebba759103c3ffba41e10d9105ca8b34181c78bc06d2eb4cbacc HTTP/1.1" 200 569 "-" "k6/0.54.0 (https://k6.io/)"
nginx-1           | 172.20.0.13 - - [12/Sep/2026:11:31:04 +0000] "POST /api/admissions HTTP/1.1" 202 157 "-" "k6/0.54.0 (https://k6.io/)"
checkout-nginx-1  | 172.20.0.13 - - [12/Sep/2026:11:31:07 +0000] "POST /api/orders/b04d363e-f13b-4a6d-ac58-f1907306fc29/payments HTTP/1.1" 202 96 "-" "k6/0.54.0 (https://k6.io/)"
checkout-nginx-1  | 172.20.0.13 - - [12/Sep/2026:11:31:07 +0000] "POST /api/purchases HTTP/1.1" 201 261 "-" "k6/0.54.0 (https://k6.io/)"
checkout-nginx-1  | 172.20.0.13 - - [12/Sep/2026:11:31:07 +0000] "POST /api/orders/4badd110-40ce-44d8-a59c-a7d812585c83/payments HTTP/1.1" 202 96 "-" "k6/0.54.0 (https://k6.io/)"
nginx-1           | 172.20.0.13 - - [12/Sep/2026:11:31:04 +0000] "GET /api/admissions/3316458f8ccddd36df30b0b9b68e02df503cce07e58308bd795943595d11fa47 HTTP/1.1" 200 569 "-" "k6/0.54.0 (https://k6.io/)"
nginx-1           | 172.20.0.13 - - [12/Sep/2026:11:31:04 +0000] "POST /api/admissions HTTP/1.1" 202 157 "-" "k6/0.54.0 (https://k6.io/)"
nginx-1           | 172.20.0.13 - - [12/Sep/2026:11:31:05 +0000] "POST /api/admissions HTTP/1.1" 202 157 "-" "k6/0.54.0 (https://k6.io/)"
nginx-1           | 172.20.0.13 - - [12/Sep/2026:11:31:05 +0000] "GET /api/admissions/2ceece9fd6f75565e398b4cf24c25f7a5400b999d67dea620c9cbb2d0f010e02 HTTP/1.1" 200 569 "-" "k6/0.54.0 (https://k6.io/)"
nginx-1           | 172.20.0.13 - - [12/Sep/2026:11:31:05 +0000] "GET /api/admissions/73bd9d070bb1ddee32b5c21166e9d6b66a7e844727295050f929842344e874d2 HTTP/1.1" 200 569 "-" "k6/0.54.0 (https://k6.io/)"
nginx-1           | 172.20.0.13 - - [12/Sep/2026:11:31:05 +0000] "POST /api/admissions HTTP/1.1" 202 157 "-" "k6/0.54.0 (https://k6.io/)"
nginx-1           | 172.20.0.13 - - [12/Sep/2026:11:31:05 +0000] "POST /api/admissions HTTP/1.1" 202 157 "-" "k6/0.54.0 (https://k6.io/)"
payment-1         | 	at org.hibernate.resource.jdbc.internal.LogicalConnectionManagedImpl.getConnectionForTransactionManagement(LogicalConnectionManagedImpl.java:286) ~[hibernate-core-6.6.53.Final.jar!/:6.6.53.Final]
payment-1         | 	at org.hibernate.resource.jdbc.internal.LogicalConnectionManagedImpl.begin(LogicalConnectionManagedImpl.java:294) ~[hibernate-core-6.6.53.Final.jar!/:6.6.53.Final]
payment-1         | 	at org.hibernate.resource.transaction.backend.jdbc.internal.JdbcResourceLocalTransactionCoordinatorImpl$TransactionDriverControlImpl.begin(JdbcResourceLocalTransactionCoordinatorImpl.java:232) ~[hibernate-core-6.6.53.Final.jar!/:6.6.53.Final]
payment-1         | 	at org.hibernate.engine.transaction.internal.TransactionImpl.begin(TransactionImpl.java:83) ~[hibernate-core-6.6.53.Final.jar!/:6.6.53.Final]
checkout-nginx-1  | 172.20.0.13 - - [12/Sep/2026:11:31:07 +0000] "POST /api/purchases HTTP/1.1" 201 261 "-" "k6/0.54.0 (https://k6.io/)"
checkout-nginx-1  | 172.20.0.13 - - [12/Sep/2026:11:31:07 +0000] "POST /api/orders/88a01524-5846-4681-b3c8-7b56bdae152c/payments HTTP/1.1" 202 96 "-" "k6/0.54.0 (https://k6.io/)"
checkout-nginx-1  | 172.20.0.13 - - [12/Sep/2026:11:31:07 +0000] "POST /api/purchases HTTP/1.1" 201 261 "-" "k6/0.54.0 (https://k6.io/)"
payment-1         | 	at org.springframework.orm.jpa.vendor.HibernateJpaDialect.beginTransaction(HibernateJpaDialect.java:176) ~[spring-orm-6.2.19.jar!/:6.2.19]
payment-1         | 	at org.springframework.orm.jpa.JpaTransactionManager.doBegin(JpaTransactionManager.java:421) ~[spring-orm-6.2.19.jar!/:6.2.19]
checkout-nginx-1  | 172.20.0.13 - - [12/Sep/2026:11:31:07 +0000] "POST /api/orders/e2a2e6a8-4e2d-482d-9f8b-6f2db359d7ff/payments HTTP/1.1" 202 96 "-" "k6/0.54.0 (https://k6.io/)"
checkout-nginx-1  | 172.20.0.13 - - [12/Sep/2026:11:31:07 +0000] "POST /api/purchases HTTP/1.1" 201 261 "-" "k6/0.54.0 (https://k6.io/)"
checkout-nginx-1  | 172.20.0.13 - - [12/Sep/2026:11:31:07 +0000] "POST /api/orders/8b7c3b17-891a-4867-a689-55c46ddd06d9/payments HTTP/1.1" 202 96 "-" "k6/0.54.0 (https://k6.io/)"
checkout-nginx-1  | 172.20.0.13 - - [12/Sep/2026:11:31:07 +0000] "POST /api/purchases HTTP/1.1" 201 261 "-" "k6/0.54.0 (https://k6.io/)"
checkout-nginx-1  | 172.20.0.13 - - [12/Sep/2026:11:31:07 +0000] "POST /api/orders/a1be7ed6-aa98-46cb-ac4f-06883076285a/payments HTTP/1.1" 202 96 "-" "k6/0.54.0 (https://k6.io/)"
checkout-nginx-1  | 172.20.0.13 - - [12/Sep/2026:11:31:07 +0000] "POST /api/purchases HTTP/1.1" 201 261 "-" "k6/0.54.0 (https://k6.io/)"
checkout-nginx-1  | 172.20.0.13 - - [12/Sep/2026:11:31:08 +0000] "POST /api/orders/6a78bc9e-de66-4127-87a7-39b0709bed31/payments HTTP/1.1" 202 96 "-" "k6/0.54.0 (https://k6.io/)"
checkout-nginx-1  | 172.20.0.13 - - [12/Sep/2026:11:31:08 +0000] "POST /api/purchases HTTP/1.1" 201 261 "-" "k6/0.54.0 (https://k6.io/)"
checkout-nginx-1  | 172.20.0.13 - - [12/Sep/2026:11:31:08 +0000] "POST /api/orders/ecebff60-7a8a-4c98-a972-ced42d2cd776/payments HTTP/1.1" 202 96 "-" "k6/0.54.0 (https://k6.io/)"
checkout-nginx-1  | 172.20.0.13 - - [12/Sep/2026:11:31:08 +0000] "POST /api/purchases HTTP/1.1" 201 261 "-" "k6/0.54.0 (https://k6.io/)"
checkout-nginx-1  | 172.20.0.13 - - [12/Sep/2026:11:31:08 +0000] "POST /api/orders/8c9f500c-bf42-465f-af4b-9260212e14db/payments HTTP/1.1" 202 96 "-" "k6/0.54.0 (https://k6.io/)"
nginx-1           | 172.20.0.13 - - [12/Sep/2026:11:31:05 +0000] "GET /api/admissions/7b92cc462a34015de9922034b5ea9dfd9531f2a5c3e4a0346048427f03f1f222 HTTP/1.1" 200 569 "-" "k6/0.54.0 (https://k6.io/)"
nginx-1           | 172.20.0.13 - - [12/Sep/2026:11:31:05 +0000] "POST /api/admissions HTTP/1.1" 202 157 "-" "k6/0.54.0 (https://k6.io/)"
nginx-1           | 172.20.0.13 - - [12/Sep/2026:11:31:05 +0000] "POST /api/admissions HTTP/1.1" 202 157 "-" "k6/0.54.0 (https://k6.io/)"
nginx-1           | 172.20.0.13 - - [12/Sep/2026:11:31:05 +0000] "GET /api/admissions/e0e1ef4dfa42db348a8e2d226ae9f3fd7c0ecfc06a0d0acb03dc8736235ab040 HTTP/1.1" 200 569 "-" "k6/0.54.0 (https://k6.io/)"
nginx-1           | 172.20.0.13 - - [12/Sep/2026:11:31:05 +0000] "POST /api/admissions HTTP/1.1" 202 157 "-" "k6/0.54.0 (https://k6.io/)"
nginx-1           | 172.20.0.13 - - [12/Sep/2026:11:31:05 +0000] "POST /api/admissions HTTP/1.1" 202 157 "-" "k6/0.54.0 (https://k6.io/)"
nginx-1           | 172.20.0.13 - - [12/Sep/2026:11:31:05 +0000] "GET /api/admissions/76e87f5e74a1e156f593dca4275dc094bb8c61a5dac8e151c06109681ac91f0f HTTP/1.1" 200 569 "-" "k6/0.54.0 (https://k6.io/)"
nginx-1           | 172.20.0.13 - - [12/Sep/2026:11:31:05 +0000] "POST /api/admissions HTTP/1.1" 202 157 "-" "k6/0.54.0 (https://k6.io/)"
nginx-1           | 172.20.0.13 - - [12/Sep/2026:11:31:05 +0000] "GET /api/admissions/2a05de3a24dd2409ed549cf147a8efd757cb741a2b1e0eceeca3551423ebfd4e HTTP/1.1" 200 569 "-" "k6/0.54.0 (https://k6.io/)"
nginx-1           | 172.20.0.13 - - [12/Sep/2026:11:31:05 +0000] "POST /api/admissions HTTP/1.1" 202 157 "-" "k6/0.54.0 (https://k6.io/)"
nginx-1           | 172.20.0.13 - - [12/Sep/2026:11:31:06 +0000] "POST /api/admissions HTTP/1.1" 202 157 "-" "k6/0.54.0 (https://k6.io/)"
nginx-1           | 172.20.0.13 - - [12/Sep/2026:11:31:06 +0000] "GET /api/admissions/1417435a9593e9ac9b597cea81e6b9eebee7255e78ce467359fb1a9e9f287cc2 HTTP/1.1" 200 569 "-" "k6/0.54.0 (https://k6.io/)"
nginx-1           | 172.20.0.13 - - [12/Sep/2026:11:31:06 +0000] "POST /api/admissions HTTP/1.1" 202 157 "-" "k6/0.54.0 (https://k6.io/)"
nginx-1           | 172.20.0.13 - - [12/Sep/2026:11:31:06 +0000] "POST /api/admissions HTTP/1.1" 202 157 "-" "k6/0.54.0 (https://k6.io/)"
nginx-1           | 172.20.0.13 - - [12/Sep/2026:11:31:06 +0000] "GET /api/admissions/ee8fd56cca7f6001997f74dc5e6c635dcaae72ad6d78e37296b57f6ed881ccec HTTP/1.1" 200 568 "-" "k6/0.54.0 (https://k6.io/)"
nginx-1           | 172.20.0.13 - - [12/Sep/2026:11:31:06 +0000] "POST /api/admissions HTTP/1.1" 202 157 "-" "k6/0.54.0 (https://k6.io/)"
nginx-1           | 172.20.0.13 - - [12/Sep/2026:11:31:06 +0000] "POST /api/admissions HTTP/1.1" 202 157 "-" "k6/0.54.0 (https://k6.io/)"
nginx-1           | 172.20.0.13 - - [12/Sep/2026:11:31:06 +0000] "GET /api/admissions/dcfbef628cc413e62319e465bb330d2af35d57048aedb68c74465dbb6c49d978 HTTP/1.1" 200 568 "-" "k6/0.54.0 (https://k6.io/)"
nginx-1           | 172.20.0.13 - - [12/Sep/2026:11:31:06 +0000] "GET /api/admissions/d84784644366914599972a40c59e5ccf24a617b8808d88fe874dd79f136434e2 HTTP/1.1" 200 568 "-" "k6/0.54.0 (https://k6.io/)"
nginx-1           | 172.20.0.13 - - [12/Sep/2026:11:31:06 +0000] "POST /api/admissions HTTP/1.1" 202 157 "-" "k6/0.54.0 (https://k6.io/)"
nginx-1           | 172.20.0.13 - - [12/Sep/2026:11:31:06 +0000] "POST /api/admissions HTTP/1.1" 202 157 "-" "k6/0.54.0 (https://k6.io/)"
nginx-1           | 172.20.0.13 - - [12/Sep/2026:11:31:06 +0000] "GET /api/admissions/44b4a73cdde499438120672532265da16f91befc550e1042879622aa58747036 HTTP/1.1" 200 568 "-" "k6/0.54.0 (https://k6.io/)"
nginx-1           | 172.20.0.13 - - [12/Sep/2026:11:31:06 +0000] "POST /api/admissions HTTP/1.1" 202 157 "-" "k6/0.54.0 (https://k6.io/)"
nginx-1           | 172.20.0.13 - - [12/Sep/2026:11:31:06 +0000] "GET /api/admissions/96f1c0d6af76ef594e69627b5cf13573234e1c4569b0da744504794efa2bc252 HTTP/1.1" 200 568 "-" "k6/0.54.0 (https://k6.io/)"
nginx-1           | 172.20.0.13 - - [12/Sep/2026:11:31:06 +0000] "POST /api/admissions HTTP/1.1" 202 157 "-" "k6/0.54.0 (https://k6.io/)"
nginx-1           | 172.20.0.13 - - [12/Sep/2026:11:31:06 +0000] "GET /api/admissions/17c2bde7cea2378e2a5711c53a6dd05d479127a32802def3d6dfae48d0fe608e HTTP/1.1" 200 568 "-" "k6/0.54.0 (https://k6.io/)"
nginx-1           | 172.20.0.13 - - [12/Sep/2026:11:31:06 +0000] "POST /api/admissions HTTP/1.1" 202 157 "-" "k6/0.54.0 (https://k6.io/)"
nginx-1           | 172.20.0.13 - - [12/Sep/2026:11:31:07 +0000] "POST /api/admissions HTTP/1.1" 202 157 "-" "k6/0.54.0 (https://k6.io/)"
nginx-1           | 172.20.0.13 - - [12/Sep/2026:11:31:07 +0000] "GET /api/admissions/c123c95e033085c3e7ee1894f4d055d3767d2ae2cbba7e7fe68894e88d7b8192 HTTP/1.1" 200 568 "-" "k6/0.54.0 (https://k6.io/)"
nginx-1           | 172.20.0.13 - - [12/Sep/2026:11:31:07 +0000] "POST /api/admissions HTTP/1.1" 202 157 "-" "k6/0.54.0 (https://k6.io/)"
nginx-1           | 172.20.0.13 - - [12/Sep/2026:11:31:07 +0000] "GET /api/admissions/4eb227b9f2ee1e72e201c3ca8867bb7d74a8a440e9fe16fe80b5cb850aab273f HTTP/1.1" 200 568 "-" "k6/0.54.0 (https://k6.io/)"
nginx-1           | 172.20.0.13 - - [12/Sep/2026:11:31:07 +0000] "GET /api/admissions/ea1d5f69ba92a5e1156e15802729e390811a5306124b70ace57d6e3a63db5160 HTTP/1.1" 200 157 "-" "k6/0.54.0 (https://k6.io/)"
nginx-1           | 172.20.0.13 - - [12/Sep/2026:11:31:07 +0000] "POST /api/admissions HTTP/1.1" 202 157 "-" "k6/0.54.0 (https://k6.io/)"
payment-1         | 	at org.springframework.transaction.support.AbstractPlatformTransactionManager.startTransaction(AbstractPlatformTransactionManager.java:532) ~[spring-tx-6.2.19.jar!/:6.2.19]
payment-1         | 	at org.springframework.transaction.support.AbstractPlatformTransactionManager.getTransaction(AbstractPlatformTransactionManager.java:405) ~[spring-tx-6.2.19.jar!/:6.2.19]
payment-1         | 	at org.springframework.transaction.interceptor.TransactionAspectSupport.createTransactionIfNecessary(TransactionAspectSupport.java:639) ~[spring-tx-6.2.19.jar!/:6.2.19]
payment-1         | 	at org.springframework.transaction.interceptor.TransactionAspectSupport.invokeWithinTransaction(TransactionAspectSupport.java:374) ~[spring-tx-6.2.19.jar!/:6.2.19]
payment-1         | 	at org.springframework.transaction.interceptor.TransactionInterceptor.invoke(TransactionInterceptor.java:119) ~[spring-tx-6.2.19.jar!/:6.2.19]
payment-1         | 	at org.springframework.aop.framework.ReflectiveMethodInvocation.proceed(ReflectiveMethodInvocation.java:184) ~[spring-aop-6.2.19.jar!/:6.2.19]
payment-1         | 	at org.springframework.aop.framework.CglibAopProxy$DynamicAdvisedInterceptor.intercept(CglibAopProxy.java:728) ~[spring-aop-6.2.19.jar!/:6.2.19]
payment-1         | 	at com.limitedgoods.payments.PaymentService$$SpringCGLIB$$0.start(<generated>) ~[!/:0.1.0]
payment-1         | 	at com.limitedgoods.payments.PaymentController.start(PaymentController.java:19) ~[!/:0.1.0]
payment-1         | 	at java.base/jdk.internal.reflect.DirectMethodHandleAccessor.invoke(Unknown Source) ~[na:na]
payment-1         | 	at java.base/java.lang.reflect.Method.invoke(Unknown Source) ~[na:na]
payment-1         | 	at org.springframework.web.method.support.InvocableHandlerMethod.doInvoke(InvocableHandlerMethod.java:258) ~[spring-web-6.2.19.jar!/:6.2.19]
payment-1         | 	at org.springframework.web.method.support.InvocableHandlerMethod.invokeForRequest(InvocableHandlerMethod.java:191) ~[spring-web-6.2.19.jar!/:6.2.19]
payment-1         | 	at org.springframework.web.servlet.mvc.method.annotation.ServletInvocableHandlerMethod.invokeAndHandle(ServletInvocableHandlerMethod.java:118) ~[spring-webmvc-6.2.19.jar!/:6.2.19]
payment-1         | 	at org.springframework.web.servlet.mvc.method.annotation.RequestMappingHandlerAdapter.invokeHandlerMethod(RequestMappingHandlerAdapter.java:991) ~[spring-webmvc-6.2.19.jar!/:6.2.19]
payment-1         | 	at org.springframework.web.servlet.mvc.method.annotation.RequestMappingHandlerAdapter.handleInternal(RequestMappingHandlerAdapter.java:896) ~[spring-webmvc-6.2.19.jar!/:6.2.19]
payment-1         | 	at org.springframework.web.servlet.mvc.method.AbstractHandlerMethodAdapter.handle(AbstractHandlerMethodAdapter.java:87) ~[spring-webmvc-6.2.19.jar!/:6.2.19]
payment-1         | 	at org.springframework.web.servlet.DispatcherServlet.doDispatch(DispatcherServlet.java:1089) ~[spring-webmvc-6.2.19.jar!/:6.2.19]
payment-1         | 	at org.springframework.web.servlet.DispatcherServlet.doService(DispatcherServlet.java:979) ~[spring-webmvc-6.2.19.jar!/:6.2.19]
payment-1         | 	at org.springframework.web.servlet.FrameworkServlet.processRequest(FrameworkServlet.java:1014) ~[spring-webmvc-6.2.19.jar!/:6.2.19]
payment-1         | 	at org.springframework.web.servlet.FrameworkServlet.doPost(FrameworkServlet.java:914) ~[spring-webmvc-6.2.19.jar!/:6.2.19]
payment-1         | 	at jakarta.servlet.http.HttpServlet.service(HttpServlet.java:590) ~[tomcat-embed-core-10.1.55.jar!/:na]
payment-1         | 	at org.springframework.web.servlet.FrameworkServlet.service(FrameworkServlet.java:885) ~[spring-webmvc-6.2.19.jar!/:6.2.19]
payment-1         | 	at jakarta.servlet.http.HttpServlet.service(HttpServlet.java:658) ~[tomcat-embed-core-10.1.55.jar!/:na]
payment-1         | 	at org.apache.catalina.core.ApplicationFilterChain.internalDoFilter(ApplicationFilterChain.java:193) ~[tomcat-embed-core-10.1.55.jar!/:na]
payment-1         | 	at org.apache.catalina.core.ApplicationFilterChain.doFilter(ApplicationFilterChain.java:138) ~[tomcat-embed-core-10.1.55.jar!/:na]
payment-1         | 	at org.apache.tomcat.websocket.server.WsFilter.doFilter(WsFilter.java:51) ~[tomcat-embed-websocket-10.1.55.jar!/:na]
payment-1         | 	at org.apache.catalina.core.ApplicationFilterChain.internalDoFilter(ApplicationFilterChain.java:162) ~[tomcat-embed-core-10.1.55.jar!/:na]
payment-1         | 	at org.apache.catalina.core.ApplicationFilterChain.doFilter(ApplicationFilterChain.java:138) ~[tomcat-embed-core-10.1.55.jar!/:na]
payment-1         | 	at org.springframework.web.filter.RequestContextFilter.doFilterInternal(RequestContextFilter.java:100) ~[spring-web-6.2.19.jar!/:6.2.19]
payment-1         | 	at org.springframework.web.filter.OncePerRequestFilter.doFilter(OncePerRequestFilter.java:116) ~[spring-web-6.2.19.jar!/:6.2.19]
payment-1         | 	at org.apache.catalina.core.ApplicationFilterChain.internalDoFilter(ApplicationFilterChain.java:162) ~[tomcat-embed-core-10.1.55.jar!/:na]
payment-1         | 	at org.apache.catalina.core.ApplicationFilterChain.doFilter(ApplicationFilterChain.java:138) ~[tomcat-embed-core-10.1.55.jar!/:na]
payment-1         | 	at org.springframework.web.filter.FormContentFilter.doFilterInternal(FormContentFilter.java:93) ~[spring-web-6.2.19.jar!/:6.2.19]
payment-1         | 	at org.springframework.web.filter.OncePerRequestFilter.doFilter(OncePerRequestFilter.java:116) ~[spring-web-6.2.19.jar!/:6.2.19]
payment-1         | 	at org.apache.catalina.core.ApplicationFilterChain.internalDoFilter(ApplicationFilterChain.java:162) ~[tomcat-embed-core-10.1.55.jar!/:na]
payment-1         | 	at org.apache.catalina.core.ApplicationFilterChain.doFilter(ApplicationFilterChain.java:138) ~[tomcat-embed-core-10.1.55.jar!/:na]
payment-1         | 	at org.springframework.web.filter.ServerHttpObservationFilter.doFilterInternal(ServerHttpObservationFilter.java:110) ~[spring-web-6.2.19.jar!/:6.2.19]
payment-1         | 	at org.springframework.web.filter.OncePerRequestFilter.doFilter(OncePerRequestFilter.java:116) ~[spring-web-6.2.19.jar!/:6.2.19]
payment-1         | 	at org.apache.catalina.core.ApplicationFilterChain.internalDoFilter(ApplicationFilterChain.java:162) ~[tomcat-embed-core-10.1.55.jar!/:na]
checkout-nginx-1  | 172.20.0.13 - - [12/Sep/2026:11:31:08 +0000] "POST /api/purchases HTTP/1.1" 201 261 "-" "k6/0.54.0 (https://k6.io/)"
payment-1         | 	at org.apache.catalina.core.ApplicationFilterChain.doFilter(ApplicationFilterChain.java:138) ~[tomcat-embed-core-10.1.55.jar!/:na]
payment-1         | 	at org.springframework.web.filter.CharacterEncodingFilter.doFilterInternal(CharacterEncodingFilter.java:201) ~[spring-web-6.2.19.jar!/:6.2.19]
payment-1         | 	at org.springframework.web.filter.OncePerRequestFilter.doFilter(OncePerRequestFilter.java:116) ~[spring-web-6.2.19.jar!/:6.2.19]
payment-1         | 	at org.apache.catalina.core.ApplicationFilterChain.internalDoFilter(ApplicationFilterChain.java:162) ~[tomcat-embed-core-10.1.55.jar!/:na]
payment-1         | 	at org.apache.catalina.core.ApplicationFilterChain.doFilter(ApplicationFilterChain.java:138) ~[tomcat-embed-core-10.1.55.jar!/:na]
payment-1         | 	at org.apache.catalina.core.StandardWrapperValve.invoke(StandardWrapperValve.java:165) ~[tomcat-embed-core-10.1.55.jar!/:na]
payment-1         | 	at org.apache.catalina.core.StandardContextValve.invoke(StandardContextValve.java:88) ~[tomcat-embed-core-10.1.55.jar!/:na]
payment-1         | 	at org.apache.catalina.authenticator.AuthenticatorBase.invoke(AuthenticatorBase.java:492) ~[tomcat-embed-core-10.1.55.jar!/:na]
payment-1         | 	at org.apache.catalina.core.StandardHostValve.invoke(StandardHostValve.java:113) ~[tomcat-embed-core-10.1.55.jar!/:na]
payment-1         | 	at org.apache.catalina.valves.ErrorReportValve.invoke(ErrorReportValve.java:83) ~[tomcat-embed-core-10.1.55.jar!/:na]
payment-1         | 	at org.apache.catalina.core.StandardEngineValve.invoke(StandardEngineValve.java:72) ~[tomcat-embed-core-10.1.55.jar!/:na]
payment-1         | 	at org.apache.catalina.connector.CoyoteAdapter.service(CoyoteAdapter.java:342) ~[tomcat-embed-core-10.1.55.jar!/:na]
payment-1         | 	at org.apache.coyote.http11.Http11Processor.service(Http11Processor.java:399) ~[tomcat-embed-core-10.1.55.jar!/:na]
payment-1         | 	at org.apache.coyote.AbstractProcessorLight.process(AbstractProcessorLight.java:63) ~[tomcat-embed-core-10.1.55.jar!/:na]
payment-1         | 	at org.apache.coyote.AbstractProtocol$ConnectionHandler.process(AbstractProtocol.java:1272) ~[tomcat-embed-core-10.1.55.jar!/:na]
payment-1         | 	at org.apache.tomcat.util.net.NioEndpoint$SocketProcessor.doRun(NioEndpoint.java:1797) ~[tomcat-embed-core-10.1.55.jar!/:na]
payment-1         | 	at org.apache.tomcat.util.net.SocketProcessorBase.run(SocketProcessorBase.java:52) ~[tomcat-embed-core-10.1.55.jar!/:na]
payment-1         | 	at org.apache.tomcat.util.threads.ThreadPoolExecutor.runWorker(ThreadPoolExecutor.java:973) ~[tomcat-embed-core-10.1.55.jar!/:na]
payment-1         | 	at org.apache.tomcat.util.threads.ThreadPoolExecutor$Worker.run(ThreadPoolExecutor.java:491) ~[tomcat-embed-core-10.1.55.jar!/:na]
payment-1         | 	at org.apache.tomcat.util.threads.TaskThread$WrappingRunnable.run(TaskThread.java:63) ~[tomcat-embed-core-10.1.55.jar!/:na]
payment-1         | 	at java.base/java.lang.Thread.run(Unknown Source) ~[na:na]
payment-1         | 
payment-1         | 2026-09-12T11:30:55.167Z  WARN 1 --- [limited-goods] [nio-8080-exec-7] o.h.engine.jdbc.spi.SqlExceptionHelper   : SQL Error: 0, SQLState: null
payment-1         | 2026-09-12T11:30:55.168Z ERROR 1 --- [limited-goods] [nio-8080-exec-7] o.h.engine.jdbc.spi.SqlExceptionHelper   : HikariPool-1 - Connection is not available, request timed out after 1000ms (total=4, active=4, idle=0, waiting=5)
payment-1         | 2026-09-12T11:30:55.169Z ERROR 1 --- [limited-goods] [nio-8080-exec-7] o.a.c.c.C.[.[.[/].[dispatcherServlet]    : Servlet.service() for servlet [dispatcherServlet] in context with path [] threw exception [Request processing failed: org.springframework.transaction.CannotCreateTransactionException: Could not open JPA EntityManager for transaction] with root cause
payment-1         | 
payment-1         | java.sql.SQLTransientConnectionException: HikariPool-1 - Connection is not available, request timed out after 1000ms (total=4, active=4, idle=0, waiting=5)
payment-1         | 	at com.zaxxer.hikari.pool.HikariPool.createTimeoutException(HikariPool.java:714) ~[HikariCP-6.3.3.jar!/:na]
payment-1         | 	at com.zaxxer.hikari.pool.HikariPool.getConnection(HikariPool.java:184) ~[HikariCP-6.3.3.jar!/:na]
payment-1         | 	at com.zaxxer.hikari.pool.HikariPool.getConnection(HikariPool.java:142) ~[HikariCP-6.3.3.jar!/:na]
payment-1         | 	at com.zaxxer.hikari.HikariDataSource.getConnection(HikariDataSource.java:127) ~[HikariCP-6.3.3.jar!/:na]
payment-1         | 	at org.hibernate.engine.jdbc.connections.internal.DatasourceConnectionProviderImpl.getConnection(DatasourceConnectionProviderImpl.java:126) ~[hibernate-core-6.6.53.Final.jar!/:6.6.53.Final]
payment-1         | 	at org.hibernate.internal.NonContextualJdbcConnectionAccess.obtainConnection(NonContextualJdbcConnectionAccess.java:46) ~[hibernate-core-6.6.53.Final.jar!/:6.6.53.Final]
payment-1         | 	at org.hibernate.resource.jdbc.internal.LogicalConnectionManagedImpl.acquireConnectionIfNeeded(LogicalConnectionManagedImpl.java:126) ~[hibernate-core-6.6.53.Final.jar!/:6.6.53.Final]
payment-1         | 	at org.hibernate.resource.jdbc.internal.LogicalConnectionManagedImpl.getPhysicalConnection(LogicalConnectionManagedImpl.java:156) ~[hibernate-core-6.6.53.Final.jar!/:6.6.53.Final]
payment-1         | 	at org.hibernate.resource.jdbc.internal.LogicalConnectionManagedImpl.getConnectionForTransactionManagement(LogicalConnectionManagedImpl.java:286) ~[hibernate-core-6.6.53.Final.jar!/:6.6.53.Final]
payment-1         | 	at org.hibernate.resource.jdbc.internal.LogicalConnectionManagedImpl.begin(LogicalConnectionManagedImpl.java:294) ~[hibernate-core-6.6.53.Final.jar!/:6.6.53.Final]
payment-1         | 	at org.hibernate.resource.transaction.backend.jdbc.internal.JdbcResourceLocalTransactionCoordinatorImpl$TransactionDriverControlImpl.begin(JdbcResourceLocalTransactionCoordinatorImpl.java:232) ~[hibernate-core-6.6.53.Final.jar!/:6.6.53.Final]
payment-1         | 	at org.hibernate.engine.transaction.internal.TransactionImpl.begin(TransactionImpl.java:83) ~[hibernate-core-6.6.53.Final.jar!/:6.6.53.Final]
payment-1         | 	at org.springframework.orm.jpa.vendor.HibernateJpaDialect.beginTransaction(HibernateJpaDialect.java:176) ~[spring-orm-6.2.19.jar!/:6.2.19]
payment-1         | 	at org.springframework.orm.jpa.JpaTransactionManager.doBegin(JpaTransactionManager.java:421) ~[spring-orm-6.2.19.jar!/:6.2.19]
payment-1         | 	at org.springframework.transaction.support.AbstractPlatformTransactionManager.startTransaction(AbstractPlatformTransactionManager.java:532) ~[spring-tx-6.2.19.jar!/:6.2.19]
payment-1         | 	at org.springframework.transaction.support.AbstractPlatformTransactionManager.getTransaction(AbstractPlatformTransactionManager.java:405) ~[spring-tx-6.2.19.jar!/:6.2.19]
payment-1         | 	at org.springframework.transaction.interceptor.TransactionAspectSupport.createTransactionIfNecessary(TransactionAspectSupport.java:639) ~[spring-tx-6.2.19.jar!/:6.2.19]
nginx-1           | 172.20.0.13 - - [12/Sep/2026:11:31:07 +0000] "GET /api/admissions/88c7f132d6683fd9c316c6ef5e38da3cbf868d55ccce645f20c9b2d2e35ade5f HTTP/1.1" 200 568 "-" "k6/0.54.0 (https://k6.io/)"
nginx-1           | 172.20.0.13 - - [12/Sep/2026:11:31:07 +0000] "POST /api/admissions HTTP/1.1" 202 157 "-" "k6/0.54.0 (https://k6.io/)"
nginx-1           | 172.20.0.13 - - [12/Sep/2026:11:31:07 +0000] "GET /api/admissions/e0da30ce61ac8c1cdc8516d0bf16020de29d49efb77f359efd4be7691ea60146 HTTP/1.1" 200 569 "-" "k6/0.54.0 (https://k6.io/)"
nginx-1           | 172.20.0.13 - - [12/Sep/2026:11:31:07 +0000] "POST /api/admissions HTTP/1.1" 202 157 "-" "k6/0.54.0 (https://k6.io/)"
payment-1         | 	at org.springframework.transaction.interceptor.TransactionAspectSupport.invokeWithinTransaction(TransactionAspectSupport.java:374) ~[spring-tx-6.2.19.jar!/:6.2.19]
payment-1         | 	at org.springframework.transaction.interceptor.TransactionInterceptor.invoke(TransactionInterceptor.java:119) ~[spring-tx-6.2.19.jar!/:6.2.19]
payment-1         | 	at org.springframework.aop.framework.ReflectiveMethodInvocation.proceed(ReflectiveMethodInvocation.java:184) ~[spring-aop-6.2.19.jar!/:6.2.19]
nginx-1           | 172.20.0.13 - - [12/Sep/2026:11:31:07 +0000] "GET /api/admissions/23cd705645b5d04cb34e86d614a051941c0ac95dc9f0396cd15e8c6875951024 HTTP/1.1" 200 569 "-" "k6/0.54.0 (https://k6.io/)"
nginx-1           | 172.20.0.13 - - [12/Sep/2026:11:31:07 +0000] "POST /api/admissions HTTP/1.1" 202 157 "-" "k6/0.54.0 (https://k6.io/)"
nginx-1           | 172.20.0.13 - - [12/Sep/2026:11:31:07 +0000] "GET /api/admissions/60061a2a7deca7e40bc752f5b39d779eeeddd9d46b3a33c387efc2d0821f0b9c HTTP/1.1" 200 569 "-" "k6/0.54.0 (https://k6.io/)"
nginx-1           | 172.20.0.13 - - [12/Sep/2026:11:31:07 +0000] "GET /api/admissions/974407e90ef65643942176f7e003d8547077e3239ffdd20a5800ea313bbc7415 HTTP/1.1" 200 569 "-" "k6/0.54.0 (https://k6.io/)"
checkout-nginx-1  | 172.20.0.13 - - [12/Sep/2026:11:31:08 +0000] "POST /api/orders/6228197a-695c-4479-8242-0a7d538a6508/payments HTTP/1.1" 202 96 "-" "k6/0.54.0 (https://k6.io/)"
checkout-nginx-1  | 172.20.0.13 - - [12/Sep/2026:11:31:08 +0000] "POST /api/purchases HTTP/1.1" 201 261 "-" "k6/0.54.0 (https://k6.io/)"
checkout-nginx-1  | 172.20.0.13 - - [12/Sep/2026:11:31:08 +0000] "POST /api/orders/aca94a67-5432-489b-9179-e4e79f565860/payments HTTP/1.1" 202 96 "-" "k6/0.54.0 (https://k6.io/)"
checkout-nginx-1  | 172.20.0.13 - - [12/Sep/2026:11:31:08 +0000] "POST /api/purchases HTTP/1.1" 201 261 "-" "k6/0.54.0 (https://k6.io/)"
checkout-nginx-1  | 172.20.0.13 - - [12/Sep/2026:11:31:08 +0000] "POST /api/orders/057bd39a-c3b1-4633-bc2f-7a1befa3fe33/payments HTTP/1.1" 202 96 "-" "k6/0.54.0 (https://k6.io/)"
checkout-nginx-1  | 172.20.0.13 - - [12/Sep/2026:11:31:08 +0000] "POST /api/purchases HTTP/1.1" 201 261 "-" "k6/0.54.0 (https://k6.io/)"
checkout-nginx-1  | 172.20.0.13 - - [12/Sep/2026:11:31:08 +0000] "POST /api/orders/807e6795-b057-494f-98cc-d9255cd3f110/payments HTTP/1.1" 202 96 "-" "k6/0.54.0 (https://k6.io/)"
checkout-nginx-1  | 172.20.0.13 - - [12/Sep/2026:11:31:09 +0000] "POST /api/purchases HTTP/1.1" 201 261 "-" "k6/0.54.0 (https://k6.io/)"
checkout-nginx-1  | 172.20.0.13 - - [12/Sep/2026:11:31:09 +0000] "POST /api/orders/332c05d6-5fb9-4627-b1c0-29b248cc042c/payments HTTP/1.1" 202 96 "-" "k6/0.54.0 (https://k6.io/)"
checkout-nginx-1  | 172.20.0.13 - - [12/Sep/2026:11:31:09 +0000] "POST /api/purchases HTTP/1.1" 201 261 "-" "k6/0.54.0 (https://k6.io/)"
checkout-nginx-1  | 172.20.0.13 - - [12/Sep/2026:11:31:09 +0000] "POST /api/orders/f28f709b-2f09-4cf9-89de-fdcaa1c35260/payments HTTP/1.1" 202 96 "-" "k6/0.54.0 (https://k6.io/)"
checkout-nginx-1  | 172.20.0.13 - - [12/Sep/2026:11:31:09 +0000] "POST /api/purchases HTTP/1.1" 201 261 "-" "k6/0.54.0 (https://k6.io/)"
checkout-nginx-1  | 172.20.0.13 - - [12/Sep/2026:11:31:09 +0000] "POST /api/orders/cc34e8d2-dc54-4350-ae06-3b7cc6f825dd/payments HTTP/1.1" 202 96 "-" "k6/0.54.0 (https://k6.io/)"
nginx-1           | 172.20.0.13 - - [12/Sep/2026:11:31:07 +0000] "POST /api/admissions HTTP/1.1" 202 157 "-" "k6/0.54.0 (https://k6.io/)"
nginx-1           | 172.20.0.13 - - [12/Sep/2026:11:31:07 +0000] "POST /api/admissions HTTP/1.1" 202 157 "-" "k6/0.54.0 (https://k6.io/)"
nginx-1           | 172.20.0.13 - - [12/Sep/2026:11:31:07 +0000] "POST /api/admissions HTTP/1.1" 202 157 "-" "k6/0.54.0 (https://k6.io/)"
nginx-1           | 172.20.0.13 - - [12/Sep/2026:11:31:07 +0000] "GET /api/admissions/30e6fe9a3a7f7c09dda187b620e179eb5be948eef2acb9d76bc17ef1fd28e0e1 HTTP/1.1" 200 569 "-" "k6/0.54.0 (https://k6.io/)"
nginx-1           | 172.20.0.13 - - [12/Sep/2026:11:31:07 +0000] "POST /api/admissions HTTP/1.1" 202 157 "-" "k6/0.54.0 (https://k6.io/)"
checkout-nginx-1  | 172.20.0.13 - - [12/Sep/2026:11:31:09 +0000] "POST /api/purchases HTTP/1.1" 201 261 "-" "k6/0.54.0 (https://k6.io/)"
checkout-nginx-1  | 172.20.0.13 - - [12/Sep/2026:11:31:09 +0000] "POST /api/orders/28c7c8d3-a45a-49da-a425-ea406eed2b6f/payments HTTP/1.1" 202 96 "-" "k6/0.54.0 (https://k6.io/)"
checkout-nginx-1  | 172.20.0.13 - - [12/Sep/2026:11:31:09 +0000] "POST /api/purchases HTTP/1.1" 201 261 "-" "k6/0.54.0 (https://k6.io/)"
checkout-nginx-1  | 172.20.0.13 - - [12/Sep/2026:11:31:09 +0000] "POST /api/orders/c199586d-6aba-49c5-8573-51c1331d9cf0/payments HTTP/1.1" 202 96 "-" "k6/0.54.0 (https://k6.io/)"
checkout-nginx-1  | 172.20.0.13 - - [12/Sep/2026:11:31:09 +0000] "POST /api/purchases HTTP/1.1" 201 261 "-" "k6/0.54.0 (https://k6.io/)"
checkout-nginx-1  | 172.20.0.13 - - [12/Sep/2026:11:31:09 +0000] "POST /api/orders/82b4137a-dac9-4c2b-9a6a-56904d9567ca/payments HTTP/1.1" 202 96 "-" "k6/0.54.0 (https://k6.io/)"
payment-1         | 	at org.springframework.aop.framework.CglibAopProxy$DynamicAdvisedInterceptor.intercept(CglibAopProxy.java:728) ~[spring-aop-6.2.19.jar!/:6.2.19]
payment-1         | 	at com.limitedgoods.payments.PaymentService$$SpringCGLIB$$0.start(<generated>) ~[!/:0.1.0]
payment-1         | 	at com.limitedgoods.payments.PaymentController.start(PaymentController.java:19) ~[!/:0.1.0]
payment-1         | 	at java.base/jdk.internal.reflect.DirectMethodHandleAccessor.invoke(Unknown Source) ~[na:na]
payment-1         | 	at java.base/java.lang.reflect.Method.invoke(Unknown Source) ~[na:na]
payment-1         | 	at org.springframework.web.method.support.InvocableHandlerMethod.doInvoke(InvocableHandlerMethod.java:258) ~[spring-web-6.2.19.jar!/:6.2.19]
payment-1         | 	at org.springframework.web.method.support.InvocableHandlerMethod.invokeForRequest(InvocableHandlerMethod.java:191) ~[spring-web-6.2.19.jar!/:6.2.19]
payment-1         | 	at org.springframework.web.servlet.mvc.method.annotation.ServletInvocableHandlerMethod.invokeAndHandle(ServletInvocableHandlerMethod.java:118) ~[spring-webmvc-6.2.19.jar!/:6.2.19]
checkout-nginx-1  | 172.20.0.13 - - [12/Sep/2026:11:31:09 +0000] "POST /api/purchases HTTP/1.1" 201 261 "-" "k6/0.54.0 (https://k6.io/)"
checkout-nginx-1  | 172.20.0.13 - - [12/Sep/2026:11:31:09 +0000] "POST /api/orders/b588668d-a4f8-4c42-8e64-fe8ca99fdb14/payments HTTP/1.1" 202 96 "-" "k6/0.54.0 (https://k6.io/)"
checkout-nginx-1  | 172.20.0.13 - - [12/Sep/2026:11:31:09 +0000] "POST /api/purchases HTTP/1.1" 201 261 "-" "k6/0.54.0 (https://k6.io/)"
checkout-nginx-1  | 172.20.0.13 - - [12/Sep/2026:11:31:09 +0000] "POST /api/orders/ff954222-b6c6-49f3-9b96-461cbfbd969f/payments HTTP/1.1" 202 96 "-" "k6/0.54.0 (https://k6.io/)"
checkout-nginx-1  | 172.20.0.13 - - [12/Sep/2026:11:31:09 +0000] "POST /api/purchases HTTP/1.1" 201 261 "-" "k6/0.54.0 (https://k6.io/)"
payment-1         | 	at org.springframework.web.servlet.mvc.method.annotation.RequestMappingHandlerAdapter.invokeHandlerMethod(RequestMappingHandlerAdapter.java:991) ~[spring-webmvc-6.2.19.jar!/:6.2.19]
payment-1         | 	at org.springframework.web.servlet.mvc.method.annotation.RequestMappingHandlerAdapter.handleInternal(RequestMappingHandlerAdapter.java:896) ~[spring-webmvc-6.2.19.jar!/:6.2.19]
payment-1         | 	at org.springframework.web.servlet.mvc.method.AbstractHandlerMethodAdapter.handle(AbstractHandlerMethodAdapter.java:87) ~[spring-webmvc-6.2.19.jar!/:6.2.19]
payment-1         | 	at org.springframework.web.servlet.DispatcherServlet.doDispatch(DispatcherServlet.java:1089) ~[spring-webmvc-6.2.19.jar!/:6.2.19]
payment-1         | 	at org.springframework.web.servlet.DispatcherServlet.doService(DispatcherServlet.java:979) ~[spring-webmvc-6.2.19.jar!/:6.2.19]
payment-1         | 	at org.springframework.web.servlet.FrameworkServlet.processRequest(FrameworkServlet.java:1014) ~[spring-webmvc-6.2.19.jar!/:6.2.19]
payment-1         | 	at org.springframework.web.servlet.FrameworkServlet.doPost(FrameworkServlet.java:914) ~[spring-webmvc-6.2.19.jar!/:6.2.19]
payment-1         | 	at jakarta.servlet.http.HttpServlet.service(HttpServlet.java:590) ~[tomcat-embed-core-10.1.55.jar!/:na]
payment-1         | 	at org.springframework.web.servlet.FrameworkServlet.service(FrameworkServlet.java:885) ~[spring-webmvc-6.2.19.jar!/:6.2.19]
checkout-nginx-1  | 172.20.0.13 - - [12/Sep/2026:11:31:09 +0000] "POST /api/orders/7690f485-66c2-4e98-85ad-8bf837fb05f7/payments HTTP/1.1" 202 96 "-" "k6/0.54.0 (https://k6.io/)"
checkout-nginx-1  | 172.20.0.13 - - [12/Sep/2026:11:31:09 +0000] "POST /api/purchases HTTP/1.1" 201 261 "-" "k6/0.54.0 (https://k6.io/)"
checkout-nginx-1  | 172.20.0.13 - - [12/Sep/2026:11:31:09 +0000] "POST /api/orders/76e03b99-3565-4f72-a537-f30df4974774/payments HTTP/1.1" 202 96 "-" "k6/0.54.0 (https://k6.io/)"
nginx-1           | 172.20.0.13 - - [12/Sep/2026:11:31:07 +0000] "GET /api/admissions/466da169358e26c3bfc2e08f02802416088373d48f40f0fd286771fd8de5ecef HTTP/1.1" 200 157 "-" "k6/0.54.0 (https://k6.io/)"
nginx-1           | 172.20.0.13 - - [12/Sep/2026:11:31:07 +0000] "GET /api/admissions/a18a5f5534b7c29cef40773010967da2d3e14c32b1f7a29e1f85aa88a24e87ef HTTP/1.1" 200 569 "-" "k6/0.54.0 (https://k6.io/)"
nginx-1           | 172.20.0.13 - - [12/Sep/2026:11:31:08 +0000] "POST /api/admissions HTTP/1.1" 202 157 "-" "k6/0.54.0 (https://k6.io/)"
nginx-1           | 172.20.0.13 - - [12/Sep/2026:11:31:08 +0000] "GET /api/admissions/e75ae02b40319020ae1b5deb32efb7a698d6d689c6a3ea36567aacef1e9e0dce HTTP/1.1" 200 569 "-" "k6/0.54.0 (https://k6.io/)"
checkout-nginx-1  | 172.20.0.13 - - [12/Sep/2026:11:31:10 +0000] "POST /api/purchases HTTP/1.1" 201 261 "-" "k6/0.54.0 (https://k6.io/)"
checkout-nginx-1  | 172.20.0.13 - - [12/Sep/2026:11:31:10 +0000] "POST /api/orders/da11aad4-a32b-42a7-b82e-ea244f774deb/payments HTTP/1.1" 202 96 "-" "k6/0.54.0 (https://k6.io/)"
checkout-nginx-1  | 172.20.0.13 - - [12/Sep/2026:11:31:10 +0000] "POST /api/purchases HTTP/1.1" 201 261 "-" "k6/0.54.0 (https://k6.io/)"
checkout-nginx-1  | 172.20.0.13 - - [12/Sep/2026:11:31:10 +0000] "POST /api/orders/d2298d26-6435-4026-b7f9-c19d8857c7e1/payments HTTP/1.1" 202 96 "-" "k6/0.54.0 (https://k6.io/)"
checkout-nginx-1  | 172.20.0.13 - - [12/Sep/2026:11:31:10 +0000] "POST /api/purchases HTTP/1.1" 201 261 "-" "k6/0.54.0 (https://k6.io/)"
nginx-1           | 172.20.0.13 - - [12/Sep/2026:11:31:08 +0000] "POST /api/admissions HTTP/1.1" 202 157 "-" "k6/0.54.0 (https://k6.io/)"
nginx-1           | 172.20.0.13 - - [12/Sep/2026:11:31:08 +0000] "GET /api/admissions/2cf93fb01bf9d9091dd0a1d36c29de5c8bbcba8d99c79fc9bd9e7afafc2d9f5d HTTP/1.1" 200 569 "-" "k6/0.54.0 (https://k6.io/)"
nginx-1           | 172.20.0.13 - - [12/Sep/2026:11:31:08 +0000] "POST /api/admissions HTTP/1.1" 202 157 "-" "k6/0.54.0 (https://k6.io/)"
checkout-nginx-1  | 172.20.0.13 - - [12/Sep/2026:11:31:10 +0000] "POST /api/orders/e1cf7f03-7f7a-4479-823d-92a6c4d7e9f8/payments HTTP/1.1" 202 96 "-" "k6/0.54.0 (https://k6.io/)"
checkout-nginx-1  | 172.20.0.13 - - [12/Sep/2026:11:31:10 +0000] "POST /api/purchases HTTP/1.1" 201 261 "-" "k6/0.54.0 (https://k6.io/)"
checkout-nginx-1  | 172.20.0.13 - - [12/Sep/2026:11:31:10 +0000] "POST /api/orders/a7098d73-c14b-45b3-bd76-38ac895dc4c1/payments HTTP/1.1" 202 96 "-" "k6/0.54.0 (https://k6.io/)"
checkout-nginx-1  | 172.20.0.13 - - [12/Sep/2026:11:31:10 +0000] "POST /api/purchases HTTP/1.1" 201 261 "-" "k6/0.54.0 (https://k6.io/)"
checkout-nginx-1  | 172.20.0.13 - - [12/Sep/2026:11:31:10 +0000] "POST /api/orders/85f56070-0477-4958-a4b2-31eeaa9ed049/payments HTTP/1.1" 202 96 "-" "k6/0.54.0 (https://k6.io/)"
checkout-nginx-1  | 172.20.0.13 - - [12/Sep/2026:11:31:10 +0000] "POST /api/purchases HTTP/1.1" 201 261 "-" "k6/0.54.0 (https://k6.io/)"
checkout-nginx-1  | 172.20.0.13 - - [12/Sep/2026:11:31:10 +0000] "POST /api/orders/995b47f9-87f5-4441-be9f-82995749acdc/payments HTTP/1.1" 202 96 "-" "k6/0.54.0 (https://k6.io/)"
nginx-1           | 172.20.0.13 - - [12/Sep/2026:11:31:08 +0000] "POST /api/admissions HTTP/1.1" 202 157 "-" "k6/0.54.0 (https://k6.io/)"
checkout-nginx-1  | 172.20.0.13 - - [12/Sep/2026:11:31:10 +0000] "POST /api/purchases HTTP/1.1" 201 261 "-" "k6/0.54.0 (https://k6.io/)"
checkout-nginx-1  | 172.20.0.13 - - [12/Sep/2026:11:31:10 +0000] "POST /api/orders/fce142b0-3c9f-40d4-b658-5df97c44792a/payments HTTP/1.1" 202 96 "-" "k6/0.54.0 (https://k6.io/)"
checkout-nginx-1  | 172.20.0.13 - - [12/Sep/2026:11:31:10 +0000] "POST /api/purchases HTTP/1.1" 201 261 "-" "k6/0.54.0 (https://k6.io/)"
nginx-1           | 172.20.0.13 - - [12/Sep/2026:11:31:08 +0000] "GET /api/admissions/61b738d44c72497acc8c3bb8101f62e5a774239f9d2bdfc21b5063a5f8684e3a HTTP/1.1" 200 569 "-" "k6/0.54.0 (https://k6.io/)"
nginx-1           | 172.20.0.13 - - [12/Sep/2026:11:31:08 +0000] "GET /api/admissions/248c816ff4c6b17041c006f9c1f86a5fbe41c327acc780dcf2089e8534f07cc3 HTTP/1.1" 200 157 "-" "k6/0.54.0 (https://k6.io/)"
nginx-1           | 172.20.0.13 - - [12/Sep/2026:11:31:08 +0000] "GET /api/admissions/ea1d5f69ba92a5e1156e15802729e390811a5306124b70ace57d6e3a63db5160 HTTP/1.1" 200 157 "-" "k6/0.54.0 (https://k6.io/)"
nginx-1           | 172.20.0.13 - - [12/Sep/2026:11:31:08 +0000] "GET /api/admissions/c08c968f9201698c67b61eaf89c623011ae6566fafa9878d01c9eaee8f18fb57 HTTP/1.1" 200 569 "-" "k6/0.54.0 (https://k6.io/)"
nginx-1           | 172.20.0.13 - - [12/Sep/2026:11:31:08 +0000] "POST /api/admissions HTTP/1.1" 202 157 "-" "k6/0.54.0 (https://k6.io/)"
nginx-1           | 172.20.0.13 - - [12/Sep/2026:11:31:08 +0000] "POST /api/admissions HTTP/1.1" 202 157 "-" "k6/0.54.0 (https://k6.io/)"
nginx-1           | 172.20.0.13 - - [12/Sep/2026:11:31:08 +0000] "POST /api/admissions HTTP/1.1" 202 157 "-" "k6/0.54.0 (https://k6.io/)"
nginx-1           | 172.20.0.13 - - [12/Sep/2026:11:31:08 +0000] "GET /api/admissions/f699c5d012cdbc4c5e2938d9c6595833a60b072d22934489f31e6a3b34fe6310 HTTP/1.1" 200 569 "-" "k6/0.54.0 (https://k6.io/)"
nginx-1           | 172.20.0.13 - - [12/Sep/2026:11:31:08 +0000] "GET /api/admissions/dfd76c4385c7054aa68b954ef34b47a7a458a6ccc43b1455150aa98096b8de8b HTTP/1.1" 200 157 "-" "k6/0.54.0 (https://k6.io/)"
nginx-1           | 172.20.0.13 - - [12/Sep/2026:11:31:08 +0000] "GET /api/admissions/bba2acd37023dd024998df37ffc2b4e6426eb40b7ee5f84d7283b851109cd3e7 HTTP/1.1" 200 157 "-" "k6/0.54.0 (https://k6.io/)"
nginx-1           | 172.20.0.13 - - [12/Sep/2026:11:31:08 +0000] "POST /api/admissions HTTP/1.1" 202 157 "-" "k6/0.54.0 (https://k6.io/)"
nginx-1           | 172.20.0.13 - - [12/Sep/2026:11:31:08 +0000] "GET /api/admissions/e89d09ce21839bcf2134971cd219b17fe5687c68819078927e20bc4b898ee83f HTTP/1.1" 200 569 "-" "k6/0.54.0 (https://k6.io/)"
nginx-1           | 172.20.0.13 - - [12/Sep/2026:11:31:08 +0000] "POST /api/admissions HTTP/1.1" 202 157 "-" "k6/0.54.0 (https://k6.io/)"
nginx-1           | 172.20.0.13 - - [12/Sep/2026:11:31:08 +0000] "POST /api/admissions HTTP/1.1" 202 157 "-" "k6/0.54.0 (https://k6.io/)"
nginx-1           | 172.20.0.13 - - [12/Sep/2026:11:31:09 +0000] "GET /api/admissions/9b0544553d6fa8a86a673f1d4c1e81b6bc0fb374251ac2a93e4b778f89b057c9 HTTP/1.1" 200 569 "-" "k6/0.54.0 (https://k6.io/)"
nginx-1           | 172.20.0.13 - - [12/Sep/2026:11:31:09 +0000] "POST /api/admissions HTTP/1.1" 202 157 "-" "k6/0.54.0 (https://k6.io/)"
nginx-1           | 172.20.0.13 - - [12/Sep/2026:11:31:09 +0000] "GET /api/admissions/466da169358e26c3bfc2e08f02802416088373d48f40f0fd286771fd8de5ecef HTTP/1.1" 200 569 "-" "k6/0.54.0 (https://k6.io/)"
nginx-1           | 172.20.0.13 - - [12/Sep/2026:11:31:09 +0000] "GET /api/admissions/523b5b3cb0f6d6e1f259ad537a6f6a662cd9472b8f1fc232750b9798bf800bc9 HTTP/1.1" 200 157 "-" "k6/0.54.0 (https://k6.io/)"
nginx-1           | 172.20.0.13 - - [12/Sep/2026:11:31:09 +0000] "GET /api/admissions/135f6801e6d3a97fdb9c8e59f5fe0114ea167679535a7e195a686417594def76 HTTP/1.1" 200 157 "-" "k6/0.54.0 (https://k6.io/)"
nginx-1           | 172.20.0.13 - - [12/Sep/2026:11:31:09 +0000] "POST /api/admissions HTTP/1.1" 202 157 "-" "k6/0.54.0 (https://k6.io/)"
nginx-1           | 172.20.0.13 - - [12/Sep/2026:11:31:09 +0000] "POST /api/admissions HTTP/1.1" 202 157 "-" "k6/0.54.0 (https://k6.io/)"
nginx-1           | 172.20.0.13 - - [12/Sep/2026:11:31:09 +0000] "POST /api/admissions HTTP/1.1" 202 157 "-" "k6/0.54.0 (https://k6.io/)"
nginx-1           | 172.20.0.13 - - [12/Sep/2026:11:31:09 +0000] "GET /api/admissions/a25de4c5f99e1866bcd2ce940a06c31a81f0db40e12a96b6b3dc5827e1d50c4b HTTP/1.1" 200 569 "-" "k6/0.54.0 (https://k6.io/)"
nginx-1           | 172.20.0.13 - - [12/Sep/2026:11:31:09 +0000] "GET /api/admissions/e9cfd7487675ee086140817c2d0ff64310f1b206d4b7028f4f117fccbfa63007 HTTP/1.1" 200 569 "-" "k6/0.54.0 (https://k6.io/)"
nginx-1           | 172.20.0.13 - - [12/Sep/2026:11:31:09 +0000] "POST /api/admissions HTTP/1.1" 202 157 "-" "k6/0.54.0 (https://k6.io/)"
nginx-1           | 172.20.0.13 - - [12/Sep/2026:11:31:09 +0000] "GET /api/admissions/248c816ff4c6b17041c006f9c1f86a5fbe41c327acc780dcf2089e8534f07cc3 HTTP/1.1" 200 569 "-" "k6/0.54.0 (https://k6.io/)"
nginx-1           | 172.20.0.13 - - [12/Sep/2026:11:31:09 +0000] "GET /api/admissions/ae509c2180a353fdc0a8b6f0e7a679e3a828639b1308ae43b898f7bf5d053bb0 HTTP/1.1" 200 569 "-" "k6/0.54.0 (https://k6.io/)"
nginx-1           | 172.20.0.13 - - [12/Sep/2026:11:31:09 +0000] "POST /api/admissions HTTP/1.1" 202 157 "-" "k6/0.54.0 (https://k6.io/)"
payment-1         | 	at jakarta.servlet.http.HttpServlet.service(HttpServlet.java:658) ~[tomcat-embed-core-10.1.55.jar!/:na]
payment-1         | 	at org.apache.catalina.core.ApplicationFilterChain.internalDoFilter(ApplicationFilterChain.java:193) ~[tomcat-embed-core-10.1.55.jar!/:na]
payment-1         | 	at org.apache.catalina.core.ApplicationFilterChain.doFilter(ApplicationFilterChain.java:138) ~[tomcat-embed-core-10.1.55.jar!/:na]
checkout-nginx-1  | 172.20.0.13 - - [12/Sep/2026:11:31:10 +0000] "POST /api/orders/d7052d72-56ca-4da0-8df0-d5983be97d82/payments HTTP/1.1" 202 96 "-" "k6/0.54.0 (https://k6.io/)"
checkout-nginx-1  | 172.20.0.13 - - [12/Sep/2026:11:31:10 +0000] "POST /api/purchases HTTP/1.1" 429 35 "-" "k6/0.54.0 (https://k6.io/)"
checkout-nginx-1  | 172.20.0.13 - - [12/Sep/2026:11:31:10 +0000] "POST /api/purchases HTTP/1.1" 201 261 "-" "k6/0.54.0 (https://k6.io/)"
checkout-nginx-1  | 172.20.0.13 - - [12/Sep/2026:11:31:10 +0000] "POST /api/orders/c27e3860-d9cb-475c-88bd-08d82bf0c004/payments HTTP/1.1" 202 96 "-" "k6/0.54.0 (https://k6.io/)"
checkout-nginx-1  | 172.20.0.13 - - [12/Sep/2026:11:31:11 +0000] "POST /api/purchases HTTP/1.1" 201 261 "-" "k6/0.54.0 (https://k6.io/)"
checkout-nginx-1  | 172.20.0.13 - - [12/Sep/2026:11:31:11 +0000] "POST /api/purchases HTTP/1.1" 429 35 "-" "k6/0.54.0 (https://k6.io/)"
checkout-nginx-1  | 172.20.0.13 - - [12/Sep/2026:11:31:11 +0000] "POST /api/orders/d66ad963-4174-46f0-baac-b5dcb039383b/payments HTTP/1.1" 202 96 "-" "k6/0.54.0 (https://k6.io/)"
payment-1         | 	at org.apache.tomcat.websocket.server.WsFilter.doFilter(WsFilter.java:51) ~[tomcat-embed-websocket-10.1.55.jar!/:na]
checkout-nginx-1  | 172.20.0.13 - - [12/Sep/2026:11:31:11 +0000] "POST /api/purchases HTTP/1.1" 201 261 "-" "k6/0.54.0 (https://k6.io/)"
checkout-nginx-1  | 172.20.0.13 - - [12/Sep/2026:11:31:11 +0000] "POST /api/purchases HTTP/1.1" 429 35 "-" "k6/0.54.0 (https://k6.io/)"
checkout-nginx-1  | 172.20.0.13 - - [12/Sep/2026:11:31:11 +0000] "POST /api/orders/2247925d-9292-4517-ab1f-cfb479550500/payments HTTP/1.1" 202 96 "-" "k6/0.54.0 (https://k6.io/)"
checkout-nginx-1  | 172.20.0.13 - - [12/Sep/2026:11:31:11 +0000] "POST /api/purchases HTTP/1.1" 201 261 "-" "k6/0.54.0 (https://k6.io/)"
payment-1         | 	at org.apache.catalina.core.ApplicationFilterChain.internalDoFilter(ApplicationFilterChain.java:162) ~[tomcat-embed-core-10.1.55.jar!/:na]
payment-1         | 	at org.apache.catalina.core.ApplicationFilterChain.doFilter(ApplicationFilterChain.java:138) ~[tomcat-embed-core-10.1.55.jar!/:na]
payment-1         | 	at org.springframework.web.filter.RequestContextFilter.doFilterInternal(RequestContextFilter.java:100) ~[spring-web-6.2.19.jar!/:6.2.19]
payment-1         | 	at org.springframework.web.filter.OncePerRequestFilter.doFilter(OncePerRequestFilter.java:116) ~[spring-web-6.2.19.jar!/:6.2.19]
payment-1         | 	at org.apache.catalina.core.ApplicationFilterChain.internalDoFilter(ApplicationFilterChain.java:162) ~[tomcat-embed-core-10.1.55.jar!/:na]
payment-1         | 	at org.apache.catalina.core.ApplicationFilterChain.doFilter(ApplicationFilterChain.java:138) ~[tomcat-embed-core-10.1.55.jar!/:na]
payment-1         | 	at org.springframework.web.filter.FormContentFilter.doFilterInternal(FormContentFilter.java:93) ~[spring-web-6.2.19.jar!/:6.2.19]
payment-1         | 	at org.springframework.web.filter.OncePerRequestFilter.doFilter(OncePerRequestFilter.java:116) ~[spring-web-6.2.19.jar!/:6.2.19]
payment-1         | 	at org.apache.catalina.core.ApplicationFilterChain.internalDoFilter(ApplicationFilterChain.java:162) ~[tomcat-embed-core-10.1.55.jar!/:na]
checkout-nginx-1  | 172.20.0.13 - - [12/Sep/2026:11:31:11 +0000] "POST /api/orders/1121245e-d8c7-40bd-8479-d8fcf24a0dfa/payments HTTP/1.1" 202 96 "-" "k6/0.54.0 (https://k6.io/)"
checkout-nginx-1  | 172.20.0.13 - - [12/Sep/2026:11:31:11 +0000] "POST /api/purchases HTTP/1.1" 429 35 "-" "k6/0.54.0 (https://k6.io/)"
checkout-nginx-1  | 172.20.0.13 - - [12/Sep/2026:11:31:11 +0000] "POST /api/purchases HTTP/1.1" 201 261 "-" "k6/0.54.0 (https://k6.io/)"
checkout-nginx-1  | 172.20.0.13 - - [12/Sep/2026:11:31:11 +0000] "POST /api/orders/e21ab2be-a624-4bb7-a811-6a899ace3848/payments HTTP/1.1" 202 96 "-" "k6/0.54.0 (https://k6.io/)"
checkout-nginx-1  | 172.20.0.13 - - [12/Sep/2026:11:31:11 +0000] "POST /api/purchases HTTP/1.1" 429 35 "-" "k6/0.54.0 (https://k6.io/)"
checkout-nginx-1  | 172.20.0.13 - - [12/Sep/2026:11:31:11 +0000] "POST /api/purchases HTTP/1.1" 201 261 "-" "k6/0.54.0 (https://k6.io/)"
checkout-nginx-1  | 172.20.0.13 - - [12/Sep/2026:11:31:11 +0000] "POST /api/orders/1905bd6a-58d5-44b6-9936-94d1c8859353/payments HTTP/1.1" 202 96 "-" "k6/0.54.0 (https://k6.io/)"
checkout-nginx-1  | 172.20.0.13 - - [12/Sep/2026:11:31:11 +0000] "POST /api/purchases HTTP/1.1" 429 35 "-" "k6/0.54.0 (https://k6.io/)"
checkout-nginx-1  | 172.20.0.13 - - [12/Sep/2026:11:31:11 +0000] "POST /api/purchases HTTP/1.1" 201 261 "-" "k6/0.54.0 (https://k6.io/)"
checkout-nginx-1  | 172.20.0.13 - - [12/Sep/2026:11:31:11 +0000] "POST /api/orders/cd5f5ea0-dc98-4efd-b477-3d5e9cd3cce9/payments HTTP/1.1" 202 96 "-" "k6/0.54.0 (https://k6.io/)"
nginx-1           | 172.20.0.13 - - [12/Sep/2026:11:31:09 +0000] "GET /api/admissions/63759049b443c4f8944fdca17817a5c7e16f3eb531eb2d6a78af8375d0f3c20b HTTP/1.1" 200 569 "-" "k6/0.54.0 (https://k6.io/)"
nginx-1           | 172.20.0.13 - - [12/Sep/2026:11:31:09 +0000] "GET /api/admissions/ea1d5f69ba92a5e1156e15802729e390811a5306124b70ace57d6e3a63db5160 HTTP/1.1" 200 157 "-" "k6/0.54.0 (https://k6.io/)"
nginx-1           | 172.20.0.13 - - [12/Sep/2026:11:31:09 +0000] "POST /api/admissions HTTP/1.1" 202 157 "-" "k6/0.54.0 (https://k6.io/)"
nginx-1           | 172.20.0.13 - - [12/Sep/2026:11:31:09 +0000] "POST /api/admissions HTTP/1.1" 202 157 "-" "k6/0.54.0 (https://k6.io/)"
nginx-1           | 172.20.0.13 - - [12/Sep/2026:11:31:09 +0000] "GET /api/admissions/bba2acd37023dd024998df37ffc2b4e6426eb40b7ee5f84d7283b851109cd3e7 HTTP/1.1" 200 569 "-" "k6/0.54.0 (https://k6.io/)"
nginx-1           | 172.20.0.13 - - [12/Sep/2026:11:31:09 +0000] "GET /api/admissions/81a146b17befec7858c2bbfe9f0599c14b431d7bf32e9c5e78efd9847a88c7f7 HTTP/1.1" 200 157 "-" "k6/0.54.0 (https://k6.io/)"
nginx-1           | 172.20.0.13 - - [12/Sep/2026:11:31:09 +0000] "GET /api/admissions/75b5a2c18c8385c686a6a043b459da6922b6fe51fc544a453affed6c0cd41636 HTTP/1.1" 200 569 "-" "k6/0.54.0 (https://k6.io/)"
nginx-1           | 172.20.0.13 - - [12/Sep/2026:11:31:09 +0000] "GET /api/admissions/dfd76c4385c7054aa68b954ef34b47a7a458a6ccc43b1455150aa98096b8de8b HTTP/1.1" 200 157 "-" "k6/0.54.0 (https://k6.io/)"
nginx-1           | 172.20.0.13 - - [12/Sep/2026:11:31:09 +0000] "POST /api/admissions HTTP/1.1" 202 157 "-" "k6/0.54.0 (https://k6.io/)"
nginx-1           | 172.20.0.13 - - [12/Sep/2026:11:31:09 +0000] "GET /api/admissions/76e4faf2d6a210bb6ccb7d8eefd15573fee795cc2ff23cc08859f168081a260a HTTP/1.1" 200 157 "-" "k6/0.54.0 (https://k6.io/)"
payment-1         | 	at org.apache.catalina.core.ApplicationFilterChain.doFilter(ApplicationFilterChain.java:138) ~[tomcat-embed-core-10.1.55.jar!/:na]
payment-1         | 	at org.springframework.web.filter.ServerHttpObservationFilter.doFilterInternal(ServerHttpObservationFilter.java:110) ~[spring-web-6.2.19.jar!/:6.2.19]
payment-1         | 	at org.springframework.web.filter.OncePerRequestFilter.doFilter(OncePerRequestFilter.java:116) ~[spring-web-6.2.19.jar!/:6.2.19]
payment-1         | 	at org.apache.catalina.core.ApplicationFilterChain.internalDoFilter(ApplicationFilterChain.java:162) ~[tomcat-embed-core-10.1.55.jar!/:na]
nginx-1           | 172.20.0.13 - - [12/Sep/2026:11:31:09 +0000] "GET /api/admissions/56ce91a6de9bc4b1733c09045795e834ddcc77341d2efa92f1c019c06945598b HTTP/1.1" 200 569 "-" "k6/0.54.0 (https://k6.io/)"
nginx-1           | 172.20.0.13 - - [12/Sep/2026:11:31:09 +0000] "POST /api/admissions HTTP/1.1" 202 157 "-" "k6/0.54.0 (https://k6.io/)"
checkout-nginx-1  | 172.20.0.13 - - [12/Sep/2026:11:31:11 +0000] "POST /api/purchases HTTP/1.1" 201 261 "-" "k6/0.54.0 (https://k6.io/)"
payment-1         | 	at org.apache.catalina.core.ApplicationFilterChain.doFilter(ApplicationFilterChain.java:138) ~[tomcat-embed-core-10.1.55.jar!/:na]
checkout-nginx-1  | 172.20.0.13 - - [12/Sep/2026:11:31:11 +0000] "POST /api/orders/dff89e40-3652-46c7-baf9-103c55340814/payments HTTP/1.1" 202 96 "-" "k6/0.54.0 (https://k6.io/)"
checkout-nginx-1  | 172.20.0.13 - - [12/Sep/2026:11:31:11 +0000] "POST /api/purchases HTTP/1.1" 429 35 "-" "k6/0.54.0 (https://k6.io/)"
checkout-nginx-1  | 172.20.0.13 - - [12/Sep/2026:11:31:11 +0000] "POST /api/purchases HTTP/1.1" 201 261 "-" "k6/0.54.0 (https://k6.io/)"
checkout-nginx-1  | 172.20.0.13 - - [12/Sep/2026:11:31:11 +0000] "POST /api/orders/571b8e55-7ae1-4c08-ac34-be2e70b15675/payments HTTP/1.1" 202 96 "-" "k6/0.54.0 (https://k6.io/)"
checkout-nginx-1  | 172.20.0.13 - - [12/Sep/2026:11:31:11 +0000] "POST /api/purchases HTTP/1.1" 201 261 "-" "k6/0.54.0 (https://k6.io/)"
checkout-nginx-1  | 172.20.0.13 - - [12/Sep/2026:11:31:11 +0000] "POST /api/orders/cc06f1e4-3af0-4bb9-a4bf-eac869e8af54/payments HTTP/1.1" 202 96 "-" "k6/0.54.0 (https://k6.io/)"
checkout-nginx-1  | 172.20.0.13 - - [12/Sep/2026:11:31:12 +0000] "POST /api/purchases HTTP/1.1" 201 261 "-" "k6/0.54.0 (https://k6.io/)"
checkout-nginx-1  | 172.20.0.13 - - [12/Sep/2026:11:31:12 +0000] "POST /api/orders/b7e489e8-b770-4ec3-b061-2dc4c960b880/payments HTTP/1.1" 202 96 "-" "k6/0.54.0 (https://k6.io/)"
checkout-nginx-1  | 172.20.0.13 - - [12/Sep/2026:11:31:12 +0000] "POST /api/purchases HTTP/1.1" 201 261 "-" "k6/0.54.0 (https://k6.io/)"
checkout-nginx-1  | 172.20.0.13 - - [12/Sep/2026:11:31:12 +0000] "POST /api/orders/086d3ae8-f4ad-49f4-91c1-e5f0b1d6ecb0/payments HTTP/1.1" 202 96 "-" "k6/0.54.0 (https://k6.io/)"
checkout-nginx-1  | 172.20.0.13 - - [12/Sep/2026:11:31:12 +0000] "POST /api/purchases HTTP/1.1" 201 261 "-" "k6/0.54.0 (https://k6.io/)"
checkout-nginx-1  | 172.20.0.13 - - [12/Sep/2026:11:31:12 +0000] "POST /api/orders/2ac4e814-0cf2-42c0-b2ff-0fff46be2ff1/payments HTTP/1.1" 202 96 "-" "k6/0.54.0 (https://k6.io/)"
payment-1         | 	at org.springframework.web.filter.CharacterEncodingFilter.doFilterInternal(CharacterEncodingFilter.java:201) ~[spring-web-6.2.19.jar!/:6.2.19]
payment-1         | 	at org.springframework.web.filter.OncePerRequestFilter.doFilter(OncePerRequestFilter.java:116) ~[spring-web-6.2.19.jar!/:6.2.19]
checkout-nginx-1  | 172.20.0.13 - - [12/Sep/2026:11:31:12 +0000] "POST /api/purchases HTTP/1.1" 201 261 "-" "k6/0.54.0 (https://k6.io/)"
payment-1         | 	at org.apache.catalina.core.ApplicationFilterChain.internalDoFilter(ApplicationFilterChain.java:162) ~[tomcat-embed-core-10.1.55.jar!/:na]
checkout-nginx-1  | 172.20.0.13 - - [12/Sep/2026:11:31:12 +0000] "POST /api/purchases HTTP/1.1" 429 35 "-" "k6/0.54.0 (https://k6.io/)"
checkout-nginx-1  | 172.20.0.13 - - [12/Sep/2026:11:31:12 +0000] "POST /api/orders/95392250-07d2-4534-9e08-5aa10f6a08bd/payments HTTP/1.1" 202 96 "-" "k6/0.54.0 (https://k6.io/)"
checkout-nginx-1  | 172.20.0.13 - - [12/Sep/2026:11:31:12 +0000] "POST /api/purchases HTTP/1.1" 201 261 "-" "k6/0.54.0 (https://k6.io/)"
payment-1         | 	at org.apache.catalina.core.ApplicationFilterChain.doFilter(ApplicationFilterChain.java:138) ~[tomcat-embed-core-10.1.55.jar!/:na]
payment-1         | 	at org.apache.catalina.core.StandardWrapperValve.invoke(StandardWrapperValve.java:165) ~[tomcat-embed-core-10.1.55.jar!/:na]
payment-1         | 	at org.apache.catalina.core.StandardContextValve.invoke(StandardContextValve.java:88) ~[tomcat-embed-core-10.1.55.jar!/:na]
payment-1         | 	at org.apache.catalina.authenticator.AuthenticatorBase.invoke(AuthenticatorBase.java:492) ~[tomcat-embed-core-10.1.55.jar!/:na]
payment-1         | 	at org.apache.catalina.core.StandardHostValve.invoke(StandardHostValve.java:113) ~[tomcat-embed-core-10.1.55.jar!/:na]
nginx-1           | 172.20.0.13 - - [12/Sep/2026:11:31:10 +0000] "POST /api/admissions HTTP/1.1" 202 157 "-" "k6/0.54.0 (https://k6.io/)"
nginx-1           | 172.20.0.13 - - [12/Sep/2026:11:31:10 +0000] "GET /api/admissions/7d2734c07fb7ede317bb2ac0232a2054bfe5819e40b26342d73cdb2c082da5b9 HTTP/1.1" 200 569 "-" "k6/0.54.0 (https://k6.io/)"
nginx-1           | 172.20.0.13 - - [12/Sep/2026:11:31:10 +0000] "POST /api/admissions HTTP/1.1" 202 157 "-" "k6/0.54.0 (https://k6.io/)"
nginx-1           | 172.20.0.13 - - [12/Sep/2026:11:31:10 +0000] "GET /api/admissions/64ad9dbe24a495c326fde73d7fb57c0db45c0ee21d69100ec411d3982c3d1de0 HTTP/1.1" 200 569 "-" "k6/0.54.0 (https://k6.io/)"
payment-1         | 	at org.apache.catalina.valves.ErrorReportValve.invoke(ErrorReportValve.java:83) ~[tomcat-embed-core-10.1.55.jar!/:na]
payment-1         | 	at org.apache.catalina.core.StandardEngineValve.invoke(StandardEngineValve.java:72) ~[tomcat-embed-core-10.1.55.jar!/:na]
payment-1         | 	at org.apache.catalina.connector.CoyoteAdapter.service(CoyoteAdapter.java:342) ~[tomcat-embed-core-10.1.55.jar!/:na]
payment-1         | 	at org.apache.coyote.http11.Http11Processor.service(Http11Processor.java:399) ~[tomcat-embed-core-10.1.55.jar!/:na]
payment-1         | 	at org.apache.coyote.AbstractProcessorLight.process(AbstractProcessorLight.java:63) ~[tomcat-embed-core-10.1.55.jar!/:na]
payment-1         | 	at org.apache.coyote.AbstractProtocol$ConnectionHandler.process(AbstractProtocol.java:1272) ~[tomcat-embed-core-10.1.55.jar!/:na]
payment-1         | 	at org.apache.tomcat.util.net.NioEndpoint$SocketProcessor.doRun(NioEndpoint.java:1797) ~[tomcat-embed-core-10.1.55.jar!/:na]
payment-1         | 	at org.apache.tomcat.util.net.SocketProcessorBase.run(SocketProcessorBase.java:52) ~[tomcat-embed-core-10.1.55.jar!/:na]
payment-1         | 	at org.apache.tomcat.util.threads.ThreadPoolExecutor.runWorker(ThreadPoolExecutor.java:973) ~[tomcat-embed-core-10.1.55.jar!/:na]
payment-1         | 	at org.apache.tomcat.util.threads.ThreadPoolExecutor$Worker.run(ThreadPoolExecutor.java:491) ~[tomcat-embed-core-10.1.55.jar!/:na]
payment-1         | 	at org.apache.tomcat.util.threads.TaskThread$WrappingRunnable.run(TaskThread.java:63) ~[tomcat-embed-core-10.1.55.jar!/:na]
payment-1         | 	at java.base/java.lang.Thread.run(Unknown Source) ~[na:na]
payment-1         | 
payment-1         | 2026-09-12T11:30:55.268Z  WARN 1 --- [limited-goods] [nio-8080-exec-9] o.h.engine.jdbc.spi.SqlExceptionHelper   : SQL Error: 0, SQLState: null
payment-1         | 2026-09-12T11:30:55.269Z ERROR 1 --- [limited-goods] [nio-8080-exec-9] o.h.engine.jdbc.spi.SqlExceptionHelper   : HikariPool-1 - Connection is not available, request timed out after 1000ms (total=4, active=4, idle=0, waiting=4)
payment-1         | 2026-09-12T11:30:55.269Z  WARN 1 --- [limited-goods] [io-8080-exec-10] o.h.engine.jdbc.spi.SqlExceptionHelper   : SQL Error: 0, SQLState: null
payment-1         | 2026-09-12T11:30:55.269Z ERROR 1 --- [limited-goods] [io-8080-exec-10] o.h.engine.jdbc.spi.SqlExceptionHelper   : HikariPool-1 - Connection is not available, request timed out after 1000ms (total=4, active=4, idle=0, waiting=3)
nginx-1           | 172.20.0.13 - - [12/Sep/2026:11:31:10 +0000] "GET /api/admissions/135f6801e6d3a97fdb9c8e59f5fe0114ea167679535a7e195a686417594def76 HTTP/1.1" 200 157 "-" "k6/0.54.0 (https://k6.io/)"
nginx-1           | 172.20.0.13 - - [12/Sep/2026:11:31:10 +0000] "POST /api/admissions HTTP/1.1" 202 157 "-" "k6/0.54.0 (https://k6.io/)"
payment-1         | 2026-09-12T11:30:55.269Z ERROR 1 --- [limited-goods] [nio-8080-exec-9] o.a.c.c.C.[.[.[/].[dispatcherServlet]    : Servlet.service() for servlet [dispatcherServlet] in context with path [] threw exception [Request processing failed: org.springframework.transaction.CannotCreateTransactionException: Could not open JPA EntityManager for transaction] with root cause
payment-1         | 
payment-1         | java.sql.SQLTransientConnectionException: HikariPool-1 - Connection is not available, request timed out after 1000ms (total=4, active=4, idle=0, waiting=4)
payment-1         | 	at com.zaxxer.hikari.pool.HikariPool.createTimeoutException(HikariPool.java:714) ~[HikariCP-6.3.3.jar!/:na]
payment-1         | 	at com.zaxxer.hikari.pool.HikariPool.getConnection(HikariPool.java:184) ~[HikariCP-6.3.3.jar!/:na]
checkout-nginx-1  | 172.20.0.13 - - [12/Sep/2026:11:31:12 +0000] "POST /api/orders/17aecdb1-a443-475e-b02c-10e35d6c2b1f/payments HTTP/1.1" 202 96 "-" "k6/0.54.0 (https://k6.io/)"
checkout-nginx-1  | 172.20.0.13 - - [12/Sep/2026:11:31:12 +0000] "POST /api/purchases HTTP/1.1" 201 261 "-" "k6/0.54.0 (https://k6.io/)"
checkout-nginx-1  | 172.20.0.13 - - [12/Sep/2026:11:31:12 +0000] "POST /api/orders/a6dbc47d-db5c-47d7-8174-4a2a969039b5/payments HTTP/1.1" 202 96 "-" "k6/0.54.0 (https://k6.io/)"
checkout-nginx-1  | 172.20.0.13 - - [12/Sep/2026:11:31:12 +0000] "POST /api/purchases HTTP/1.1" 201 261 "-" "k6/0.54.0 (https://k6.io/)"
payment-1         | 	at com.zaxxer.hikari.pool.HikariPool.getConnection(HikariPool.java:142) ~[HikariCP-6.3.3.jar!/:na]
payment-1         | 	at com.zaxxer.hikari.HikariDataSource.getConnection(HikariDataSource.java:127) ~[HikariCP-6.3.3.jar!/:na]
checkout-nginx-1  | 172.20.0.13 - - [12/Sep/2026:11:31:12 +0000] "POST /api/orders/be75b6ba-08cf-4088-98cd-8d0cdfd892ff/payments HTTP/1.1" 202 96 "-" "k6/0.54.0 (https://k6.io/)"
checkout-nginx-1  | 172.20.0.13 - - [12/Sep/2026:11:31:12 +0000] "POST /api/purchases HTTP/1.1" 201 261 "-" "k6/0.54.0 (https://k6.io/)"
checkout-nginx-1  | 172.20.0.13 - - [12/Sep/2026:11:31:12 +0000] "POST /api/orders/c12dd303-7b77-45e0-b014-240229c76db6/payments HTTP/1.1" 202 96 "-" "k6/0.54.0 (https://k6.io/)"
checkout-nginx-1  | 172.20.0.13 - - [12/Sep/2026:11:31:12 +0000] "POST /api/purchases HTTP/1.1" 201 261 "-" "k6/0.54.0 (https://k6.io/)"
checkout-nginx-1  | 172.20.0.13 - - [12/Sep/2026:11:31:12 +0000] "POST /api/orders/a62eb201-14f5-4d31-8171-2298256a9407/payments HTTP/1.1" 202 96 "-" "k6/0.54.0 (https://k6.io/)"
payment-1         | 	at org.hibernate.engine.jdbc.connections.internal.DatasourceConnectionProviderImpl.getConnection(DatasourceConnectionProviderImpl.java:126) ~[hibernate-core-6.6.53.Final.jar!/:6.6.53.Final]
payment-1         | 	at org.hibernate.internal.NonContextualJdbcConnectionAccess.obtainConnection(NonContextualJdbcConnectionAccess.java:46) ~[hibernate-core-6.6.53.Final.jar!/:6.6.53.Final]
payment-1         | 	at org.hibernate.resource.jdbc.internal.LogicalConnectionManagedImpl.acquireConnectionIfNeeded(LogicalConnectionManagedImpl.java:126) ~[hibernate-core-6.6.53.Final.jar!/:6.6.53.Final]
payment-1         | 	at org.hibernate.resource.jdbc.internal.LogicalConnectionManagedImpl.getPhysicalConnection(LogicalConnectionManagedImpl.java:156) ~[hibernate-core-6.6.53.Final.jar!/:6.6.53.Final]
checkout-nginx-1  | 172.20.0.13 - - [12/Sep/2026:11:31:12 +0000] "POST /api/purchases HTTP/1.1" 201 261 "-" "k6/0.54.0 (https://k6.io/)"
checkout-nginx-1  | 172.20.0.13 - - [12/Sep/2026:11:31:12 +0000] "POST /api/orders/36c21a31-5fad-4474-b2c1-9664352fd7df/payments HTTP/1.1" 202 96 "-" "k6/0.54.0 (https://k6.io/)"
checkout-nginx-1  | 172.20.0.13 - - [12/Sep/2026:11:31:12 +0000] "POST /api/purchases HTTP/1.1" 201 261 "-" "k6/0.54.0 (https://k6.io/)"
checkout-nginx-1  | 172.20.0.13 - - [12/Sep/2026:11:31:12 +0000] "POST /api/orders/6e6a60ac-9122-4098-9ce7-a318f4b176a9/payments HTTP/1.1" 202 96 "-" "k6/0.54.0 (https://k6.io/)"
nginx-1           | 172.20.0.13 - - [12/Sep/2026:11:31:10 +0000] "GET /api/admissions/523b5b3cb0f6d6e1f259ad537a6f6a662cd9472b8f1fc232750b9798bf800bc9 HTTP/1.1" 200 569 "-" "k6/0.54.0 (https://k6.io/)"
nginx-1           | 172.20.0.13 - - [12/Sep/2026:11:31:10 +0000] "POST /api/admissions HTTP/1.1" 202 157 "-" "k6/0.54.0 (https://k6.io/)"
nginx-1           | 172.20.0.13 - - [12/Sep/2026:11:31:10 +0000] "GET /api/admissions/5c27870aad35b3f85a7a6df877119e4ea22084b73d1362665307c55fbeaf518c HTTP/1.1" 200 569 "-" "k6/0.54.0 (https://k6.io/)"
nginx-1           | 172.20.0.13 - - [12/Sep/2026:11:31:10 +0000] "GET /api/admissions/96a5e1426f44777cd70ff3d885ed96900801eda85ecc6d559d62d8f8a0450736 HTTP/1.1" 200 569 "-" "k6/0.54.0 (https://k6.io/)"
checkout-nginx-1  | 172.20.0.13 - - [12/Sep/2026:11:31:13 +0000] "POST /api/purchases HTTP/1.1" 201 261 "-" "k6/0.54.0 (https://k6.io/)"
checkout-nginx-1  | 172.20.0.13 - - [12/Sep/2026:11:31:13 +0000] "POST /api/orders/bf9c7db2-6ae0-442e-8b68-90a31d9cb938/payments HTTP/1.1" 202 96 "-" "k6/0.54.0 (https://k6.io/)"
checkout-nginx-1  | 172.20.0.13 - - [12/Sep/2026:11:31:13 +0000] "POST /api/purchases HTTP/1.1" 429 35 "-" "k6/0.54.0 (https://k6.io/)"
checkout-nginx-1  | 172.20.0.13 - - [12/Sep/2026:11:31:13 +0000] "POST /api/purchases HTTP/1.1" 201 261 "-" "k6/0.54.0 (https://k6.io/)"
checkout-nginx-1  | 172.20.0.13 - - [12/Sep/2026:11:31:13 +0000] "POST /api/orders/bf7fd56a-e4ef-489b-8120-df69ed868827/payments HTTP/1.1" 202 96 "-" "k6/0.54.0 (https://k6.io/)"
checkout-nginx-1  | 172.20.0.13 - - [12/Sep/2026:11:31:13 +0000] "POST /api/purchases HTTP/1.1" 201 261 "-" "k6/0.54.0 (https://k6.io/)"
checkout-nginx-1  | 172.20.0.13 - - [12/Sep/2026:11:31:13 +0000] "POST /api/orders/c20b9216-66ba-4fad-84df-a1c65b3265b3/payments HTTP/1.1" 202 96 "-" "k6/0.54.0 (https://k6.io/)"
checkout-nginx-1  | 172.20.0.13 - - [12/Sep/2026:11:31:13 +0000] "POST /api/purchases HTTP/1.1" 201 261 "-" "k6/0.54.0 (https://k6.io/)"
checkout-nginx-1  | 172.20.0.13 - - [12/Sep/2026:11:31:13 +0000] "POST /api/purchases HTTP/1.1" 201 261 "-" "k6/0.54.0 (https://k6.io/)"
checkout-nginx-1  | 172.20.0.13 - - [12/Sep/2026:11:31:13 +0000] "POST /api/orders/71314da1-f19e-49b5-89de-08eb12e57e4f/payments HTTP/1.1" 202 96 "-" "k6/0.54.0 (https://k6.io/)"
checkout-nginx-1  | 172.20.0.13 - - [12/Sep/2026:11:31:13 +0000] "POST /api/orders/8d6653eb-9ead-4a13-a93d-abc4dfda5b79/payments HTTP/1.1" 202 96 "-" "k6/0.54.0 (https://k6.io/)"
checkout-nginx-1  | 172.20.0.13 - - [12/Sep/2026:11:31:13 +0000] "POST /api/purchases HTTP/1.1" 201 261 "-" "k6/0.54.0 (https://k6.io/)"
checkout-nginx-1  | 172.20.0.13 - - [12/Sep/2026:11:31:13 +0000] "POST /api/orders/0481f677-9236-4cdb-b625-b99ae56fc087/payments HTTP/1.1" 202 96 "-" "k6/0.54.0 (https://k6.io/)"
checkout-nginx-1  | 172.20.0.13 - - [12/Sep/2026:11:31:13 +0000] "POST /api/purchases HTTP/1.1" 201 261 "-" "k6/0.54.0 (https://k6.io/)"
checkout-nginx-1  | 172.20.0.13 - - [12/Sep/2026:11:31:13 +0000] "POST /api/purchases HTTP/1.1" 201 261 "-" "k6/0.54.0 (https://k6.io/)"
checkout-nginx-1  | 172.20.0.13 - - [12/Sep/2026:11:31:13 +0000] "POST /api/purchases HTTP/1.1" 201 261 "-" "k6/0.54.0 (https://k6.io/)"
checkout-nginx-1  | 172.20.0.13 - - [12/Sep/2026:11:31:13 +0000] "POST /api/orders/1ca68cde-1187-4319-b0cd-a6df510c9f86/payments HTTP/1.1" 202 96 "-" "k6/0.54.0 (https://k6.io/)"
checkout-nginx-1  | 172.20.0.13 - - [12/Sep/2026:11:31:13 +0000] "POST /api/orders/be73d739-898f-491c-9ea5-7b76407229d5/payments HTTP/1.1" 202 96 "-" "k6/0.54.0 (https://k6.io/)"
checkout-nginx-1  | 172.20.0.13 - - [12/Sep/2026:11:31:13 +0000] "POST /api/purchases HTTP/1.1" 201 261 "-" "k6/0.54.0 (https://k6.io/)"
checkout-nginx-1  | 172.20.0.13 - - [12/Sep/2026:11:31:13 +0000] "POST /api/orders/f83b5104-ffee-4dcb-abde-ba768af317e6/payments HTTP/1.1" 202 96 "-" "k6/0.54.0 (https://k6.io/)"
checkout-nginx-1  | 172.20.0.13 - - [12/Sep/2026:11:31:14 +0000] "POST /api/purchases HTTP/1.1" 201 261 "-" "k6/0.54.0 (https://k6.io/)"
checkout-nginx-1  | 172.20.0.13 - - [12/Sep/2026:11:31:14 +0000] "POST /api/orders/c8f75cbe-950d-4e4a-a43d-b97aac82bbf8/payments HTTP/1.1" 202 96 "-" "k6/0.54.0 (https://k6.io/)"
payment-1         | 	at org.hibernate.resource.jdbc.internal.LogicalConnectionManagedImpl.getConnectionForTransactionManagement(LogicalConnectionManagedImpl.java:286) ~[hibernate-core-6.6.53.Final.jar!/:6.6.53.Final]
payment-1         | 	at org.hibernate.resource.jdbc.internal.LogicalConnectionManagedImpl.begin(LogicalConnectionManagedImpl.java:294) ~[hibernate-core-6.6.53.Final.jar!/:6.6.53.Final]
payment-1         | 	at org.hibernate.resource.transaction.backend.jdbc.internal.JdbcResourceLocalTransactionCoordinatorImpl$TransactionDriverControlImpl.begin(JdbcResourceLocalTransactionCoordinatorImpl.java:232) ~[hibernate-core-6.6.53.Final.jar!/:6.6.53.Final]
payment-1         | 	at org.hibernate.engine.transaction.internal.TransactionImpl.begin(TransactionImpl.java:83) ~[hibernate-core-6.6.53.Final.jar!/:6.6.53.Final]
payment-1         | 	at org.springframework.orm.jpa.vendor.HibernateJpaDialect.beginTransaction(HibernateJpaDialect.java:176) ~[spring-orm-6.2.19.jar!/:6.2.19]
payment-1         | 	at org.springframework.orm.jpa.JpaTransactionManager.doBegin(JpaTransactionManager.java:421) ~[spring-orm-6.2.19.jar!/:6.2.19]
payment-1         | 	at org.springframework.transaction.support.AbstractPlatformTransactionManager.startTransaction(AbstractPlatformTransactionManager.java:532) ~[spring-tx-6.2.19.jar!/:6.2.19]
payment-1         | 	at org.springframework.transaction.support.AbstractPlatformTransactionManager.getTransaction(AbstractPlatformTransactionManager.java:405) ~[spring-tx-6.2.19.jar!/:6.2.19]
payment-1         | 	at org.springframework.transaction.interceptor.TransactionAspectSupport.createTransactionIfNecessary(TransactionAspectSupport.java:639) ~[spring-tx-6.2.19.jar!/:6.2.19]
payment-1         | 	at org.springframework.transaction.interceptor.TransactionAspectSupport.invokeWithinTransaction(TransactionAspectSupport.java:374) ~[spring-tx-6.2.19.jar!/:6.2.19]
checkout-nginx-1  | 172.20.0.13 - - [12/Sep/2026:11:31:14 +0000] "POST /api/purchases HTTP/1.1" 201 261 "-" "k6/0.54.0 (https://k6.io/)"
checkout-nginx-1  | 172.20.0.13 - - [12/Sep/2026:11:31:14 +0000] "POST /api/orders/f7f8802f-5881-4d74-a2cb-2677e13058c9/payments HTTP/1.1" 202 96 "-" "k6/0.54.0 (https://k6.io/)"
checkout-nginx-1  | 172.20.0.13 - - [12/Sep/2026:11:31:14 +0000] "POST /api/purchases HTTP/1.1" 201 261 "-" "k6/0.54.0 (https://k6.io/)"
checkout-nginx-1  | 172.20.0.13 - - [12/Sep/2026:11:31:14 +0000] "POST /api/purchases HTTP/1.1" 201 261 "-" "k6/0.54.0 (https://k6.io/)"
checkout-nginx-1  | 172.20.0.13 - - [12/Sep/2026:11:31:14 +0000] "POST /api/purchases HTTP/1.1" 201 261 "-" "k6/0.54.0 (https://k6.io/)"
checkout-nginx-1  | 172.20.0.13 - - [12/Sep/2026:11:31:14 +0000] "POST /api/orders/972aa050-2545-4115-85f4-bbcc662edfbd/payments HTTP/1.1" 202 96 "-" "k6/0.54.0 (https://k6.io/)"
checkout-nginx-1  | 172.20.0.13 - - [12/Sep/2026:11:31:14 +0000] "POST /api/orders/ca46f285-1066-4388-a231-a68f4b029a34/payments HTTP/1.1" 202 96 "-" "k6/0.54.0 (https://k6.io/)"
checkout-nginx-1  | 172.20.0.13 - - [12/Sep/2026:11:31:14 +0000] "POST /api/orders/351c8d93-ee55-4754-807e-1923ed811dc3/payments HTTP/1.1" 202 96 "-" "k6/0.54.0 (https://k6.io/)"
checkout-nginx-1  | 172.20.0.13 - - [12/Sep/2026:11:31:14 +0000] "POST /api/orders/54f7de5d-fa54-4792-85a2-96ac2d0f48f7/payments HTTP/1.1" 202 96 "-" "k6/0.54.0 (https://k6.io/)"
nginx-1           | 172.20.0.13 - - [12/Sep/2026:11:31:10 +0000] "POST /api/admissions HTTP/1.1" 202 157 "-" "k6/0.54.0 (https://k6.io/)"
nginx-1           | 172.20.0.13 - - [12/Sep/2026:11:31:10 +0000] "GET /api/admissions/7aee5c08f956c0abeb17cd26fb60b3cf859ec53daf9c208da4b50057f3c37428 HTTP/1.1" 200 569 "-" "k6/0.54.0 (https://k6.io/)"
nginx-1           | 172.20.0.13 - - [12/Sep/2026:11:31:10 +0000] "POST /api/admissions HTTP/1.1" 202 157 "-" "k6/0.54.0 (https://k6.io/)"
nginx-1           | 172.20.0.13 - - [12/Sep/2026:11:31:10 +0000] "GET /api/admissions/08f45176285e19c7e0e15617690fcf22b458c62905d48e660051f96a05d090c6 HTTP/1.1" 200 569 "-" "k6/0.54.0 (https://k6.io/)"
nginx-1           | 172.20.0.13 - - [12/Sep/2026:11:31:10 +0000] "POST /api/admissions HTTP/1.1" 202 157 "-" "k6/0.54.0 (https://k6.io/)"
nginx-1           | 172.20.0.13 - - [12/Sep/2026:11:31:10 +0000] "POST /api/admissions HTTP/1.1" 202 157 "-" "k6/0.54.0 (https://k6.io/)"
nginx-1           | 172.20.0.13 - - [12/Sep/2026:11:31:10 +0000] "GET /api/admissions/513e962f1d6977d3eca93967d55770e8b4c805d77a0d1eeccd52bdb719a024b0 HTTP/1.1" 200 157 "-" "k6/0.54.0 (https://k6.io/)"
nginx-1           | 172.20.0.13 - - [12/Sep/2026:11:31:10 +0000] "GET /api/admissions/ea1d5f69ba92a5e1156e15802729e390811a5306124b70ace57d6e3a63db5160 HTTP/1.1" 200 568 "-" "k6/0.54.0 (https://k6.io/)"
nginx-1           | 172.20.0.13 - - [12/Sep/2026:11:31:10 +0000] "GET /api/admissions/dc831d75f7200ba6838bec9f84bf562d6e151e0b7c1ddc1ee8162676b4fd92de HTTP/1.1" 200 569 "-" "k6/0.54.0 (https://k6.io/)"
nginx-1           | 172.20.0.13 - - [12/Sep/2026:11:31:10 +0000] "POST /api/admissions HTTP/1.1" 202 157 "-" "k6/0.54.0 (https://k6.io/)"
nginx-1           | 172.20.0.13 - - [12/Sep/2026:11:31:10 +0000] "GET /api/admissions/797a27e42162b02f19d9da1221cee11e86ec7f936fc6a4408c65e23c29ffe9d8 HTTP/1.1" 200 569 "-" "k6/0.54.0 (https://k6.io/)"
nginx-1           | 172.20.0.13 - - [12/Sep/2026:11:31:10 +0000] "POST /api/admissions HTTP/1.1" 202 157 "-" "k6/0.54.0 (https://k6.io/)"
nginx-1           | 172.20.0.13 - - [12/Sep/2026:11:31:10 +0000] "GET /api/admissions/dfd76c4385c7054aa68b954ef34b47a7a458a6ccc43b1455150aa98096b8de8b HTTP/1.1" 200 157 "-" "k6/0.54.0 (https://k6.io/)"
nginx-1           | 172.20.0.13 - - [12/Sep/2026:11:31:11 +0000] "GET /api/admissions/351d7764e95ba7c348a888b850568c902d58f3a72c69d9217a8daf6b078110c4 HTTP/1.1" 200 157 "-" "k6/0.54.0 (https://k6.io/)"
nginx-1           | 172.20.0.13 - - [12/Sep/2026:11:31:11 +0000] "GET /api/admissions/81a146b17befec7858c2bbfe9f0599c14b431d7bf32e9c5e78efd9847a88c7f7 HTTP/1.1" 200 569 "-" "k6/0.54.0 (https://k6.io/)"
nginx-1           | 172.20.0.13 - - [12/Sep/2026:11:31:11 +0000] "POST /api/admissions HTTP/1.1" 202 157 "-" "k6/0.54.0 (https://k6.io/)"
nginx-1           | 172.20.0.13 - - [12/Sep/2026:11:31:11 +0000] "GET /api/admissions/36a629abc23582dca7a26edf2bbef939ba6b36f8981624bb193e3509a8680779 HTTP/1.1" 200 569 "-" "k6/0.54.0 (https://k6.io/)"
nginx-1           | 172.20.0.13 - - [12/Sep/2026:11:31:11 +0000] "GET /api/admissions/ceaf799d99026a8abcc1041ffdac6faaf87d4022bc01b02f7b1b510c257ce44f HTTP/1.1" 200 157 "-" "k6/0.54.0 (https://k6.io/)"
nginx-1           | 172.20.0.13 - - [12/Sep/2026:11:31:11 +0000] "GET /api/admissions/76e4faf2d6a210bb6ccb7d8eefd15573fee795cc2ff23cc08859f168081a260a HTTP/1.1" 200 157 "-" "k6/0.54.0 (https://k6.io/)"
nginx-1           | 172.20.0.13 - - [12/Sep/2026:11:31:11 +0000] "POST /api/admissions HTTP/1.1" 202 157 "-" "k6/0.54.0 (https://k6.io/)"
nginx-1           | 172.20.0.13 - - [12/Sep/2026:11:31:11 +0000] "GET /api/admissions/211c77332abde960029aaf4cf3be93f645f2ef8037dbc9c166fe124bb0628c9f HTTP/1.1" 200 569 "-" "k6/0.54.0 (https://k6.io/)"
checkout-nginx-1  | 172.20.0.13 - - [12/Sep/2026:11:31:14 +0000] "POST /api/purchases HTTP/1.1" 201 261 "-" "k6/0.54.0 (https://k6.io/)"
checkout-nginx-1  | 172.20.0.13 - - [12/Sep/2026:11:31:14 +0000] "POST /api/orders/846111e4-0fff-47c9-b74c-e19e0fb283b2/payments HTTP/1.1" 202 96 "-" "k6/0.54.0 (https://k6.io/)"
checkout-nginx-1  | 172.20.0.13 - - [12/Sep/2026:11:31:14 +0000] "POST /api/purchases HTTP/1.1" 201 261 "-" "k6/0.54.0 (https://k6.io/)"
checkout-nginx-1  | 172.20.0.13 - - [12/Sep/2026:11:31:14 +0000] "POST /api/orders/1faad055-69eb-4f31-b182-f8bc2ac889ee/payments HTTP/1.1" 202 96 "-" "k6/0.54.0 (https://k6.io/)"
checkout-nginx-1  | 172.20.0.13 - - [12/Sep/2026:11:31:14 +0000] "POST /api/purchases HTTP/1.1" 201 261 "-" "k6/0.54.0 (https://k6.io/)"
checkout-nginx-1  | 172.20.0.13 - - [12/Sep/2026:11:31:14 +0000] "POST /api/orders/28bc8598-9ef2-4a38-b819-16370f4d81a1/payments HTTP/1.1" 202 96 "-" "k6/0.54.0 (https://k6.io/)"
nginx-1           | 172.20.0.13 - - [12/Sep/2026:11:31:11 +0000] "POST /api/admissions HTTP/1.1" 202 157 "-" "k6/0.54.0 (https://k6.io/)"
nginx-1           | 172.20.0.13 - - [12/Sep/2026:11:31:11 +0000] "GET /api/admissions/135f6801e6d3a97fdb9c8e59f5fe0114ea167679535a7e195a686417594def76 HTTP/1.1" 200 569 "-" "k6/0.54.0 (https://k6.io/)"
nginx-1           | 172.20.0.13 - - [12/Sep/2026:11:31:11 +0000] "POST /api/admissions HTTP/1.1" 202 157 "-" "k6/0.54.0 (https://k6.io/)"
payment-1         | 	at org.springframework.transaction.interceptor.TransactionInterceptor.invoke(TransactionInterceptor.java:119) ~[spring-tx-6.2.19.jar!/:6.2.19]
payment-1         | 	at org.springframework.aop.framework.ReflectiveMethodInvocation.proceed(ReflectiveMethodInvocation.java:184) ~[spring-aop-6.2.19.jar!/:6.2.19]
payment-1         | 	at org.springframework.aop.framework.CglibAopProxy$DynamicAdvisedInterceptor.intercept(CglibAopProxy.java:728) ~[spring-aop-6.2.19.jar!/:6.2.19]
payment-1         | 	at com.limitedgoods.payments.PaymentService$$SpringCGLIB$$0.start(<generated>) ~[!/:0.1.0]
checkout-nginx-1  | 172.20.0.13 - - [12/Sep/2026:11:31:14 +0000] "POST /api/purchases HTTP/1.1" 201 261 "-" "k6/0.54.0 (https://k6.io/)"
checkout-nginx-1  | 172.20.0.13 - - [12/Sep/2026:11:31:14 +0000] "POST /api/orders/55981eb5-af60-4f2b-9809-718f3b82792c/payments HTTP/1.1" 202 96 "-" "k6/0.54.0 (https://k6.io/)"
nginx-1           | 172.20.0.13 - - [12/Sep/2026:11:31:11 +0000] "GET /api/admissions/c8b061f51f1cb240069f87d37827ea30ed67370185e89d99d3d8b0124e364be3 HTTP/1.1" 200 569 "-" "k6/0.54.0 (https://k6.io/)"
payment-1         | 	at com.limitedgoods.payments.PaymentController.start(PaymentController.java:19) ~[!/:0.1.0]
nginx-1           | 172.20.0.13 - - [12/Sep/2026:11:31:11 +0000] "GET /api/admissions/8fef27becf75e179c4c5ff9d542040d0813b0c4604a90f2f094be117f9fa32a3 HTTP/1.1" 200 569 "-" "k6/0.54.0 (https://k6.io/)"
nginx-1           | 172.20.0.13 - - [12/Sep/2026:11:31:11 +0000] "POST /api/admissions HTTP/1.1" 202 157 "-" "k6/0.54.0 (https://k6.io/)"
nginx-1           | 172.20.0.13 - - [12/Sep/2026:11:31:11 +0000] "GET /api/admissions/42880338932b0d2013057e81a9e09f71973508c6024e1a994b81271a46920dec HTTP/1.1" 200 569 "-" "k6/0.54.0 (https://k6.io/)"
nginx-1           | 172.20.0.13 - - [12/Sep/2026:11:31:11 +0000] "POST /api/admissions HTTP/1.1" 202 157 "-" "k6/0.54.0 (https://k6.io/)"
payment-1         | 	at java.base/jdk.internal.reflect.DirectMethodHandleAccessor.invoke(Unknown Source) ~[na:na]
nginx-1           | 172.20.0.13 - - [12/Sep/2026:11:31:11 +0000] "POST /api/admissions HTTP/1.1" 202 157 "-" "k6/0.54.0 (https://k6.io/)"
payment-1         | 	at java.base/java.lang.reflect.Method.invoke(Unknown Source) ~[na:na]
nginx-1           | 172.20.0.13 - - [12/Sep/2026:11:31:11 +0000] "POST /api/admissions HTTP/1.1" 202 157 "-" "k6/0.54.0 (https://k6.io/)"
nginx-1           | 172.20.0.13 - - [12/Sep/2026:11:31:11 +0000] "GET /api/admissions/90c6761323c230353ef8b82f21a85a244f1adf0fe85008b4c81058e705823eb7 HTTP/1.1" 200 569 "-" "k6/0.54.0 (https://k6.io/)"
nginx-1           | 172.20.0.13 - - [12/Sep/2026:11:31:11 +0000] "GET /api/admissions/fb28ec348c2313ce2b110708f129d33c8483ec9456e534a4edb2fbb3283c6af8 HTTP/1.1" 200 157 "-" "k6/0.54.0 (https://k6.io/)"
nginx-1           | 172.20.0.13 - - [12/Sep/2026:11:31:11 +0000] "POST /api/admissions HTTP/1.1" 202 157 "-" "k6/0.54.0 (https://k6.io/)"
nginx-1           | 172.20.0.13 - - [12/Sep/2026:11:31:11 +0000] "GET /api/admissions/513e962f1d6977d3eca93967d55770e8b4c805d77a0d1eeccd52bdb719a024b0 HTTP/1.1" 200 569 "-" "k6/0.54.0 (https://k6.io/)"
nginx-1           | 172.20.0.13 - - [12/Sep/2026:11:31:11 +0000] "POST /api/admissions HTTP/1.1" 202 157 "-" "k6/0.54.0 (https://k6.io/)"
nginx-1           | 172.20.0.13 - - [12/Sep/2026:11:31:11 +0000] "GET /api/admissions/ba00d0e53d26177992ba81b76a3818ea35baf29a84006a2724678d01a01da888 HTTP/1.1" 200 157 "-" "k6/0.54.0 (https://k6.io/)"
checkout-nginx-1  | 172.20.0.13 - - [12/Sep/2026:11:31:14 +0000] "POST /api/purchases HTTP/1.1" 201 261 "-" "k6/0.54.0 (https://k6.io/)"
checkout-nginx-1  | 172.20.0.13 - - [12/Sep/2026:11:31:15 +0000] "POST /api/orders/b5b5ace4-387e-4e0b-b47b-a50cd2e85ea0/payments HTTP/1.1" 202 96 "-" "k6/0.54.0 (https://k6.io/)"
checkout-nginx-1  | 172.20.0.13 - - [12/Sep/2026:11:31:15 +0000] "POST /api/purchases HTTP/1.1" 201 261 "-" "k6/0.54.0 (https://k6.io/)"
payment-1         | 	at org.springframework.web.method.support.InvocableHandlerMethod.doInvoke(InvocableHandlerMethod.java:258) ~[spring-web-6.2.19.jar!/:6.2.19]
payment-1         | 	at org.springframework.web.method.support.InvocableHandlerMethod.invokeForRequest(InvocableHandlerMethod.java:191) ~[spring-web-6.2.19.jar!/:6.2.19]
nginx-1           | 172.20.0.13 - - [12/Sep/2026:11:31:11 +0000] "GET /api/admissions/f28e4e1c1310ce00e20f07e5fa05b6c0c4a2c93c3b818477985f1e9011d7ab76 HTTP/1.1" 200 569 "-" "k6/0.54.0 (https://k6.io/)"
nginx-1           | 172.20.0.13 - - [12/Sep/2026:11:31:12 +0000] "POST /api/admissions HTTP/1.1" 202 157 "-" "k6/0.54.0 (https://k6.io/)"
nginx-1           | 172.20.0.13 - - [12/Sep/2026:11:31:12 +0000] "GET /api/admissions/ceaf799d99026a8abcc1041ffdac6faaf87d4022bc01b02f7b1b510c257ce44f HTTP/1.1" 200 569 "-" "k6/0.54.0 (https://k6.io/)"
checkout-nginx-1  | 172.20.0.13 - - [12/Sep/2026:11:31:15 +0000] "POST /api/orders/4c31d25b-0557-42fc-bcd2-b9be282cab89/payments HTTP/1.1" 202 96 "-" "k6/0.54.0 (https://k6.io/)"
checkout-nginx-1  | 172.20.0.13 - - [12/Sep/2026:11:31:15 +0000] "POST /api/purchases HTTP/1.1" 201 261 "-" "k6/0.54.0 (https://k6.io/)"
checkout-nginx-1  | 172.20.0.13 - - [12/Sep/2026:11:31:15 +0000] "POST /api/orders/c950d156-3de1-4eb1-980a-27c52ad63b1b/payments HTTP/1.1" 202 96 "-" "k6/0.54.0 (https://k6.io/)"
payment-1         | 	at org.springframework.web.servlet.mvc.method.annotation.ServletInvocableHandlerMethod.invokeAndHandle(ServletInvocableHandlerMethod.java:118) ~[spring-webmvc-6.2.19.jar!/:6.2.19]
payment-1         | 	at org.springframework.web.servlet.mvc.method.annotation.RequestMappingHandlerAdapter.invokeHandlerMethod(RequestMappingHandlerAdapter.java:991) ~[spring-webmvc-6.2.19.jar!/:6.2.19]
payment-1         | 	at org.springframework.web.servlet.mvc.method.annotation.RequestMappingHandlerAdapter.handleInternal(RequestMappingHandlerAdapter.java:896) ~[spring-webmvc-6.2.19.jar!/:6.2.19]
payment-1         | 	at org.springframework.web.servlet.mvc.method.AbstractHandlerMethodAdapter.handle(AbstractHandlerMethodAdapter.java:87) ~[spring-webmvc-6.2.19.jar!/:6.2.19]
payment-1         | 	at org.springframework.web.servlet.DispatcherServlet.doDispatch(DispatcherServlet.java:1089) ~[spring-webmvc-6.2.19.jar!/:6.2.19]
payment-1         | 	at org.springframework.web.servlet.DispatcherServlet.doService(DispatcherServlet.java:979) ~[spring-webmvc-6.2.19.jar!/:6.2.19]
payment-1         | 	at org.springframework.web.servlet.FrameworkServlet.processRequest(FrameworkServlet.java:1014) ~[spring-webmvc-6.2.19.jar!/:6.2.19]
nginx-1           | 172.20.0.13 - - [12/Sep/2026:11:31:12 +0000] "GET /api/admissions/dfd76c4385c7054aa68b954ef34b47a7a458a6ccc43b1455150aa98096b8de8b HTTP/1.1" 200 157 "-" "k6/0.54.0 (https://k6.io/)"
nginx-1           | 172.20.0.13 - - [12/Sep/2026:11:31:12 +0000] "POST /api/admissions HTTP/1.1" 202 157 "-" "k6/0.54.0 (https://k6.io/)"
nginx-1           | 172.20.0.13 - - [12/Sep/2026:11:31:12 +0000] "GET /api/admissions/005bf88e1e464f4b7c0773a25b2bb1050cb566b5c0e0e0f4a06e8cffbbd1f8f0 HTTP/1.1" 200 569 "-" "k6/0.54.0 (https://k6.io/)"
nginx-1           | 172.20.0.13 - - [12/Sep/2026:11:31:12 +0000] "GET /api/admissions/351d7764e95ba7c348a888b850568c902d58f3a72c69d9217a8daf6b078110c4 HTTP/1.1" 200 157 "-" "k6/0.54.0 (https://k6.io/)"
nginx-1           | 172.20.0.13 - - [12/Sep/2026:11:31:12 +0000] "GET /api/admissions/e14467e832059d0882dc2a09355b91bd5615b31b2bc8c34ac104ed0dcc22d4e3 HTTP/1.1" 200 569 "-" "k6/0.54.0 (https://k6.io/)"
nginx-1           | 172.20.0.13 - - [12/Sep/2026:11:31:12 +0000] "POST /api/admissions HTTP/1.1" 202 157 "-" "k6/0.54.0 (https://k6.io/)"
nginx-1           | 172.20.0.13 - - [12/Sep/2026:11:31:12 +0000] "GET /api/admissions/c47499885b88c9203b2bef1ca496935e8d43e72c87c14e72606cebd76607804f HTTP/1.1" 200 157 "-" "k6/0.54.0 (https://k6.io/)"
nginx-1           | 172.20.0.13 - - [12/Sep/2026:11:31:12 +0000] "GET /api/admissions/76e4faf2d6a210bb6ccb7d8eefd15573fee795cc2ff23cc08859f168081a260a HTTP/1.1" 200 569 "-" "k6/0.54.0 (https://k6.io/)"
payment-1         | 	at org.springframework.web.servlet.FrameworkServlet.doPost(FrameworkServlet.java:914) ~[spring-webmvc-6.2.19.jar!/:6.2.19]
payment-1         | 	at jakarta.servlet.http.HttpServlet.service(HttpServlet.java:590) ~[tomcat-embed-core-10.1.55.jar!/:na]
payment-1         | 	at org.springframework.web.servlet.FrameworkServlet.service(FrameworkServlet.java:885) ~[spring-webmvc-6.2.19.jar!/:6.2.19]
payment-1         | 	at jakarta.servlet.http.HttpServlet.service(HttpServlet.java:658) ~[tomcat-embed-core-10.1.55.jar!/:na]
payment-1         | 	at org.apache.catalina.core.ApplicationFilterChain.internalDoFilter(ApplicationFilterChain.java:193) ~[tomcat-embed-core-10.1.55.jar!/:na]
payment-1         | 	at org.apache.catalina.core.ApplicationFilterChain.doFilter(ApplicationFilterChain.java:138) ~[tomcat-embed-core-10.1.55.jar!/:na]
payment-1         | 	at org.apache.tomcat.websocket.server.WsFilter.doFilter(WsFilter.java:51) ~[tomcat-embed-websocket-10.1.55.jar!/:na]
payment-1         | 	at org.apache.catalina.core.ApplicationFilterChain.internalDoFilter(ApplicationFilterChain.java:162) ~[tomcat-embed-core-10.1.55.jar!/:na]
checkout-nginx-1  | 172.20.0.13 - - [12/Sep/2026:11:31:15 +0000] "POST /api/purchases HTTP/1.1" 201 261 "-" "k6/0.54.0 (https://k6.io/)"
checkout-nginx-1  | 172.20.0.13 - - [12/Sep/2026:11:31:15 +0000] "POST /api/orders/807b2be8-478b-4295-ab77-751adcd3194a/payments HTTP/1.1" 202 96 "-" "k6/0.54.0 (https://k6.io/)"
nginx-1           | 172.20.0.13 - - [12/Sep/2026:11:31:12 +0000] "POST /api/admissions HTTP/1.1" 202 157 "-" "k6/0.54.0 (https://k6.io/)"
nginx-1           | 172.20.0.13 - - [12/Sep/2026:11:31:12 +0000] "GET /api/admissions/2f292c201b4c46c61a369f7202689ae4520ae4056af413b1161cc34c729811b0 HTTP/1.1" 200 569 "-" "k6/0.54.0 (https://k6.io/)"
payment-1         | 	at org.apache.catalina.core.ApplicationFilterChain.doFilter(ApplicationFilterChain.java:138) ~[tomcat-embed-core-10.1.55.jar!/:na]
nginx-1           | 172.20.0.13 - - [12/Sep/2026:11:31:12 +0000] "POST /api/admissions HTTP/1.1" 202 157 "-" "k6/0.54.0 (https://k6.io/)"
nginx-1           | 172.20.0.13 - - [12/Sep/2026:11:31:12 +0000] "GET /api/admissions/828f773572a552dd89708603dd1034ea0bfd249419265c5dfa6e955e2141ec53 HTTP/1.1" 200 569 "-" "k6/0.54.0 (https://k6.io/)"
checkout-nginx-1  | 172.20.0.13 - - [12/Sep/2026:11:31:15 +0000] "POST /api/purchases HTTP/1.1" 201 261 "-" "k6/0.54.0 (https://k6.io/)"
checkout-nginx-1  | 172.20.0.13 - - [12/Sep/2026:11:31:15 +0000] "POST /api/orders/39c820ff-7b55-4f0a-9792-4283226a1d5b/payments HTTP/1.1" 202 96 "-" "k6/0.54.0 (https://k6.io/)"
nginx-1           | 172.20.0.13 - - [12/Sep/2026:11:31:12 +0000] "GET /api/admissions/1381a1795b35d9b64a2610517a88505942967145c58ed418aaee683d5ee179c4 HTTP/1.1" 200 569 "-" "k6/0.54.0 (https://k6.io/)"
nginx-1           | 172.20.0.13 - - [12/Sep/2026:11:31:12 +0000] "POST /api/admissions HTTP/1.1" 202 157 "-" "k6/0.54.0 (https://k6.io/)"
nginx-1           | 172.20.0.13 - - [12/Sep/2026:11:31:12 +0000] "POST /api/admissions HTTP/1.1" 202 157 "-" "k6/0.54.0 (https://k6.io/)"
nginx-1           | 172.20.0.13 - - [12/Sep/2026:11:31:12 +0000] "POST /api/admissions HTTP/1.1" 202 157 "-" "k6/0.54.0 (https://k6.io/)"
nginx-1           | 172.20.0.13 - - [12/Sep/2026:11:31:12 +0000] "GET /api/admissions/f9f317ebfa42f11639613a74aac63896ebb8f360cac22e35d8f8a4846224fb48 HTTP/1.1" 200 569 "-" "k6/0.54.0 (https://k6.io/)"
nginx-1           | 172.20.0.13 - - [12/Sep/2026:11:31:12 +0000] "POST /api/admissions HTTP/1.1" 202 157 "-" "k6/0.54.0 (https://k6.io/)"
payment-1         | 	at org.springframework.web.filter.RequestContextFilter.doFilterInternal(RequestContextFilter.java:100) ~[spring-web-6.2.19.jar!/:6.2.19]
payment-1         | 	at org.springframework.web.filter.OncePerRequestFilter.doFilter(OncePerRequestFilter.java:116) ~[spring-web-6.2.19.jar!/:6.2.19]
payment-1         | 	at org.apache.catalina.core.ApplicationFilterChain.internalDoFilter(ApplicationFilterChain.java:162) ~[tomcat-embed-core-10.1.55.jar!/:na]
payment-1         | 	at org.apache.catalina.core.ApplicationFilterChain.doFilter(ApplicationFilterChain.java:138) ~[tomcat-embed-core-10.1.55.jar!/:na]
payment-1         | 	at org.springframework.web.filter.FormContentFilter.doFilterInternal(FormContentFilter.java:93) ~[spring-web-6.2.19.jar!/:6.2.19]
nginx-1           | 172.20.0.13 - - [12/Sep/2026:11:31:12 +0000] "GET /api/admissions/3d4aa4053117b54d67529d5510a0f31d983e685e554170e2dfb69bb91a4bad08 HTTP/1.1" 200 569 "-" "k6/0.54.0 (https://k6.io/)"
nginx-1           | 172.20.0.13 - - [12/Sep/2026:11:31:12 +0000] "GET /api/admissions/929348481e787f7dd9f96843b5649f912b80f49238a96540b8f769689fb19e2c HTTP/1.1" 200 157 "-" "k6/0.54.0 (https://k6.io/)"
payment-1         | 	at org.springframework.web.filter.OncePerRequestFilter.doFilter(OncePerRequestFilter.java:116) ~[spring-web-6.2.19.jar!/:6.2.19]
payment-1         | 	at org.apache.catalina.core.ApplicationFilterChain.internalDoFilter(ApplicationFilterChain.java:162) ~[tomcat-embed-core-10.1.55.jar!/:na]
payment-1         | 	at org.apache.catalina.core.ApplicationFilterChain.doFilter(ApplicationFilterChain.java:138) ~[tomcat-embed-core-10.1.55.jar!/:na]
nginx-1           | 172.20.0.13 - - [12/Sep/2026:11:31:12 +0000] "GET /api/admissions/72b93b6baac82fbc585ff672c24eeb2d9ac00c85b0ceb40b6ace0936313de3f1 HTTP/1.1" 200 569 "-" "k6/0.54.0 (https://k6.io/)"
nginx-1           | 172.20.0.13 - - [12/Sep/2026:11:31:12 +0000] "POST /api/admissions HTTP/1.1" 202 157 "-" "k6/0.54.0 (https://k6.io/)"
nginx-1           | 172.20.0.13 - - [12/Sep/2026:11:31:13 +0000] "POST /api/admissions HTTP/1.1" 202 157 "-" "k6/0.54.0 (https://k6.io/)"
nginx-1           | 172.20.0.13 - - [12/Sep/2026:11:31:13 +0000] "GET /api/admissions/fb28ec348c2313ce2b110708f129d33c8483ec9456e534a4edb2fbb3283c6af8 HTTP/1.1" 200 569 "-" "k6/0.54.0 (https://k6.io/)"
checkout-nginx-1  | 172.20.0.13 - - [12/Sep/2026:11:31:15 +0000] "POST /api/purchases HTTP/1.1" 201 261 "-" "k6/0.54.0 (https://k6.io/)"
checkout-nginx-1  | 172.20.0.13 - - [12/Sep/2026:11:31:15 +0000] "POST /api/orders/80434936-060b-4791-bb3c-f880b5a65fc4/payments HTTP/1.1" 202 96 "-" "k6/0.54.0 (https://k6.io/)"
checkout-nginx-1  | 172.20.0.13 - - [12/Sep/2026:11:31:15 +0000] "POST /api/purchases HTTP/1.1" 201 261 "-" "k6/0.54.0 (https://k6.io/)"
nginx-1           | 172.20.0.13 - - [12/Sep/2026:11:31:13 +0000] "GET /api/admissions/0638f21a05af2b2c3f13b826e931497e7f59a9462fab8395508a84cbf70b75bf HTTP/1.1" 200 157 "-" "k6/0.54.0 (https://k6.io/)"
checkout-nginx-1  | 172.20.0.13 - - [12/Sep/2026:11:31:15 +0000] "POST /api/orders/55960301-77a9-4400-8978-70101cf9a882/payments HTTP/1.1" 202 96 "-" "k6/0.54.0 (https://k6.io/)"
checkout-nginx-1  | 172.20.0.13 - - [12/Sep/2026:11:31:15 +0000] "POST /api/purchases HTTP/1.1" 201 261 "-" "k6/0.54.0 (https://k6.io/)"
checkout-nginx-1  | 172.20.0.13 - - [12/Sep/2026:11:31:15 +0000] "POST /api/orders/c0277182-2692-4db9-a019-11b22d7c4d64/payments HTTP/1.1" 202 96 "-" "k6/0.54.0 (https://k6.io/)"
checkout-nginx-1  | 172.20.0.13 - - [12/Sep/2026:11:31:15 +0000] "POST /api/purchases HTTP/1.1" 201 261 "-" "k6/0.54.0 (https://k6.io/)"
payment-1         | 	at org.springframework.web.filter.ServerHttpObservationFilter.doFilterInternal(ServerHttpObservationFilter.java:110) ~[spring-web-6.2.19.jar!/:6.2.19]
payment-1         | 	at org.springframework.web.filter.OncePerRequestFilter.doFilter(OncePerRequestFilter.java:116) ~[spring-web-6.2.19.jar!/:6.2.19]
checkout-nginx-1  | 172.20.0.13 - - [12/Sep/2026:11:31:15 +0000] "POST /api/orders/9aa702b0-77e5-49b8-abd4-3badf6b651bd/payments HTTP/1.1" 202 96 "-" "k6/0.54.0 (https://k6.io/)"
checkout-nginx-1  | 172.20.0.13 - - [12/Sep/2026:11:31:16 +0000] "POST /api/purchases HTTP/1.1" 201 261 "-" "k6/0.54.0 (https://k6.io/)"
checkout-nginx-1  | 172.20.0.13 - - [12/Sep/2026:11:31:16 +0000] "POST /api/orders/22d349d0-f25b-4455-9c8f-2f7c5bd256d4/payments HTTP/1.1" 202 96 "-" "k6/0.54.0 (https://k6.io/)"
checkout-nginx-1  | 172.20.0.13 - - [12/Sep/2026:11:31:16 +0000] "POST /api/purchases HTTP/1.1" 201 261 "-" "k6/0.54.0 (https://k6.io/)"
checkout-nginx-1  | 172.20.0.13 - - [12/Sep/2026:11:31:16 +0000] "POST /api/orders/440da9ba-79b8-4f07-84ca-729bc8693dd2/payments HTTP/1.1" 202 96 "-" "k6/0.54.0 (https://k6.io/)"
checkout-nginx-1  | 172.20.0.13 - - [12/Sep/2026:11:31:16 +0000] "POST /api/purchases HTTP/1.1" 201 261 "-" "k6/0.54.0 (https://k6.io/)"
checkout-nginx-1  | 172.20.0.13 - - [12/Sep/2026:11:31:16 +0000] "POST /api/orders/5bfa4553-5c4b-445a-b65e-a4a71de3e6cb/payments HTTP/1.1" 202 96 "-" "k6/0.54.0 (https://k6.io/)"
nginx-1           | 172.20.0.13 - - [12/Sep/2026:11:31:13 +0000] "GET /api/admissions/ba00d0e53d26177992ba81b76a3818ea35baf29a84006a2724678d01a01da888 HTTP/1.1" 200 569 "-" "k6/0.54.0 (https://k6.io/)"
nginx-1           | 172.20.0.13 - - [12/Sep/2026:11:31:13 +0000] "POST /api/admissions HTTP/1.1" 202 157 "-" "k6/0.54.0 (https://k6.io/)"
checkout-nginx-1  | 172.20.0.13 - - [12/Sep/2026:11:31:16 +0000] "POST /api/purchases HTTP/1.1" 201 261 "-" "k6/0.54.0 (https://k6.io/)"
checkout-nginx-1  | 172.20.0.13 - - [12/Sep/2026:11:31:16 +0000] "POST /api/orders/3789ee91-eee7-423a-9b5a-c1901660e0b5/payments HTTP/1.1" 202 96 "-" "k6/0.54.0 (https://k6.io/)"
payment-1         | 	at org.apache.catalina.core.ApplicationFilterChain.internalDoFilter(ApplicationFilterChain.java:162) ~[tomcat-embed-core-10.1.55.jar!/:na]
payment-1         | 	at org.apache.catalina.core.ApplicationFilterChain.doFilter(ApplicationFilterChain.java:138) ~[tomcat-embed-core-10.1.55.jar!/:na]
nginx-1           | 172.20.0.13 - - [12/Sep/2026:11:31:13 +0000] "POST /api/admissions HTTP/1.1" 202 157 "-" "k6/0.54.0 (https://k6.io/)"
payment-1         | 	at org.springframework.web.filter.CharacterEncodingFilter.doFilterInternal(CharacterEncodingFilter.java:201) ~[spring-web-6.2.19.jar!/:6.2.19]
payment-1         | 	at org.springframework.web.filter.OncePerRequestFilter.doFilter(OncePerRequestFilter.java:116) ~[spring-web-6.2.19.jar!/:6.2.19]
payment-1         | 	at org.apache.catalina.core.ApplicationFilterChain.internalDoFilter(ApplicationFilterChain.java:162) ~[tomcat-embed-core-10.1.55.jar!/:na]
payment-1         | 	at org.apache.catalina.core.ApplicationFilterChain.doFilter(ApplicationFilterChain.java:138) ~[tomcat-embed-core-10.1.55.jar!/:na]
payment-1         | 	at org.apache.catalina.core.StandardWrapperValve.invoke(StandardWrapperValve.java:165) ~[tomcat-embed-core-10.1.55.jar!/:na]
payment-1         | 	at org.apache.catalina.core.StandardContextValve.invoke(StandardContextValve.java:88) ~[tomcat-embed-core-10.1.55.jar!/:na]
payment-1         | 	at org.apache.catalina.authenticator.AuthenticatorBase.invoke(AuthenticatorBase.java:492) ~[tomcat-embed-core-10.1.55.jar!/:na]
nginx-1           | 172.20.0.13 - - [12/Sep/2026:11:31:13 +0000] "GET /api/admissions/8bd53d856bd1a5083c1c263a40c5fb33eb8aa65f8f3f27ebcde9fea833c3dd56 HTTP/1.1" 200 569 "-" "k6/0.54.0 (https://k6.io/)"
checkout-nginx-1  | 172.20.0.13 - - [12/Sep/2026:11:31:16 +0000] "POST /api/purchases HTTP/1.1" 201 261 "-" "k6/0.54.0 (https://k6.io/)"
payment-1         | 	at org.apache.catalina.core.StandardHostValve.invoke(StandardHostValve.java:113) ~[tomcat-embed-core-10.1.55.jar!/:na]
payment-1         | 	at org.apache.catalina.valves.ErrorReportValve.invoke(ErrorReportValve.java:83) ~[tomcat-embed-core-10.1.55.jar!/:na]
payment-1         | 	at org.apache.catalina.core.StandardEngineValve.invoke(StandardEngineValve.java:72) ~[tomcat-embed-core-10.1.55.jar!/:na]
payment-1         | 	at org.apache.catalina.connector.CoyoteAdapter.service(CoyoteAdapter.java:342) ~[tomcat-embed-core-10.1.55.jar!/:na]
payment-1         | 	at org.apache.coyote.http11.Http11Processor.service(Http11Processor.java:399) ~[tomcat-embed-core-10.1.55.jar!/:na]
payment-1         | 	at org.apache.coyote.AbstractProcessorLight.process(AbstractProcessorLight.java:63) ~[tomcat-embed-core-10.1.55.jar!/:na]
payment-1         | 	at org.apache.coyote.AbstractProtocol$ConnectionHandler.process(AbstractProtocol.java:1272) ~[tomcat-embed-core-10.1.55.jar!/:na]
payment-1         | 	at org.apache.tomcat.util.net.NioEndpoint$SocketProcessor.doRun(NioEndpoint.java:1797) ~[tomcat-embed-core-10.1.55.jar!/:na]
checkout-nginx-1  | 172.20.0.13 - - [12/Sep/2026:11:31:16 +0000] "POST /api/orders/b84946c6-b9c0-4151-8275-a272c64b5b5a/payments HTTP/1.1" 202 96 "-" "k6/0.54.0 (https://k6.io/)"
checkout-nginx-1  | 172.20.0.13 - - [12/Sep/2026:11:31:16 +0000] "POST /api/purchases HTTP/1.1" 201 261 "-" "k6/0.54.0 (https://k6.io/)"
nginx-1           | 172.20.0.13 - - [12/Sep/2026:11:31:13 +0000] "GET /api/admissions/dfd76c4385c7054aa68b954ef34b47a7a458a6ccc43b1455150aa98096b8de8b HTTP/1.1" 200 157 "-" "k6/0.54.0 (https://k6.io/)"
nginx-1           | 172.20.0.13 - - [12/Sep/2026:11:31:13 +0000] "GET /api/admissions/c47499885b88c9203b2bef1ca496935e8d43e72c87c14e72606cebd76607804f HTTP/1.1" 200 569 "-" "k6/0.54.0 (https://k6.io/)"
nginx-1           | 172.20.0.13 - - [12/Sep/2026:11:31:13 +0000] "POST /api/admissions HTTP/1.1" 202 157 "-" "k6/0.54.0 (https://k6.io/)"
nginx-1           | 172.20.0.13 - - [12/Sep/2026:11:31:13 +0000] "GET /api/admissions/351d7764e95ba7c348a888b850568c902d58f3a72c69d9217a8daf6b078110c4 HTTP/1.1" 200 157 "-" "k6/0.54.0 (https://k6.io/)"
nginx-1           | 172.20.0.13 - - [12/Sep/2026:11:31:13 +0000] "GET /api/admissions/8179ddc493e54d423794dec110ba508f210a1940161b4e111236bdf63dfcd9c7 HTTP/1.1" 200 157 "-" "k6/0.54.0 (https://k6.io/)"
checkout-nginx-1  | 172.20.0.13 - - [12/Sep/2026:11:31:16 +0000] "POST /api/orders/5c827cc7-de65-42b1-8564-485da8f98056/payments HTTP/1.1" 202 96 "-" "k6/0.54.0 (https://k6.io/)"
checkout-nginx-1  | 172.20.0.13 - - [12/Sep/2026:11:31:16 +0000] "POST /api/purchases HTTP/1.1" 201 261 "-" "k6/0.54.0 (https://k6.io/)"
checkout-nginx-1  | 172.20.0.13 - - [12/Sep/2026:11:31:16 +0000] "POST /api/orders/071f7f6e-147e-464e-a4c0-c656922ecfe6/payments HTTP/1.1" 202 96 "-" "k6/0.54.0 (https://k6.io/)"
payment-1         | 	at org.apache.tomcat.util.net.SocketProcessorBase.run(SocketProcessorBase.java:52) ~[tomcat-embed-core-10.1.55.jar!/:na]
payment-1         | 	at org.apache.tomcat.util.threads.ThreadPoolExecutor.runWorker(ThreadPoolExecutor.java:973) ~[tomcat-embed-core-10.1.55.jar!/:na]
payment-1         | 	at org.apache.tomcat.util.threads.ThreadPoolExecutor$Worker.run(ThreadPoolExecutor.java:491) ~[tomcat-embed-core-10.1.55.jar!/:na]
payment-1         | 	at org.apache.tomcat.util.threads.TaskThread$WrappingRunnable.run(TaskThread.java:63) ~[tomcat-embed-core-10.1.55.jar!/:na]
payment-1         | 	at java.base/java.lang.Thread.run(Unknown Source) ~[na:na]
payment-1         | 
payment-1         | 2026-09-12T11:30:55.270Z ERROR 1 --- [limited-goods] [io-8080-exec-10] o.a.c.c.C.[.[.[/].[dispatcherServlet]    : Servlet.service() for servlet [dispatcherServlet] in context with path [] threw exception [Request processing failed: org.springframework.transaction.CannotCreateTransactionException: Could not open JPA EntityManager for transaction] with root cause
checkout-nginx-1  | 172.20.0.13 - - [12/Sep/2026:11:31:16 +0000] "POST /api/purchases HTTP/1.1" 201 261 "-" "k6/0.54.0 (https://k6.io/)"
checkout-nginx-1  | 172.20.0.13 - - [12/Sep/2026:11:31:16 +0000] "POST /api/orders/709255e1-12b2-4b6b-bc44-ba83f0100744/payments HTTP/1.1" 202 96 "-" "k6/0.54.0 (https://k6.io/)"
checkout-nginx-1  | 172.20.0.13 - - [12/Sep/2026:11:31:16 +0000] "POST /api/purchases HTTP/1.1" 201 261 "-" "k6/0.54.0 (https://k6.io/)"
checkout-nginx-1  | 172.20.0.13 - - [12/Sep/2026:11:31:16 +0000] "POST /api/orders/8ba6387e-7563-4dfc-af78-2f3c739ad872/payments HTTP/1.1" 202 96 "-" "k6/0.54.0 (https://k6.io/)"
checkout-nginx-1  | 172.20.0.13 - - [12/Sep/2026:11:31:16 +0000] "POST /api/purchases HTTP/1.1" 201 261 "-" "k6/0.54.0 (https://k6.io/)"
nginx-1           | 172.20.0.13 - - [12/Sep/2026:11:31:13 +0000] "GET /api/admissions/42d9c3ddb3d908b620b89ecdcfe52ca3e1029fa5352d0bad8cdebfeec18c2258 HTTP/1.1" 200 157 "-" "k6/0.54.0 (https://k6.io/)"
nginx-1           | 172.20.0.13 - - [12/Sep/2026:11:31:13 +0000] "GET /api/admissions/f160640cad2254ed807d543dee39012d4cb242865a50b1389d8aa4e26114ea47 HTTP/1.1" 200 569 "-" "k6/0.54.0 (https://k6.io/)"
nginx-1           | 172.20.0.13 - - [12/Sep/2026:11:31:13 +0000] "POST /api/admissions HTTP/1.1" 202 157 "-" "k6/0.54.0 (https://k6.io/)"
nginx-1           | 172.20.0.13 - - [12/Sep/2026:11:31:13 +0000] "GET /api/admissions/fbb61f4db13f53cfd80157bbb49d40165943bff0c754635e48b7932bbf9ef21d HTTP/1.1" 200 569 "-" "k6/0.54.0 (https://k6.io/)"
nginx-1           | 172.20.0.13 - - [12/Sep/2026:11:31:13 +0000] "POST /api/admissions HTTP/1.1" 202 157 "-" "k6/0.54.0 (https://k6.io/)"
nginx-1           | 172.20.0.13 - - [12/Sep/2026:11:31:13 +0000] "GET /api/admissions/edd847cfd179d8e98081d28336af220d6faecbfe2ebfee45f51859052058756f HTTP/1.1" 200 569 "-" "k6/0.54.0 (https://k6.io/)"
nginx-1           | 172.20.0.13 - - [12/Sep/2026:11:31:13 +0000] "POST /api/admissions HTTP/1.1" 202 157 "-" "k6/0.54.0 (https://k6.io/)"
nginx-1           | 172.20.0.13 - - [12/Sep/2026:11:31:13 +0000] "GET /api/admissions/640bdcbcbecd25d09843f2046f276f88c94ce0dc9df7fc49c5e8cd6f32685d4c HTTP/1.1" 200 569 "-" "k6/0.54.0 (https://k6.io/)"
nginx-1           | 172.20.0.13 - - [12/Sep/2026:11:31:13 +0000] "POST /api/admissions HTTP/1.1" 202 157 "-" "k6/0.54.0 (https://k6.io/)"
nginx-1           | 172.20.0.13 - - [12/Sep/2026:11:31:13 +0000] "GET /api/admissions/a74352f408e33b8103c76b8ebb1c490ba510403586427deb762b8b6e29eb55ab HTTP/1.1" 200 569 "-" "k6/0.54.0 (https://k6.io/)"
nginx-1           | 172.20.0.13 - - [12/Sep/2026:11:31:13 +0000] "POST /api/admissions HTTP/1.1" 202 157 "-" "k6/0.54.0 (https://k6.io/)"
nginx-1           | 172.20.0.13 - - [12/Sep/2026:11:31:13 +0000] "GET /api/admissions/ce95b696c9a5016a0bcd9e2b0ae493ebb882c357599ac8471c2d4c49153fde5f HTTP/1.1" 200 569 "-" "k6/0.54.0 (https://k6.io/)"
checkout-nginx-1  | 172.20.0.13 - - [12/Sep/2026:11:31:16 +0000] "POST /api/orders/b5ec0efc-8844-4fe7-b14f-c804808fefda/payments HTTP/1.1" 202 96 "-" "k6/0.54.0 (https://k6.io/)"
checkout-nginx-1  | 172.20.0.13 - - [12/Sep/2026:11:31:16 +0000] "POST /api/purchases HTTP/1.1" 201 261 "-" "k6/0.54.0 (https://k6.io/)"
checkout-nginx-1  | 172.20.0.13 - - [12/Sep/2026:11:31:16 +0000] "POST /api/orders/44e03dfc-95b3-4863-b776-59b340ce929f/payments HTTP/1.1" 202 96 "-" "k6/0.54.0 (https://k6.io/)"
nginx-1           | 172.20.0.13 - - [12/Sep/2026:11:31:13 +0000] "POST /api/admissions HTTP/1.1" 202 157 "-" "k6/0.54.0 (https://k6.io/)"
nginx-1           | 172.20.0.13 - - [12/Sep/2026:11:31:14 +0000] "POST /api/admissions HTTP/1.1" 202 157 "-" "k6/0.54.0 (https://k6.io/)"
payment-1         | 
checkout-nginx-1  | 172.20.0.13 - - [12/Sep/2026:11:31:16 +0000] "POST /api/purchases HTTP/1.1" 201 261 "-" "k6/0.54.0 (https://k6.io/)"
payment-1         | java.sql.SQLTransientConnectionException: HikariPool-1 - Connection is not available, request timed out after 1000ms (total=4, active=4, idle=0, waiting=3)
nginx-1           | 172.20.0.13 - - [12/Sep/2026:11:31:14 +0000] "GET /api/admissions/929348481e787f7dd9f96843b5649f912b80f49238a96540b8f769689fb19e2c HTTP/1.1" 200 569 "-" "k6/0.54.0 (https://k6.io/)"
nginx-1           | 172.20.0.13 - - [12/Sep/2026:11:31:14 +0000] "POST /api/admissions HTTP/1.1" 202 157 "-" "k6/0.54.0 (https://k6.io/)"
nginx-1           | 172.20.0.13 - - [12/Sep/2026:11:31:14 +0000] "GET /api/admissions/ff100d4411f7abfb43d8396b77f7816ca5aefb32ef0c84bfe286ef445dc7f2b7 HTTP/1.1" 200 569 "-" "k6/0.54.0 (https://k6.io/)"
payment-1         | 	at com.zaxxer.hikari.pool.HikariPool.createTimeoutException(HikariPool.java:714) ~[HikariCP-6.3.3.jar!/:na]
payment-1         | 	at com.zaxxer.hikari.pool.HikariPool.getConnection(HikariPool.java:184) ~[HikariCP-6.3.3.jar!/:na]
payment-1         | 	at com.zaxxer.hikari.pool.HikariPool.getConnection(HikariPool.java:142) ~[HikariCP-6.3.3.jar!/:na]
nginx-1           | 172.20.0.13 - - [12/Sep/2026:11:31:14 +0000] "GET /api/admissions/0638f21a05af2b2c3f13b826e931497e7f59a9462fab8395508a84cbf70b75bf HTTP/1.1" 200 157 "-" "k6/0.54.0 (https://k6.io/)"
payment-1         | 	at com.zaxxer.hikari.HikariDataSource.getConnection(HikariDataSource.java:127) ~[HikariCP-6.3.3.jar!/:na]
checkout-nginx-1  | 172.20.0.13 - - [12/Sep/2026:11:31:16 +0000] "POST /api/orders/f2244df8-cf31-45ae-bf46-7b3fda8ba582/payments HTTP/1.1" 202 96 "-" "k6/0.54.0 (https://k6.io/)"
payment-1         | 	at org.hibernate.engine.jdbc.connections.internal.DatasourceConnectionProviderImpl.getConnection(DatasourceConnectionProviderImpl.java:126) ~[hibernate-core-6.6.53.Final.jar!/:6.6.53.Final]
payment-1         | 	at org.hibernate.internal.NonContextualJdbcConnectionAccess.obtainConnection(NonContextualJdbcConnectionAccess.java:46) ~[hibernate-core-6.6.53.Final.jar!/:6.6.53.Final]
checkout-nginx-1  | 172.20.0.13 - - [12/Sep/2026:11:31:17 +0000] "POST /api/purchases HTTP/1.1" 201 261 "-" "k6/0.54.0 (https://k6.io/)"
nginx-1           | 172.20.0.13 - - [12/Sep/2026:11:31:14 +0000] "POST /api/admissions HTTP/1.1" 202 157 "-" "k6/0.54.0 (https://k6.io/)"
nginx-1           | 172.20.0.13 - - [12/Sep/2026:11:31:14 +0000] "GET /api/admissions/43f5cc0e161880835fc39b8c1da9ee05fd4ed624970f2a85d28b8eea56372e07 HTTP/1.1" 200 569 "-" "k6/0.54.0 (https://k6.io/)"
nginx-1           | 172.20.0.13 - - [12/Sep/2026:11:31:14 +0000] "POST /api/admissions HTTP/1.1" 202 157 "-" "k6/0.54.0 (https://k6.io/)"
nginx-1           | 172.20.0.13 - - [12/Sep/2026:11:31:14 +0000] "GET /api/admissions/e9b2959c010dd3f6a3576d7f3e3c6aa32cb86332b0077802dda21e1b831f5e76 HTTP/1.1" 200 569 "-" "k6/0.54.0 (https://k6.io/)"
nginx-1           | 172.20.0.13 - - [12/Sep/2026:11:31:14 +0000] "GET /api/admissions/491bb9e85444430e41de14cac8966a72775bc14b1305e0daddd823e66a0e4e64 HTTP/1.1" 200 157 "-" "k6/0.54.0 (https://k6.io/)"
payment-1         | 	at org.hibernate.resource.jdbc.internal.LogicalConnectionManagedImpl.acquireConnectionIfNeeded(LogicalConnectionManagedImpl.java:126) ~[hibernate-core-6.6.53.Final.jar!/:6.6.53.Final]
payment-1         | 	at org.hibernate.resource.jdbc.internal.LogicalConnectionManagedImpl.getPhysicalConnection(LogicalConnectionManagedImpl.java:156) ~[hibernate-core-6.6.53.Final.jar!/:6.6.53.Final]
payment-1         | 	at org.hibernate.resource.jdbc.internal.LogicalConnectionManagedImpl.getConnectionForTransactionManagement(LogicalConnectionManagedImpl.java:286) ~[hibernate-core-6.6.53.Final.jar!/:6.6.53.Final]
payment-1         | 	at org.hibernate.resource.jdbc.internal.LogicalConnectionManagedImpl.begin(LogicalConnectionManagedImpl.java:294) ~[hibernate-core-6.6.53.Final.jar!/:6.6.53.Final]
checkout-nginx-1  | 172.20.0.13 - - [12/Sep/2026:11:31:17 +0000] "POST /api/orders/68092cd1-03b2-4dd6-95e1-7c90b6ad41c7/payments HTTP/1.1" 202 96 "-" "k6/0.54.0 (https://k6.io/)"
payment-1         | 	at org.hibernate.resource.transaction.backend.jdbc.internal.JdbcResourceLocalTransactionCoordinatorImpl$TransactionDriverControlImpl.begin(JdbcResourceLocalTransactionCoordinatorImpl.java:232) ~[hibernate-core-6.6.53.Final.jar!/:6.6.53.Final]
checkout-nginx-1  | 172.20.0.13 - - [12/Sep/2026:11:31:17 +0000] "POST /api/purchases HTTP/1.1" 201 261 "-" "k6/0.54.0 (https://k6.io/)"
checkout-nginx-1  | 172.20.0.13 - - [12/Sep/2026:11:31:17 +0000] "POST /api/orders/7eeb1fbc-7d45-4738-a750-4bcf17143c68/payments HTTP/1.1" 202 96 "-" "k6/0.54.0 (https://k6.io/)"
checkout-nginx-1  | 172.20.0.13 - - [12/Sep/2026:11:31:17 +0000] "POST /api/purchases HTTP/1.1" 201 261 "-" "k6/0.54.0 (https://k6.io/)"
checkout-nginx-1  | 172.20.0.13 - - [12/Sep/2026:11:31:17 +0000] "POST /api/purchases HTTP/1.1" 201 261 "-" "k6/0.54.0 (https://k6.io/)"
checkout-nginx-1  | 172.20.0.13 - - [12/Sep/2026:11:31:17 +0000] "POST /api/orders/90575ce1-882d-4f73-b9cb-87a4529c5cbc/payments HTTP/1.1" 202 96 "-" "k6/0.54.0 (https://k6.io/)"
checkout-nginx-1  | 172.20.0.13 - - [12/Sep/2026:11:31:17 +0000] "POST /api/purchases HTTP/1.1" 201 261 "-" "k6/0.54.0 (https://k6.io/)"
checkout-nginx-1  | 172.20.0.13 - - [12/Sep/2026:11:31:17 +0000] "POST /api/purchases HTTP/1.1" 201 261 "-" "k6/0.54.0 (https://k6.io/)"
checkout-nginx-1  | 172.20.0.13 - - [12/Sep/2026:11:31:17 +0000] "POST /api/orders/683800ff-093a-4688-9702-06935bb47433/payments HTTP/1.1" 202 96 "-" "k6/0.54.0 (https://k6.io/)"
checkout-nginx-1  | 172.20.0.13 - - [12/Sep/2026:11:31:17 +0000] "POST /api/orders/dfddfd6b-a3e5-4f4d-abe4-ea11d7e35afa/payments HTTP/1.1" 202 96 "-" "k6/0.54.0 (https://k6.io/)"
checkout-nginx-1  | 172.20.0.13 - - [12/Sep/2026:11:31:17 +0000] "POST /api/orders/ca268313-89e7-45ee-93ad-6f407bef1e1b/payments HTTP/1.1" 202 96 "-" "k6/0.54.0 (https://k6.io/)"
nginx-1           | 172.20.0.13 - - [12/Sep/2026:11:31:14 +0000] "GET /api/admissions/8179ddc493e54d423794dec110ba508f210a1940161b4e111236bdf63dfcd9c7 HTTP/1.1" 200 569 "-" "k6/0.54.0 (https://k6.io/)"
nginx-1           | 172.20.0.13 - - [12/Sep/2026:11:31:14 +0000] "GET /api/admissions/dfd76c4385c7054aa68b954ef34b47a7a458a6ccc43b1455150aa98096b8de8b HTTP/1.1" 200 157 "-" "k6/0.54.0 (https://k6.io/)"
payment-1         | 	at org.hibernate.engine.transaction.internal.TransactionImpl.begin(TransactionImpl.java:83) ~[hibernate-core-6.6.53.Final.jar!/:6.6.53.Final]
payment-1         | 	at org.springframework.orm.jpa.vendor.HibernateJpaDialect.beginTransaction(HibernateJpaDialect.java:176) ~[spring-orm-6.2.19.jar!/:6.2.19]
payment-1         | 	at org.springframework.orm.jpa.JpaTransactionManager.doBegin(JpaTransactionManager.java:421) ~[spring-orm-6.2.19.jar!/:6.2.19]
payment-1         | 	at org.springframework.transaction.support.AbstractPlatformTransactionManager.startTransaction(AbstractPlatformTransactionManager.java:532) ~[spring-tx-6.2.19.jar!/:6.2.19]
payment-1         | 	at org.springframework.transaction.support.AbstractPlatformTransactionManager.getTransaction(AbstractPlatformTransactionManager.java:405) ~[spring-tx-6.2.19.jar!/:6.2.19]
checkout-nginx-1  | 172.20.0.13 - - [12/Sep/2026:11:31:17 +0000] "POST /api/purchases HTTP/1.1" 201 261 "-" "k6/0.54.0 (https://k6.io/)"
payment-1         | 	at org.springframework.transaction.interceptor.TransactionAspectSupport.createTransactionIfNecessary(TransactionAspectSupport.java:639) ~[spring-tx-6.2.19.jar!/:6.2.19]
payment-1         | 	at org.springframework.transaction.interceptor.TransactionAspectSupport.invokeWithinTransaction(TransactionAspectSupport.java:374) ~[spring-tx-6.2.19.jar!/:6.2.19]
payment-1         | 	at org.springframework.transaction.interceptor.TransactionInterceptor.invoke(TransactionInterceptor.java:119) ~[spring-tx-6.2.19.jar!/:6.2.19]
nginx-1           | 172.20.0.13 - - [12/Sep/2026:11:31:14 +0000] "POST /api/admissions HTTP/1.1" 202 157 "-" "k6/0.54.0 (https://k6.io/)"
nginx-1           | 172.20.0.13 - - [12/Sep/2026:11:31:14 +0000] "GET /api/admissions/ec22906c028e7b9914975a09fc7225f75b869fe22e0cd940df57073336672b0f HTTP/1.1" 200 157 "-" "k6/0.54.0 (https://k6.io/)"
nginx-1           | 172.20.0.13 - - [12/Sep/2026:11:31:14 +0000] "POST /api/admissions HTTP/1.1" 202 157 "-" "k6/0.54.0 (https://k6.io/)"
nginx-1           | 172.20.0.13 - - [12/Sep/2026:11:31:14 +0000] "GET /api/admissions/351d7764e95ba7c348a888b850568c902d58f3a72c69d9217a8daf6b078110c4 HTTP/1.1" 200 569 "-" "k6/0.54.0 (https://k6.io/)"
payment-1         | 	at org.springframework.aop.framework.ReflectiveMethodInvocation.proceed(ReflectiveMethodInvocation.java:184) ~[spring-aop-6.2.19.jar!/:6.2.19]
payment-1         | 	at org.springframework.aop.framework.CglibAopProxy$DynamicAdvisedInterceptor.intercept(CglibAopProxy.java:728) ~[spring-aop-6.2.19.jar!/:6.2.19]
nginx-1           | 172.20.0.13 - - [12/Sep/2026:11:31:14 +0000] "GET /api/admissions/42d9c3ddb3d908b620b89ecdcfe52ca3e1029fa5352d0bad8cdebfeec18c2258 HTTP/1.1" 200 569 "-" "k6/0.54.0 (https://k6.io/)"
nginx-1           | 172.20.0.13 - - [12/Sep/2026:11:31:14 +0000] "POST /api/admissions HTTP/1.1" 202 157 "-" "k6/0.54.0 (https://k6.io/)"
nginx-1           | 172.20.0.13 - - [12/Sep/2026:11:31:14 +0000] "GET /api/admissions/01b51335211c8ccebf16410165209cae96999d5d2cecd654fb1a92f72b3afcc3 HTTP/1.1" 200 157 "-" "k6/0.54.0 (https://k6.io/)"
nginx-1           | 172.20.0.13 - - [12/Sep/2026:11:31:14 +0000] "GET /api/admissions/4d6f7f9a5b252559f6e3b2e0ead62d0a88d59d28404290c211d94edec71eb0bc HTTP/1.1" 200 569 "-" "k6/0.54.0 (https://k6.io/)"
checkout-nginx-1  | 172.20.0.13 - - [12/Sep/2026:11:31:17 +0000] "POST /api/orders/c7bd4dbe-b7ab-4afe-9e36-8cc32fda3fd5/payments HTTP/1.1" 202 96 "-" "k6/0.54.0 (https://k6.io/)"
payment-1         | 	at com.limitedgoods.payments.PaymentService$$SpringCGLIB$$0.start(<generated>) ~[!/:0.1.0]
payment-1         | 	at com.limitedgoods.payments.PaymentController.start(PaymentController.java:19) ~[!/:0.1.0]
payment-1         | 	at java.base/jdk.internal.reflect.DirectMethodHandleAccessor.invoke(Unknown Source) ~[na:na]
payment-1         | 	at java.base/java.lang.reflect.Method.invoke(Unknown Source) ~[na:na]
nginx-1           | 172.20.0.13 - - [12/Sep/2026:11:31:14 +0000] "GET /api/admissions/187a1bbcec88a1b75dc181a6d7a2c9f286613c797d8e19dd9421cb5854149d43 HTTP/1.1" 200 157 "-" "k6/0.54.0 (https://k6.io/)"
nginx-1           | 172.20.0.13 - - [12/Sep/2026:11:31:14 +0000] "POST /api/admissions HTTP/1.1" 202 157 "-" "k6/0.54.0 (https://k6.io/)"
payment-1         | 	at org.springframework.web.method.support.InvocableHandlerMethod.doInvoke(InvocableHandlerMethod.java:258) ~[spring-web-6.2.19.jar!/:6.2.19]
payment-1         | 	at org.springframework.web.method.support.InvocableHandlerMethod.invokeForRequest(InvocableHandlerMethod.java:191) ~[spring-web-6.2.19.jar!/:6.2.19]
payment-1         | 	at org.springframework.web.servlet.mvc.method.annotation.ServletInvocableHandlerMethod.invokeAndHandle(ServletInvocableHandlerMethod.java:118) ~[spring-webmvc-6.2.19.jar!/:6.2.19]
payment-1         | 	at org.springframework.web.servlet.mvc.method.annotation.RequestMappingHandlerAdapter.invokeHandlerMethod(RequestMappingHandlerAdapter.java:991) ~[spring-webmvc-6.2.19.jar!/:6.2.19]
payment-1         | 	at org.springframework.web.servlet.mvc.method.annotation.RequestMappingHandlerAdapter.handleInternal(RequestMappingHandlerAdapter.java:896) ~[spring-webmvc-6.2.19.jar!/:6.2.19]
payment-1         | 	at org.springframework.web.servlet.mvc.method.AbstractHandlerMethodAdapter.handle(AbstractHandlerMethodAdapter.java:87) ~[spring-webmvc-6.2.19.jar!/:6.2.19]
payment-1         | 	at org.springframework.web.servlet.DispatcherServlet.doDispatch(DispatcherServlet.java:1089) ~[spring-webmvc-6.2.19.jar!/:6.2.19]
payment-1         | 	at org.springframework.web.servlet.DispatcherServlet.doService(DispatcherServlet.java:979) ~[spring-webmvc-6.2.19.jar!/:6.2.19]
payment-1         | 	at org.springframework.web.servlet.FrameworkServlet.processRequest(FrameworkServlet.java:1014) ~[spring-webmvc-6.2.19.jar!/:6.2.19]
payment-1         | 	at org.springframework.web.servlet.FrameworkServlet.doPost(FrameworkServlet.java:914) ~[spring-webmvc-6.2.19.jar!/:6.2.19]
payment-1         | 	at jakarta.servlet.http.HttpServlet.service(HttpServlet.java:590) ~[tomcat-embed-core-10.1.55.jar!/:na]
payment-1         | 	at org.springframework.web.servlet.FrameworkServlet.service(FrameworkServlet.java:885) ~[spring-webmvc-6.2.19.jar!/:6.2.19]
payment-1         | 	at jakarta.servlet.http.HttpServlet.service(HttpServlet.java:658) ~[tomcat-embed-core-10.1.55.jar!/:na]
payment-1         | 	at org.apache.catalina.core.ApplicationFilterChain.internalDoFilter(ApplicationFilterChain.java:193) ~[tomcat-embed-core-10.1.55.jar!/:na]
payment-1         | 	at org.apache.catalina.core.ApplicationFilterChain.doFilter(ApplicationFilterChain.java:138) ~[tomcat-embed-core-10.1.55.jar!/:na]
checkout-nginx-1  | 172.20.0.13 - - [12/Sep/2026:11:31:17 +0000] "POST /api/purchases HTTP/1.1" 201 261 "-" "k6/0.54.0 (https://k6.io/)"
checkout-nginx-1  | 172.20.0.13 - - [12/Sep/2026:11:31:17 +0000] "POST /api/purchases HTTP/1.1" 201 261 "-" "k6/0.54.0 (https://k6.io/)"
payment-1         | 	at org.apache.tomcat.websocket.server.WsFilter.doFilter(WsFilter.java:51) ~[tomcat-embed-websocket-10.1.55.jar!/:na]
checkout-nginx-1  | 172.20.0.13 - - [12/Sep/2026:11:31:17 +0000] "POST /api/orders/df07f683-f899-4cf1-9fc4-d61e46318b14/payments HTTP/1.1" 202 96 "-" "k6/0.54.0 (https://k6.io/)"
payment-1         | 	at org.apache.catalina.core.ApplicationFilterChain.internalDoFilter(ApplicationFilterChain.java:162) ~[tomcat-embed-core-10.1.55.jar!/:na]
checkout-nginx-1  | 172.20.0.13 - - [12/Sep/2026:11:31:17 +0000] "POST /api/orders/4364ede4-41e8-4382-b92e-0fcd687f6570/payments HTTP/1.1" 202 96 "-" "k6/0.54.0 (https://k6.io/)"
nginx-1           | 172.20.0.13 - - [12/Sep/2026:11:31:14 +0000] "POST /api/admissions HTTP/1.1" 202 157 "-" "k6/0.54.0 (https://k6.io/)"
nginx-1           | 172.20.0.13 - - [12/Sep/2026:11:31:14 +0000] "GET /api/admissions/8243547100a293554f15d9bc34dc9472f1556207599ab4058d39a2bdda60facc HTTP/1.1" 200 569 "-" "k6/0.54.0 (https://k6.io/)"
nginx-1           | 172.20.0.13 - - [12/Sep/2026:11:31:14 +0000] "POST /api/admissions HTTP/1.1" 202 157 "-" "k6/0.54.0 (https://k6.io/)"
payment-1         | 	at org.apache.catalina.core.ApplicationFilterChain.doFilter(ApplicationFilterChain.java:138) ~[tomcat-embed-core-10.1.55.jar!/:na]
payment-1         | 	at org.springframework.web.filter.RequestContextFilter.doFilterInternal(RequestContextFilter.java:100) ~[spring-web-6.2.19.jar!/:6.2.19]
nginx-1           | 172.20.0.13 - - [12/Sep/2026:11:31:14 +0000] "POST /api/admissions HTTP/1.1" 202 569 "-" "k6/0.54.0 (https://k6.io/)"
payment-1         | 	at org.springframework.web.filter.OncePerRequestFilter.doFilter(OncePerRequestFilter.java:116) ~[spring-web-6.2.19.jar!/:6.2.19]
checkout-nginx-1  | 172.20.0.13 - - [12/Sep/2026:11:31:17 +0000] "POST /api/purchases HTTP/1.1" 201 261 "-" "k6/0.54.0 (https://k6.io/)"
nginx-1           | 172.20.0.13 - - [12/Sep/2026:11:31:14 +0000] "GET /api/admissions/348d3d85c13966870130459a6334832d268943116d756b07bb28ba34e8f40b1e HTTP/1.1" 200 157 "-" "k6/0.54.0 (https://k6.io/)"
nginx-1           | 172.20.0.13 - - [12/Sep/2026:11:31:14 +0000] "GET /api/admissions/5018be803e895ef5c11913fa44040ddf8d69b68be208a22da3f29ec1739a7cb3 HTTP/1.1" 200 569 "-" "k6/0.54.0 (https://k6.io/)"
nginx-1           | 172.20.0.13 - - [12/Sep/2026:11:31:15 +0000] "POST /api/admissions HTTP/1.1" 202 157 "-" "k6/0.54.0 (https://k6.io/)"
nginx-1           | 172.20.0.13 - - [12/Sep/2026:11:31:15 +0000] "POST /api/admissions HTTP/1.1" 202 157 "-" "k6/0.54.0 (https://k6.io/)"
payment-1         | 	at org.apache.catalina.core.ApplicationFilterChain.internalDoFilter(ApplicationFilterChain.java:162) ~[tomcat-embed-core-10.1.55.jar!/:na]
payment-1         | 	at org.apache.catalina.core.ApplicationFilterChain.doFilter(ApplicationFilterChain.java:138) ~[tomcat-embed-core-10.1.55.jar!/:na]
payment-1         | 	at org.springframework.web.filter.FormContentFilter.doFilterInternal(FormContentFilter.java:93) ~[spring-web-6.2.19.jar!/:6.2.19]
nginx-1           | 172.20.0.13 - - [12/Sep/2026:11:31:15 +0000] "GET /api/admissions/2f356fe06a28c5fe7e3645a646605299b00f6ae43bac8fcc91407238f872c91c HTTP/1.1" 200 569 "-" "k6/0.54.0 (https://k6.io/)"
nginx-1           | 172.20.0.13 - - [12/Sep/2026:11:31:15 +0000] "POST /api/admissions HTTP/1.1" 202 157 "-" "k6/0.54.0 (https://k6.io/)"
payment-1         | 	at org.springframework.web.filter.OncePerRequestFilter.doFilter(OncePerRequestFilter.java:116) ~[spring-web-6.2.19.jar!/:6.2.19]
payment-1         | 	at org.apache.catalina.core.ApplicationFilterChain.internalDoFilter(ApplicationFilterChain.java:162) ~[tomcat-embed-core-10.1.55.jar!/:na]
nginx-1           | 172.20.0.13 - - [12/Sep/2026:11:31:15 +0000] "GET /api/admissions/1ba61a30fac71d5b18814ec5c61b2c38e849935d18435dcc7f0ff71d64856745 HTTP/1.1" 200 569 "-" "k6/0.54.0 (https://k6.io/)"
payment-1         | 	at org.apache.catalina.core.ApplicationFilterChain.doFilter(ApplicationFilterChain.java:138) ~[tomcat-embed-core-10.1.55.jar!/:na]
payment-1         | 	at org.springframework.web.filter.ServerHttpObservationFilter.doFilterInternal(ServerHttpObservationFilter.java:110) ~[spring-web-6.2.19.jar!/:6.2.19]
checkout-nginx-1  | 172.20.0.13 - - [12/Sep/2026:11:31:17 +0000] "POST /api/purchases HTTP/1.1" 201 261 "-" "k6/0.54.0 (https://k6.io/)"
checkout-nginx-1  | 172.20.0.13 - - [12/Sep/2026:11:31:17 +0000] "POST /api/orders/4db2a3b1-8ea0-4499-81ab-12fb24cc928d/payments HTTP/1.1" 202 96 "-" "k6/0.54.0 (https://k6.io/)"
checkout-nginx-1  | 172.20.0.13 - - [12/Sep/2026:11:31:17 +0000] "POST /api/orders/b96f031c-22f9-489f-864f-616523b318c5/payments HTTP/1.1" 202 96 "-" "k6/0.54.0 (https://k6.io/)"
checkout-nginx-1  | 172.20.0.13 - - [12/Sep/2026:11:31:18 +0000] "POST /api/purchases HTTP/1.1" 201 261 "-" "k6/0.54.0 (https://k6.io/)"
checkout-nginx-1  | 172.20.0.13 - - [12/Sep/2026:11:31:18 +0000] "POST /api/orders/9294dae6-a36f-48c6-8e84-95c45f513594/payments HTTP/1.1" 202 96 "-" "k6/0.54.0 (https://k6.io/)"
payment-1         | 	at org.springframework.web.filter.OncePerRequestFilter.doFilter(OncePerRequestFilter.java:116) ~[spring-web-6.2.19.jar!/:6.2.19]
payment-1         | 	at org.apache.catalina.core.ApplicationFilterChain.internalDoFilter(ApplicationFilterChain.java:162) ~[tomcat-embed-core-10.1.55.jar!/:na]
nginx-1           | 172.20.0.13 - - [12/Sep/2026:11:31:15 +0000] "GET /api/admissions/0638f21a05af2b2c3f13b826e931497e7f59a9462fab8395508a84cbf70b75bf HTTP/1.1" 200 157 "-" "k6/0.54.0 (https://k6.io/)"
nginx-1           | 172.20.0.13 - - [12/Sep/2026:11:31:15 +0000] "GET /api/admissions/933fdf28ecfc6f072117df366c497ace5b7971056382995fbaf6df5f7dcbd426 HTTP/1.1" 200 569 "-" "k6/0.54.0 (https://k6.io/)"
nginx-1           | 172.20.0.13 - - [12/Sep/2026:11:31:15 +0000] "POST /api/admissions HTTP/1.1" 202 157 "-" "k6/0.54.0 (https://k6.io/)"
checkout-nginx-1  | 172.20.0.13 - - [12/Sep/2026:11:31:18 +0000] "POST /api/purchases HTTP/1.1" 201 261 "-" "k6/0.54.0 (https://k6.io/)"
checkout-nginx-1  | 172.20.0.13 - - [12/Sep/2026:11:31:18 +0000] "POST /api/orders/fae4e847-c5ab-419d-9c18-7b7240a53ebb/payments HTTP/1.1" 202 96 "-" "k6/0.54.0 (https://k6.io/)"
checkout-nginx-1  | 172.20.0.13 - - [12/Sep/2026:11:31:18 +0000] "POST /api/purchases HTTP/1.1" 201 261 "-" "k6/0.54.0 (https://k6.io/)"
nginx-1           | 172.20.0.13 - - [12/Sep/2026:11:31:15 +0000] "POST /api/admissions HTTP/1.1" 202 157 "-" "k6/0.54.0 (https://k6.io/)"
nginx-1           | 172.20.0.13 - - [12/Sep/2026:11:31:15 +0000] "GET /api/admissions/ba75f0ea0f617ffdccb4c395530f9060ddf9557975309638e75e948e9ab2d138 HTTP/1.1" 200 569 "-" "k6/0.54.0 (https://k6.io/)"
checkout-nginx-1  | 172.20.0.13 - - [12/Sep/2026:11:31:18 +0000] "POST /api/orders/cd548f57-e6da-4ffd-8971-20b7d9bd35e8/payments HTTP/1.1" 202 96 "-" "k6/0.54.0 (https://k6.io/)"
checkout-nginx-1  | 172.20.0.13 - - [12/Sep/2026:11:31:18 +0000] "POST /api/purchases HTTP/1.1" 201 261 "-" "k6/0.54.0 (https://k6.io/)"
checkout-nginx-1  | 172.20.0.13 - - [12/Sep/2026:11:31:18 +0000] "POST /api/orders/6e566481-1c66-40a4-9457-0148a90a1be2/payments HTTP/1.1" 202 96 "-" "k6/0.54.0 (https://k6.io/)"
nginx-1           | 172.20.0.13 - - [12/Sep/2026:11:31:15 +0000] "GET /api/admissions/5619abe95f53e32504a1e59523b9d24b124c9567ef4d0601834c1be133371e93 HTTP/1.1" 200 157 "-" "k6/0.54.0 (https://k6.io/)"
nginx-1           | 172.20.0.13 - - [12/Sep/2026:11:31:15 +0000] "GET /api/admissions/ec22906c028e7b9914975a09fc7225f75b869fe22e0cd940df57073336672b0f HTTP/1.1" 200 157 "-" "k6/0.54.0 (https://k6.io/)"
checkout-nginx-1  | 172.20.0.13 - - [12/Sep/2026:11:31:18 +0000] "POST /api/purchases HTTP/1.1" 201 261 "-" "k6/0.54.0 (https://k6.io/)"
checkout-nginx-1  | 172.20.0.13 - - [12/Sep/2026:11:31:18 +0000] "POST /api/orders/e3bd1f1d-5d28-4cc9-ae92-9d47aeb0c4cf/payments HTTP/1.1" 202 96 "-" "k6/0.54.0 (https://k6.io/)"
payment-1         | 	at org.apache.catalina.core.ApplicationFilterChain.doFilter(ApplicationFilterChain.java:138) ~[tomcat-embed-core-10.1.55.jar!/:na]
payment-1         | 	at org.springframework.web.filter.CharacterEncodingFilter.doFilterInternal(CharacterEncodingFilter.java:201) ~[spring-web-6.2.19.jar!/:6.2.19]
nginx-1           | 172.20.0.13 - - [12/Sep/2026:11:31:15 +0000] "POST /api/admissions HTTP/1.1" 202 157 "-" "k6/0.54.0 (https://k6.io/)"
nginx-1           | 172.20.0.13 - - [12/Sep/2026:11:31:15 +0000] "GET /api/admissions/dfd76c4385c7054aa68b954ef34b47a7a458a6ccc43b1455150aa98096b8de8b HTTP/1.1" 200 569 "-" "k6/0.54.0 (https://k6.io/)"
nginx-1           | 172.20.0.13 - - [12/Sep/2026:11:31:15 +0000] "POST /api/admissions HTTP/1.1" 202 157 "-" "k6/0.54.0 (https://k6.io/)"
nginx-1           | 172.20.0.13 - - [12/Sep/2026:11:31:15 +0000] "GET /api/admissions/491bb9e85444430e41de14cac8966a72775bc14b1305e0daddd823e66a0e4e64 HTTP/1.1" 200 569 "-" "k6/0.54.0 (https://k6.io/)"
nginx-1           | 172.20.0.13 - - [12/Sep/2026:11:31:15 +0000] "GET /api/admissions/a545383c1c3ba1212f966f85fdc862919f39b4c32a2b3bc8a146a7086e153723 HTTP/1.1" 200 157 "-" "k6/0.54.0 (https://k6.io/)"
nginx-1           | 172.20.0.13 - - [12/Sep/2026:11:31:15 +0000] "POST /api/admissions HTTP/1.1" 202 157 "-" "k6/0.54.0 (https://k6.io/)"
nginx-1           | 172.20.0.13 - - [12/Sep/2026:11:31:15 +0000] "POST /api/admissions HTTP/1.1" 202 157 "-" "k6/0.54.0 (https://k6.io/)"
payment-1         | 	at org.springframework.web.filter.OncePerRequestFilter.doFilter(OncePerRequestFilter.java:116) ~[spring-web-6.2.19.jar!/:6.2.19]
payment-1         | 	at org.apache.catalina.core.ApplicationFilterChain.internalDoFilter(ApplicationFilterChain.java:162) ~[tomcat-embed-core-10.1.55.jar!/:na]
payment-1         | 	at org.apache.catalina.core.ApplicationFilterChain.doFilter(ApplicationFilterChain.java:138) ~[tomcat-embed-core-10.1.55.jar!/:na]
nginx-1           | 172.20.0.13 - - [12/Sep/2026:11:31:15 +0000] "GET /api/admissions/187a1bbcec88a1b75dc181a6d7a2c9f286613c797d8e19dd9421cb5854149d43 HTTP/1.1" 200 569 "-" "k6/0.54.0 (https://k6.io/)"
nginx-1           | 172.20.0.13 - - [12/Sep/2026:11:31:15 +0000] "GET /api/admissions/535e71174d69934415f58c5e6d2bce1904da927d3106f6bc892ca315f4ec30ec HTTP/1.1" 200 157 "-" "k6/0.54.0 (https://k6.io/)"
checkout-nginx-1  | 172.20.0.13 - - [12/Sep/2026:11:31:18 +0000] "POST /api/purchases HTTP/1.1" 201 261 "-" "k6/0.54.0 (https://k6.io/)"
checkout-nginx-1  | 172.20.0.13 - - [12/Sep/2026:11:31:18 +0000] "POST /api/orders/ca6eaf93-2ebd-47a1-8d5f-097f4c2fb00f/payments HTTP/1.1" 202 96 "-" "k6/0.54.0 (https://k6.io/)"
payment-1         | 	at org.apache.catalina.core.StandardWrapperValve.invoke(StandardWrapperValve.java:165) ~[tomcat-embed-core-10.1.55.jar!/:na]
payment-1         | 	at org.apache.catalina.core.StandardContextValve.invoke(StandardContextValve.java:88) ~[tomcat-embed-core-10.1.55.jar!/:na]
checkout-nginx-1  | 172.20.0.13 - - [12/Sep/2026:11:31:18 +0000] "POST /api/purchases HTTP/1.1" 201 261 "-" "k6/0.54.0 (https://k6.io/)"
checkout-nginx-1  | 172.20.0.13 - - [12/Sep/2026:11:31:18 +0000] "POST /api/orders/20ea538d-e41b-462a-a0a1-463765b4d7b6/payments HTTP/1.1" 202 96 "-" "k6/0.54.0 (https://k6.io/)"
checkout-nginx-1  | 172.20.0.13 - - [12/Sep/2026:11:31:19 +0000] "POST /api/purchases HTTP/1.1" 201 261 "-" "k6/0.54.0 (https://k6.io/)"
checkout-nginx-1  | 172.20.0.13 - - [12/Sep/2026:11:31:19 +0000] "POST /api/purchases HTTP/1.1" 201 261 "-" "k6/0.54.0 (https://k6.io/)"
payment-1         | 	at org.apache.catalina.authenticator.AuthenticatorBase.invoke(AuthenticatorBase.java:492) ~[tomcat-embed-core-10.1.55.jar!/:na]
payment-1         | 	at org.apache.catalina.core.StandardHostValve.invoke(StandardHostValve.java:113) ~[tomcat-embed-core-10.1.55.jar!/:na]
payment-1         | 	at org.apache.catalina.valves.ErrorReportValve.invoke(ErrorReportValve.java:83) ~[tomcat-embed-core-10.1.55.jar!/:na]
nginx-1           | 172.20.0.13 - - [12/Sep/2026:11:31:15 +0000] "GET /api/admissions/01b51335211c8ccebf16410165209cae96999d5d2cecd654fb1a92f72b3afcc3 HTTP/1.1" 200 157 "-" "k6/0.54.0 (https://k6.io/)"
checkout-nginx-1  | 172.20.0.13 - - [12/Sep/2026:11:31:19 +0000] "POST /api/orders/9d07003c-1aef-47c3-8c07-34915543a74a/payments HTTP/1.1" 202 96 "-" "k6/0.54.0 (https://k6.io/)"
checkout-nginx-1  | 172.20.0.13 - - [12/Sep/2026:11:31:19 +0000] "POST /api/purchases HTTP/1.1" 201 261 "-" "k6/0.54.0 (https://k6.io/)"
checkout-nginx-1  | 172.20.0.13 - - [12/Sep/2026:11:31:19 +0000] "POST /api/orders/51629154-1941-4305-8dd5-748254802ae8/payments HTTP/1.1" 202 96 "-" "k6/0.54.0 (https://k6.io/)"
payment-1         | 	at org.apache.catalina.core.StandardEngineValve.invoke(StandardEngineValve.java:72) ~[tomcat-embed-core-10.1.55.jar!/:na]
checkout-nginx-1  | 172.20.0.13 - - [12/Sep/2026:11:31:19 +0000] "POST /api/orders/6ea17902-7e88-425b-b788-049687000b5a/payments HTTP/1.1" 202 96 "-" "k6/0.54.0 (https://k6.io/)"
payment-1         | 	at org.apache.catalina.connector.CoyoteAdapter.service(CoyoteAdapter.java:342) ~[tomcat-embed-core-10.1.55.jar!/:na]
payment-1         | 	at org.apache.coyote.http11.Http11Processor.service(Http11Processor.java:399) ~[tomcat-embed-core-10.1.55.jar!/:na]
nginx-1           | 172.20.0.13 - - [12/Sep/2026:11:31:15 +0000] "POST /api/admissions HTTP/1.1" 202 157 "-" "k6/0.54.0 (https://k6.io/)"
payment-1         | 	at org.apache.coyote.AbstractProcessorLight.process(AbstractProcessorLight.java:63) ~[tomcat-embed-core-10.1.55.jar!/:na]
payment-1         | 	at org.apache.coyote.AbstractProtocol$ConnectionHandler.process(AbstractProtocol.java:1272) ~[tomcat-embed-core-10.1.55.jar!/:na]
payment-1         | 	at org.apache.tomcat.util.net.NioEndpoint$SocketProcessor.doRun(NioEndpoint.java:1797) ~[tomcat-embed-core-10.1.55.jar!/:na]
payment-1         | 	at org.apache.tomcat.util.net.SocketProcessorBase.run(SocketProcessorBase.java:52) ~[tomcat-embed-core-10.1.55.jar!/:na]
payment-1         | 	at org.apache.tomcat.util.threads.ThreadPoolExecutor.runWorker(ThreadPoolExecutor.java:973) ~[tomcat-embed-core-10.1.55.jar!/:na]
nginx-1           | 172.20.0.13 - - [12/Sep/2026:11:31:15 +0000] "GET /api/admissions/9eeb95eca0e8a54396f935b863bbd9deb9479d547f548bce167c2e48fc43a8db HTTP/1.1" 200 569 "-" "k6/0.54.0 (https://k6.io/)"
nginx-1           | 172.20.0.13 - - [12/Sep/2026:11:31:15 +0000] "GET /api/admissions/9dd812b06c9940f71f30df92414ba3c3c51a54c2515607bd7af54be501292c8e HTTP/1.1" 200 157 "-" "k6/0.54.0 (https://k6.io/)"
nginx-1           | 172.20.0.13 - - [12/Sep/2026:11:31:15 +0000] "GET /api/admissions/ab3d8502531d361f2a551c1210aeef381e6891285ffaaa6f07d0843f3ffea676 HTTP/1.1" 200 157 "-" "k6/0.54.0 (https://k6.io/)"
nginx-1           | 172.20.0.13 - - [12/Sep/2026:11:31:16 +0000] "GET /api/admissions/c8b061f51f1cb240069f87d37827ea30ed67370185e89d99d3d8b0124e364be3 HTTP/1.1" 200 569 "-" "k6/0.54.0 (https://k6.io/)"
checkout-nginx-1  | 172.20.0.13 - - [12/Sep/2026:11:31:19 +0000] "POST /api/purchases HTTP/1.1" 201 261 "-" "k6/0.54.0 (https://k6.io/)"
checkout-nginx-1  | 172.20.0.13 - - [12/Sep/2026:11:31:19 +0000] "POST /api/purchases HTTP/1.1" 201 261 "-" "k6/0.54.0 (https://k6.io/)"
checkout-nginx-1  | 172.20.0.13 - - [12/Sep/2026:11:31:19 +0000] "POST /api/orders/c4bfec89-d3fd-4d14-898f-f68319f745ef/payments HTTP/1.1" 202 96 "-" "k6/0.54.0 (https://k6.io/)"
checkout-nginx-1  | 172.20.0.13 - - [12/Sep/2026:11:31:19 +0000] "POST /api/orders/01b1771d-646a-4a42-8043-f20c17857cba/payments HTTP/1.1" 202 96 "-" "k6/0.54.0 (https://k6.io/)"
checkout-nginx-1  | 172.20.0.13 - - [12/Sep/2026:11:31:19 +0000] "POST /api/purchases HTTP/1.1" 201 261 "-" "k6/0.54.0 (https://k6.io/)"
payment-1         | 	at org.apache.tomcat.util.threads.ThreadPoolExecutor$Worker.run(ThreadPoolExecutor.java:491) ~[tomcat-embed-core-10.1.55.jar!/:na]
payment-1         | 	at org.apache.tomcat.util.threads.TaskThread$WrappingRunnable.run(TaskThread.java:63) ~[tomcat-embed-core-10.1.55.jar!/:na]
payment-1         | 	at java.base/java.lang.Thread.run(Unknown Source) ~[na:na]
payment-1         | 
checkout-nginx-1  | 172.20.0.13 - - [12/Sep/2026:11:31:19 +0000] "POST /api/purchases HTTP/1.1" 201 261 "-" "k6/0.54.0 (https://k6.io/)"
payment-1         | 2026-09-12T11:30:55.369Z  WARN 1 --- [limited-goods] [nio-8080-exec-1] o.h.engine.jdbc.spi.SqlExceptionHelper   : SQL Error: 0, SQLState: null
payment-1         | 2026-09-12T11:30:55.369Z ERROR 1 --- [limited-goods] [nio-8080-exec-1] o.h.engine.jdbc.spi.SqlExceptionHelper   : HikariPool-1 - Connection is not available, request timed out after 1000ms (total=4, active=4, idle=0, waiting=2)
nginx-1           | 172.20.0.13 - - [12/Sep/2026:11:31:16 +0000] "POST /api/admissions HTTP/1.1" 202 157 "-" "k6/0.54.0 (https://k6.io/)"
nginx-1           | 172.20.0.13 - - [12/Sep/2026:11:31:16 +0000] "GET /api/admissions/5c25c263cb88155b989d6049bf7d8dde67e8e03872d63ef6d007882a171a1f96 HTTP/1.1" 200 569 "-" "k6/0.54.0 (https://k6.io/)"
checkout-nginx-1  | 172.20.0.13 - - [12/Sep/2026:11:31:19 +0000] "POST /api/orders/761bc553-6186-4d15-a13b-639fbc37326b/payments HTTP/1.1" 202 96 "-" "k6/0.54.0 (https://k6.io/)"
checkout-nginx-1  | 172.20.0.13 - - [12/Sep/2026:11:31:19 +0000] "POST /api/orders/fbcd3e47-69be-4974-87ab-e32eb40e7f17/payments HTTP/1.1" 202 96 "-" "k6/0.54.0 (https://k6.io/)"
checkout-nginx-1  | 172.20.0.13 - - [12/Sep/2026:11:31:19 +0000] "POST /api/purchases HTTP/1.1" 201 261 "-" "k6/0.54.0 (https://k6.io/)"
nginx-1           | 172.20.0.13 - - [12/Sep/2026:11:31:16 +0000] "GET /api/admissions/348d3d85c13966870130459a6334832d268943116d756b07bb28ba34e8f40b1e HTTP/1.1" 200 157 "-" "k6/0.54.0 (https://k6.io/)"
nginx-1           | 172.20.0.13 - - [12/Sep/2026:11:31:16 +0000] "POST /api/admissions HTTP/1.1" 202 157 "-" "k6/0.54.0 (https://k6.io/)"
checkout-nginx-1  | 172.20.0.13 - - [12/Sep/2026:11:31:19 +0000] "POST /api/orders/a2290b69-9020-4346-8737-a2001e565652/payments HTTP/1.1" 202 96 "-" "k6/0.54.0 (https://k6.io/)"
checkout-nginx-1  | 172.20.0.13 - - [12/Sep/2026:11:31:19 +0000] "POST /api/purchases HTTP/1.1" 201 261 "-" "k6/0.54.0 (https://k6.io/)"
checkout-nginx-1  | 172.20.0.13 - - [12/Sep/2026:11:31:19 +0000] "POST /api/orders/e1748667-263c-4a42-a2f6-e90744e65177/payments HTTP/1.1" 202 96 "-" "k6/0.54.0 (https://k6.io/)"
nginx-1           | 172.20.0.13 - - [12/Sep/2026:11:31:16 +0000] "POST /api/admissions HTTP/1.1" 202 157 "-" "k6/0.54.0 (https://k6.io/)"
checkout-nginx-1  | 172.20.0.13 - - [12/Sep/2026:11:31:19 +0000] "POST /api/purchases HTTP/1.1" 201 261 "-" "k6/0.54.0 (https://k6.io/)"
nginx-1           | 172.20.0.13 - - [12/Sep/2026:11:31:16 +0000] "GET /api/admissions/2931247ae505666754f1437108152b1cd8e3a159b85af316781c64f21b63432f HTTP/1.1" 200 568 "-" "k6/0.54.0 (https://k6.io/)"
nginx-1           | 172.20.0.13 - - [12/Sep/2026:11:31:16 +0000] "GET /api/admissions/f3d2f66ebccfbdc02e8128692f3ef1b5fc4ae8486100388b36d93b86f3fe23b8 HTTP/1.1" 200 569 "-" "k6/0.54.0 (https://k6.io/)"
checkout-nginx-1  | 172.20.0.13 - - [12/Sep/2026:11:31:19 +0000] "POST /api/orders/9b1655a8-cb62-422d-924f-ccfd2415e370/payments HTTP/1.1" 202 96 "-" "k6/0.54.0 (https://k6.io/)"
checkout-nginx-1  | 172.20.0.13 - - [12/Sep/2026:11:31:19 +0000] "POST /api/purchases HTTP/1.1" 201 261 "-" "k6/0.54.0 (https://k6.io/)"
checkout-nginx-1  | 172.20.0.13 - - [12/Sep/2026:11:31:19 +0000] "POST /api/orders/6d98dfde-2e79-4fab-b7f2-8aa6cc0d5aeb/payments HTTP/1.1" 202 96 "-" "k6/0.54.0 (https://k6.io/)"
checkout-nginx-1  | 172.20.0.13 - - [12/Sep/2026:11:31:20 +0000] "POST /api/purchases HTTP/1.1" 201 261 "-" "k6/0.54.0 (https://k6.io/)"
nginx-1           | 172.20.0.13 - - [12/Sep/2026:11:31:16 +0000] "POST /api/admissions HTTP/1.1" 202 157 "-" "k6/0.54.0 (https://k6.io/)"
nginx-1           | 172.20.0.13 - - [12/Sep/2026:11:31:16 +0000] "GET /api/admissions/0638f21a05af2b2c3f13b826e931497e7f59a9462fab8395508a84cbf70b75bf HTTP/1.1" 200 569 "-" "k6/0.54.0 (https://k6.io/)"
nginx-1           | 172.20.0.13 - - [12/Sep/2026:11:31:16 +0000] "POST /api/admissions HTTP/1.1" 202 157 "-" "k6/0.54.0 (https://k6.io/)"
payment-1         | 2026-09-12T11:30:55.370Z ERROR 1 --- [limited-goods] [nio-8080-exec-1] o.a.c.c.C.[.[.[/].[dispatcherServlet]    : Servlet.service() for servlet [dispatcherServlet] in context with path [] threw exception [Request processing failed: org.springframework.transaction.CannotCreateTransactionException: Could not open JPA EntityManager for transaction] with root cause
checkout-nginx-1  | 172.20.0.13 - - [12/Sep/2026:11:31:20 +0000] "POST /api/orders/2c5c328e-6f74-4ccc-a03a-e5fca947949e/payments HTTP/1.1" 202 96 "-" "k6/0.54.0 (https://k6.io/)"
payment-1         | 
payment-1         | java.sql.SQLTransientConnectionException: HikariPool-1 - Connection is not available, request timed out after 1000ms (total=4, active=4, idle=0, waiting=2)
payment-1         | 	at com.zaxxer.hikari.pool.HikariPool.createTimeoutException(HikariPool.java:714) ~[HikariCP-6.3.3.jar!/:na]
payment-1         | 	at com.zaxxer.hikari.pool.HikariPool.getConnection(HikariPool.java:184) ~[HikariCP-6.3.3.jar!/:na]
checkout-nginx-1  | 172.20.0.13 - - [12/Sep/2026:11:31:20 +0000] "POST /api/purchases HTTP/1.1" 201 261 "-" "k6/0.54.0 (https://k6.io/)"
checkout-nginx-1  | 172.20.0.13 - - [12/Sep/2026:11:31:20 +0000] "POST /api/orders/b5fa39b6-d9fc-4ee4-8ee8-b4dfe29eb220/payments HTTP/1.1" 202 96 "-" "k6/0.54.0 (https://k6.io/)"
nginx-1           | 172.20.0.13 - - [12/Sep/2026:11:31:16 +0000] "GET /api/admissions/7a35ff9f9632a486d0e60538c0736051c77eefdb5147ae79b388c9d60b4f1555 HTTP/1.1" 200 568 "-" "k6/0.54.0 (https://k6.io/)"
nginx-1           | 172.20.0.13 - - [12/Sep/2026:11:31:16 +0000] "POST /api/admissions HTTP/1.1" 202 157 "-" "k6/0.54.0 (https://k6.io/)"
payment-1         | 	at com.zaxxer.hikari.pool.HikariPool.getConnection(HikariPool.java:142) ~[HikariCP-6.3.3.jar!/:na]
payment-1         | 	at com.zaxxer.hikari.HikariDataSource.getConnection(HikariDataSource.java:127) ~[HikariCP-6.3.3.jar!/:na]
payment-1         | 	at org.hibernate.engine.jdbc.connections.internal.DatasourceConnectionProviderImpl.getConnection(DatasourceConnectionProviderImpl.java:126) ~[hibernate-core-6.6.53.Final.jar!/:6.6.53.Final]
payment-1         | 	at org.hibernate.internal.NonContextualJdbcConnectionAccess.obtainConnection(NonContextualJdbcConnectionAccess.java:46) ~[hibernate-core-6.6.53.Final.jar!/:6.6.53.Final]
payment-1         | 	at org.hibernate.resource.jdbc.internal.LogicalConnectionManagedImpl.acquireConnectionIfNeeded(LogicalConnectionManagedImpl.java:126) ~[hibernate-core-6.6.53.Final.jar!/:6.6.53.Final]
payment-1         | 	at org.hibernate.resource.jdbc.internal.LogicalConnectionManagedImpl.getPhysicalConnection(LogicalConnectionManagedImpl.java:156) ~[hibernate-core-6.6.53.Final.jar!/:6.6.53.Final]
payment-1         | 	at org.hibernate.resource.jdbc.internal.LogicalConnectionManagedImpl.getConnectionForTransactionManagement(LogicalConnectionManagedImpl.java:286) ~[hibernate-core-6.6.53.Final.jar!/:6.6.53.Final]
checkout-nginx-1  | 172.20.0.13 - - [12/Sep/2026:11:31:20 +0000] "POST /api/purchases HTTP/1.1" 201 261 "-" "k6/0.54.0 (https://k6.io/)"
nginx-1           | 172.20.0.13 - - [12/Sep/2026:11:31:16 +0000] "GET /api/admissions/a28d9715e51abdfb08912b45dd328c76cd8353e6722bd82ff0f790ec2f447612 HTTP/1.1" 200 568 "-" "k6/0.54.0 (https://k6.io/)"
nginx-1           | 172.20.0.13 - - [12/Sep/2026:11:31:16 +0000] "GET /api/admissions/ec22906c028e7b9914975a09fc7225f75b869fe22e0cd940df57073336672b0f HTTP/1.1" 200 569 "-" "k6/0.54.0 (https://k6.io/)"
nginx-1           | 172.20.0.13 - - [12/Sep/2026:11:31:16 +0000] "POST /api/admissions HTTP/1.1" 202 157 "-" "k6/0.54.0 (https://k6.io/)"
payment-1         | 	at org.hibernate.resource.jdbc.internal.LogicalConnectionManagedImpl.begin(LogicalConnectionManagedImpl.java:294) ~[hibernate-core-6.6.53.Final.jar!/:6.6.53.Final]
nginx-1           | 172.20.0.13 - - [12/Sep/2026:11:31:16 +0000] "GET /api/admissions/5619abe95f53e32504a1e59523b9d24b124c9567ef4d0601834c1be133371e93 HTTP/1.1" 200 569 "-" "k6/0.54.0 (https://k6.io/)"
nginx-1           | 172.20.0.13 - - [12/Sep/2026:11:31:16 +0000] "GET /api/admissions/30bab9cec576f6e06af1b106dee40608b89495e662120f380274dcdd81eea7b4 HTTP/1.1" 200 568 "-" "k6/0.54.0 (https://k6.io/)"
nginx-1           | 172.20.0.13 - - [12/Sep/2026:11:31:16 +0000] "POST /api/admissions HTTP/1.1" 202 157 "-" "k6/0.54.0 (https://k6.io/)"
payment-1         | 	at org.hibernate.resource.transaction.backend.jdbc.internal.JdbcResourceLocalTransactionCoordinatorImpl$TransactionDriverControlImpl.begin(JdbcResourceLocalTransactionCoordinatorImpl.java:232) ~[hibernate-core-6.6.53.Final.jar!/:6.6.53.Final]
nginx-1           | 172.20.0.13 - - [12/Sep/2026:11:31:16 +0000] "GET /api/admissions/5dec21ae2ae90ecac6959fc21b36bdda30d1fdc094846b4801f5f9eab13962e8 HTTP/1.1" 200 568 "-" "k6/0.54.0 (https://k6.io/)"
nginx-1           | 172.20.0.13 - - [12/Sep/2026:11:31:16 +0000] "GET /api/admissions/a545383c1c3ba1212f966f85fdc862919f39b4c32a2b3bc8a146a7086e153723 HTTP/1.1" 200 157 "-" "k6/0.54.0 (https://k6.io/)"
nginx-1           | 172.20.0.13 - - [12/Sep/2026:11:31:16 +0000] "POST /api/admissions HTTP/1.1" 202 157 "-" "k6/0.54.0 (https://k6.io/)"
checkout-nginx-1  | 172.20.0.13 - - [12/Sep/2026:11:31:20 +0000] "POST /api/purchases HTTP/1.1" 201 261 "-" "k6/0.54.0 (https://k6.io/)"
checkout-nginx-1  | 172.20.0.13 - - [12/Sep/2026:11:31:20 +0000] "POST /api/orders/105ed58c-cc9d-496d-b79f-60d6a82d3939/payments HTTP/1.1" 202 96 "-" "k6/0.54.0 (https://k6.io/)"
checkout-nginx-1  | 172.20.0.13 - - [12/Sep/2026:11:31:20 +0000] "POST /api/orders/0b85d126-c2dd-45e4-9f66-4ed29d5bd875/payments HTTP/1.1" 202 96 "-" "k6/0.54.0 (https://k6.io/)"
payment-1         | 	at org.hibernate.engine.transaction.internal.TransactionImpl.begin(TransactionImpl.java:83) ~[hibernate-core-6.6.53.Final.jar!/:6.6.53.Final]
payment-1         | 	at org.springframework.orm.jpa.vendor.HibernateJpaDialect.beginTransaction(HibernateJpaDialect.java:176) ~[spring-orm-6.2.19.jar!/:6.2.19]
payment-1         | 	at org.springframework.orm.jpa.JpaTransactionManager.doBegin(JpaTransactionManager.java:421) ~[spring-orm-6.2.19.jar!/:6.2.19]
checkout-nginx-1  | 172.20.0.13 - - [12/Sep/2026:11:31:20 +0000] "POST /api/purchases HTTP/1.1" 201 261 "-" "k6/0.54.0 (https://k6.io/)"
checkout-nginx-1  | 172.20.0.13 - - [12/Sep/2026:11:31:20 +0000] "POST /api/purchases HTTP/1.1" 201 261 "-" "k6/0.54.0 (https://k6.io/)"
checkout-nginx-1  | 172.20.0.13 - - [12/Sep/2026:11:31:20 +0000] "POST /api/orders/4d33c766-59af-4373-80f5-f981777c471e/payments HTTP/1.1" 202 96 "-" "k6/0.54.0 (https://k6.io/)"
payment-1         | 	at org.springframework.transaction.support.AbstractPlatformTransactionManager.startTransaction(AbstractPlatformTransactionManager.java:532) ~[spring-tx-6.2.19.jar!/:6.2.19]
payment-1         | 	at org.springframework.transaction.support.AbstractPlatformTransactionManager.getTransaction(AbstractPlatformTransactionManager.java:405) ~[spring-tx-6.2.19.jar!/:6.2.19]
nginx-1           | 172.20.0.13 - - [12/Sep/2026:11:31:16 +0000] "GET /api/admissions/3387ee22cabf6e3f0faf5fa0e34579686279c34a72837a8152b3a6bdbe25a0e1 HTTP/1.1" 200 568 "-" "k6/0.54.0 (https://k6.io/)"
nginx-1           | 172.20.0.13 - - [12/Sep/2026:11:31:16 +0000] "POST /api/admissions HTTP/1.1" 202 157 "-" "k6/0.54.0 (https://k6.io/)"
nginx-1           | 172.20.0.13 - - [12/Sep/2026:11:31:16 +0000] "GET /api/admissions/9dd812b06c9940f71f30df92414ba3c3c51a54c2515607bd7af54be501292c8e HTTP/1.1" 200 569 "-" "k6/0.54.0 (https://k6.io/)"
nginx-1           | 172.20.0.13 - - [12/Sep/2026:11:31:17 +0000] "POST /api/admissions HTTP/1.1" 202 157 "-" "k6/0.54.0 (https://k6.io/)"
nginx-1           | 172.20.0.13 - - [12/Sep/2026:11:31:17 +0000] "GET /api/admissions/535e71174d69934415f58c5e6d2bce1904da927d3106f6bc892ca315f4ec30ec HTTP/1.1" 200 569 "-" "k6/0.54.0 (https://k6.io/)"
checkout-nginx-1  | 172.20.0.13 - - [12/Sep/2026:11:31:20 +0000] "POST /api/orders/29e785a3-77ad-4fba-9333-2734c7b89f48/payments HTTP/1.1" 202 96 "-" "k6/0.54.0 (https://k6.io/)"
checkout-nginx-1  | 172.20.0.13 - - [12/Sep/2026:11:31:20 +0000] "POST /api/purchases HTTP/1.1" 201 261 "-" "k6/0.54.0 (https://k6.io/)"
checkout-nginx-1  | 172.20.0.13 - - [12/Sep/2026:11:31:20 +0000] "POST /api/purchases HTTP/1.1" 201 261 "-" "k6/0.54.0 (https://k6.io/)"
checkout-nginx-1  | 172.20.0.13 - - [12/Sep/2026:11:31:20 +0000] "POST /api/orders/3902cc5c-67ab-45ee-885d-bb87895f1e8b/payments HTTP/1.1" 202 96 "-" "k6/0.54.0 (https://k6.io/)"
nginx-1           | 172.20.0.13 - - [12/Sep/2026:11:31:17 +0000] "GET /api/admissions/2a5ac3988c156c5cee82711d4d114f2fcd812193ee8cb082f87c76020cbcfd99 HTTP/1.1" 200 157 "-" "k6/0.54.0 (https://k6.io/)"
nginx-1           | 172.20.0.13 - - [12/Sep/2026:11:31:17 +0000] "GET /api/admissions/01b51335211c8ccebf16410165209cae96999d5d2cecd654fb1a92f72b3afcc3 HTTP/1.1" 200 157 "-" "k6/0.54.0 (https://k6.io/)"
nginx-1           | 172.20.0.13 - - [12/Sep/2026:11:31:17 +0000] "POST /api/admissions HTTP/1.1" 202 157 "-" "k6/0.54.0 (https://k6.io/)"
nginx-1           | 172.20.0.13 - - [12/Sep/2026:11:31:17 +0000] "GET /api/admissions/75a216c14a4d05e4b281f936b8824e34fc7804cccd1d7096f9c0b9a2d303bc17 HTTP/1.1" 200 157 "-" "k6/0.54.0 (https://k6.io/)"
payment-1         | 	at org.springframework.transaction.interceptor.TransactionAspectSupport.createTransactionIfNecessary(TransactionAspectSupport.java:639) ~[spring-tx-6.2.19.jar!/:6.2.19]
payment-1         | 	at org.springframework.transaction.interceptor.TransactionAspectSupport.invokeWithinTransaction(TransactionAspectSupport.java:374) ~[spring-tx-6.2.19.jar!/:6.2.19]
nginx-1           | 172.20.0.13 - - [12/Sep/2026:11:31:17 +0000] "GET /api/admissions/5ac4780da3faba61c9eccfc203b19bd5445224e0862e44c77210d92452487cbd HTTP/1.1" 200 568 "-" "k6/0.54.0 (https://k6.io/)"
payment-1         | 	at org.springframework.transaction.interceptor.TransactionInterceptor.invoke(TransactionInterceptor.java:119) ~[spring-tx-6.2.19.jar!/:6.2.19]
payment-1         | 	at org.springframework.aop.framework.ReflectiveMethodInvocation.proceed(ReflectiveMethodInvocation.java:184) ~[spring-aop-6.2.19.jar!/:6.2.19]
payment-1         | 	at org.springframework.aop.framework.CglibAopProxy$DynamicAdvisedInterceptor.intercept(CglibAopProxy.java:728) ~[spring-aop-6.2.19.jar!/:6.2.19]
nginx-1           | 172.20.0.13 - - [12/Sep/2026:11:31:17 +0000] "GET /api/admissions/ab3d8502531d361f2a551c1210aeef381e6891285ffaaa6f07d0843f3ffea676 HTTP/1.1" 200 569 "-" "k6/0.54.0 (https://k6.io/)"
nginx-1           | 172.20.0.13 - - [12/Sep/2026:11:31:17 +0000] "GET /api/admissions/348d3d85c13966870130459a6334832d268943116d756b07bb28ba34e8f40b1e HTTP/1.1" 200 157 "-" "k6/0.54.0 (https://k6.io/)"
nginx-1           | 172.20.0.13 - - [12/Sep/2026:11:31:17 +0000] "POST /api/admissions HTTP/1.1" 202 157 "-" "k6/0.54.0 (https://k6.io/)"
nginx-1           | 172.20.0.13 - - [12/Sep/2026:11:31:17 +0000] "GET /api/admissions/a19f049b240b1861e9a0d32b4702cfce865e8793e89b3c64dd64f7108c7f8468 HTTP/1.1" 200 568 "-" "k6/0.54.0 (https://k6.io/)"
nginx-1           | 172.20.0.13 - - [12/Sep/2026:11:31:17 +0000] "POST /api/admissions HTTP/1.1" 202 157 "-" "k6/0.54.0 (https://k6.io/)"
checkout-nginx-1  | 172.20.0.13 - - [12/Sep/2026:11:31:20 +0000] "POST /api/orders/154bb768-29ef-4dd1-bc1d-f0dd5178df4d/payments HTTP/1.1" 202 96 "-" "k6/0.54.0 (https://k6.io/)"
payment-1         | 	at com.limitedgoods.payments.PaymentService$$SpringCGLIB$$0.start(<generated>) ~[!/:0.1.0]
checkout-nginx-1  | 172.20.0.13 - - [12/Sep/2026:11:31:20 +0000] "POST /api/purchases HTTP/1.1" 201 261 "-" "k6/0.54.0 (https://k6.io/)"
payment-1         | 	at com.limitedgoods.payments.PaymentController.start(PaymentController.java:19) ~[!/:0.1.0]
payment-1         | 	at java.base/jdk.internal.reflect.DirectMethodHandleAccessor.invoke(Unknown Source) ~[na:na]
payment-1         | 	at java.base/java.lang.reflect.Method.invoke(Unknown Source) ~[na:na]
payment-1         | 	at org.springframework.web.method.support.InvocableHandlerMethod.doInvoke(InvocableHandlerMethod.java:258) ~[spring-web-6.2.19.jar!/:6.2.19]
nginx-1           | 172.20.0.13 - - [12/Sep/2026:11:31:17 +0000] "GET /api/admissions/b19d0e89ce14f5bc78243e83df14a987e2fd2f8312da2f15f9cde9f5a8df534f HTTP/1.1" 200 569 "-" "k6/0.54.0 (https://k6.io/)"
nginx-1           | 172.20.0.13 - - [12/Sep/2026:11:31:17 +0000] "POST /api/admissions HTTP/1.1" 202 157 "-" "k6/0.54.0 (https://k6.io/)"
nginx-1           | 172.20.0.13 - - [12/Sep/2026:11:31:17 +0000] "GET /api/admissions/8ccf48b6ab05d91f755f1e79fb4da061f2624fb176d7ca5db2bded1934b4a442 HTTP/1.1" 200 569 "-" "k6/0.54.0 (https://k6.io/)"
nginx-1           | 172.20.0.13 - - [12/Sep/2026:11:31:17 +0000] "POST /api/admissions HTTP/1.1" 202 157 "-" "k6/0.54.0 (https://k6.io/)"
checkout-nginx-1  | 172.20.0.13 - - [12/Sep/2026:11:31:20 +0000] "POST /api/orders/5ae460a6-b394-4ed4-994d-da0a6201f15b/payments HTTP/1.1" 202 96 "-" "k6/0.54.0 (https://k6.io/)"
checkout-nginx-1  | 172.20.0.13 - - [12/Sep/2026:11:31:20 +0000] "POST /api/purchases HTTP/1.1" 201 261 "-" "k6/0.54.0 (https://k6.io/)"
nginx-1           | 172.20.0.13 - - [12/Sep/2026:11:31:17 +0000] "GET /api/admissions/f17a3e964e9e32f098786ff8acf2ead3442ce6184dc8c57397c4caed450a1721 HTTP/1.1" 200 569 "-" "k6/0.54.0 (https://k6.io/)"
checkout-nginx-1  | 172.20.0.13 - - [12/Sep/2026:11:31:20 +0000] "POST /api/orders/2ff83dd7-8168-420f-8828-902006b0e66d/payments HTTP/1.1" 202 96 "-" "k6/0.54.0 (https://k6.io/)"
checkout-nginx-1  | 172.20.0.13 - - [12/Sep/2026:11:31:20 +0000] "POST /api/purchases HTTP/1.1" 201 261 "-" "k6/0.54.0 (https://k6.io/)"
checkout-nginx-1  | 172.20.0.13 - - [12/Sep/2026:11:31:21 +0000] "POST /api/orders/2e3966c8-8173-42a0-852a-3237d0d5b068/payments HTTP/1.1" 202 96 "-" "k6/0.54.0 (https://k6.io/)"
checkout-nginx-1  | 172.20.0.13 - - [12/Sep/2026:11:31:21 +0000] "POST /api/purchases HTTP/1.1" 201 261 "-" "k6/0.54.0 (https://k6.io/)"
checkout-nginx-1  | 172.20.0.13 - - [12/Sep/2026:11:31:21 +0000] "POST /api/purchases HTTP/1.1" 201 261 "-" "k6/0.54.0 (https://k6.io/)"
checkout-nginx-1  | 172.20.0.13 - - [12/Sep/2026:11:31:21 +0000] "POST /api/orders/99323f78-79ee-4ca9-a390-b353c3ae75c3/payments HTTP/1.1" 202 96 "-" "k6/0.54.0 (https://k6.io/)"
checkout-nginx-1  | 172.20.0.13 - - [12/Sep/2026:11:31:21 +0000] "POST /api/orders/bacaf35b-8adc-4113-919e-48024faf00fd/payments HTTP/1.1" 202 96 "-" "k6/0.54.0 (https://k6.io/)"
payment-1         | 	at org.springframework.web.method.support.InvocableHandlerMethod.invokeForRequest(InvocableHandlerMethod.java:191) ~[spring-web-6.2.19.jar!/:6.2.19]
payment-1         | 	at org.springframework.web.servlet.mvc.method.annotation.ServletInvocableHandlerMethod.invokeAndHandle(ServletInvocableHandlerMethod.java:118) ~[spring-webmvc-6.2.19.jar!/:6.2.19]
payment-1         | 	at org.springframework.web.servlet.mvc.method.annotation.RequestMappingHandlerAdapter.invokeHandlerMethod(RequestMappingHandlerAdapter.java:991) ~[spring-webmvc-6.2.19.jar!/:6.2.19]
payment-1         | 	at org.springframework.web.servlet.mvc.method.annotation.RequestMappingHandlerAdapter.handleInternal(RequestMappingHandlerAdapter.java:896) ~[spring-webmvc-6.2.19.jar!/:6.2.19]
checkout-nginx-1  | 172.20.0.13 - - [12/Sep/2026:11:31:21 +0000] "POST /api/purchases HTTP/1.1" 201 261 "-" "k6/0.54.0 (https://k6.io/)"
checkout-nginx-1  | 172.20.0.13 - - [12/Sep/2026:11:31:21 +0000] "POST /api/orders/8284170c-e431-4068-a785-f7db89cf1cfc/payments HTTP/1.1" 202 96 "-" "k6/0.54.0 (https://k6.io/)"
checkout-nginx-1  | 172.20.0.13 - - [12/Sep/2026:11:31:21 +0000] "POST /api/purchases HTTP/1.1" 201 261 "-" "k6/0.54.0 (https://k6.io/)"
nginx-1           | 172.20.0.13 - - [12/Sep/2026:11:31:17 +0000] "GET /api/admissions/75cf5ef345ca63516467d4f1750b218a985fc382ea17b4a2e554375d72c07a89 HTTP/1.1" 200 569 "-" "k6/0.54.0 (https://k6.io/)"
nginx-1           | 172.20.0.13 - - [12/Sep/2026:11:31:17 +0000] "POST /api/admissions HTTP/1.1" 202 157 "-" "k6/0.54.0 (https://k6.io/)"
checkout-nginx-1  | 172.20.0.13 - - [12/Sep/2026:11:31:21 +0000] "POST /api/orders/773a53f4-48a7-4096-931b-806ccf7d3470/payments HTTP/1.1" 202 96 "-" "k6/0.54.0 (https://k6.io/)"
checkout-nginx-1  | 172.20.0.13 - - [12/Sep/2026:11:31:21 +0000] "POST /api/purchases HTTP/1.1" 201 261 "-" "k6/0.54.0 (https://k6.io/)"
nginx-1           | 172.20.0.13 - - [12/Sep/2026:11:31:17 +0000] "POST /api/admissions HTTP/1.1" 202 157 "-" "k6/0.54.0 (https://k6.io/)"
nginx-1           | 172.20.0.13 - - [12/Sep/2026:11:31:17 +0000] "POST /api/admissions HTTP/1.1" 202 157 "-" "k6/0.54.0 (https://k6.io/)"
nginx-1           | 172.20.0.13 - - [12/Sep/2026:11:31:17 +0000] "GET /api/admissions/436fb30375137581bd465e8baa614681b453bd08f7206aebf9b6730a23a86dbb HTTP/1.1" 200 569 "-" "k6/0.54.0 (https://k6.io/)"
payment-1         | 	at org.springframework.web.servlet.mvc.method.AbstractHandlerMethodAdapter.handle(AbstractHandlerMethodAdapter.java:87) ~[spring-webmvc-6.2.19.jar!/:6.2.19]
payment-1         | 	at org.springframework.web.servlet.DispatcherServlet.doDispatch(DispatcherServlet.java:1089) ~[spring-webmvc-6.2.19.jar!/:6.2.19]
payment-1         | 	at org.springframework.web.servlet.DispatcherServlet.doService(DispatcherServlet.java:979) ~[spring-webmvc-6.2.19.jar!/:6.2.19]
payment-1         | 	at org.springframework.web.servlet.FrameworkServlet.processRequest(FrameworkServlet.java:1014) ~[spring-webmvc-6.2.19.jar!/:6.2.19]
nginx-1           | 172.20.0.13 - - [12/Sep/2026:11:31:17 +0000] "POST /api/admissions HTTP/1.1" 202 157 "-" "k6/0.54.0 (https://k6.io/)"
nginx-1           | 172.20.0.13 - - [12/Sep/2026:11:31:17 +0000] "GET /api/admissions/a545383c1c3ba1212f966f85fdc862919f39b4c32a2b3bc8a146a7086e153723 HTTP/1.1" 200 569 "-" "k6/0.54.0 (https://k6.io/)"
nginx-1           | 172.20.0.13 - - [12/Sep/2026:11:31:17 +0000] "GET /api/admissions/9b941a93b6ffbb0d9c7256bab548e5a9a0453d3a6c7c81a7e70d10d90272f4c0 HTTP/1.1" 200 157 "-" "k6/0.54.0 (https://k6.io/)"
payment-1         | 	at org.springframework.web.servlet.FrameworkServlet.doPost(FrameworkServlet.java:914) ~[spring-webmvc-6.2.19.jar!/:6.2.19]
payment-1         | 	at jakarta.servlet.http.HttpServlet.service(HttpServlet.java:590) ~[tomcat-embed-core-10.1.55.jar!/:na]
checkout-nginx-1  | 172.20.0.13 - - [12/Sep/2026:11:31:21 +0000] "POST /api/orders/99a423df-7dcc-45c1-b7e0-b498fefd570e/payments HTTP/1.1" 202 96 "-" "k6/0.54.0 (https://k6.io/)"
checkout-nginx-1  | 172.20.0.13 - - [12/Sep/2026:11:31:21 +0000] "POST /api/purchases HTTP/1.1" 201 261 "-" "k6/0.54.0 (https://k6.io/)"
nginx-1           | 172.20.0.13 - - [12/Sep/2026:11:31:17 +0000] "GET /api/admissions/c54cc9dbd841f174fc82819470de48dcae33e5b8e8533a621da0be9ef37662ce HTTP/1.1" 200 157 "-" "k6/0.54.0 (https://k6.io/)"
nginx-1           | 172.20.0.13 - - [12/Sep/2026:11:31:18 +0000] "POST /api/admissions HTTP/1.1" 202 157 "-" "k6/0.54.0 (https://k6.io/)"
nginx-1           | 172.20.0.13 - - [12/Sep/2026:11:31:18 +0000] "GET /api/admissions/b9e2fce14332f43a19c0b52b9cadf48a58d64d54cd1f8d2fe34e9ece58c56567 HTTP/1.1" 200 569 "-" "k6/0.54.0 (https://k6.io/)"
checkout-nginx-1  | 172.20.0.13 - - [12/Sep/2026:11:31:21 +0000] "POST /api/orders/0e06598c-83a0-4e37-b5c4-4839f123e01a/payments HTTP/1.1" 202 96 "-" "k6/0.54.0 (https://k6.io/)"
checkout-nginx-1  | 172.20.0.13 - - [12/Sep/2026:11:31:21 +0000] "POST /api/purchases HTTP/1.1" 201 261 "-" "k6/0.54.0 (https://k6.io/)"
checkout-nginx-1  | 172.20.0.13 - - [12/Sep/2026:11:31:21 +0000] "POST /api/orders/bf202769-8894-4a2f-81e2-02135abf706a/payments HTTP/1.1" 202 96 "-" "k6/0.54.0 (https://k6.io/)"
checkout-nginx-1  | 172.20.0.13 - - [12/Sep/2026:11:31:21 +0000] "POST /api/purchases HTTP/1.1" 201 261 "-" "k6/0.54.0 (https://k6.io/)"
checkout-nginx-1  | 172.20.0.13 - - [12/Sep/2026:11:31:21 +0000] "POST /api/orders/6963075b-4cbb-400f-a738-c3a8472a382f/payments HTTP/1.1" 202 96 "-" "k6/0.54.0 (https://k6.io/)"
checkout-nginx-1  | 172.20.0.13 - - [12/Sep/2026:11:31:21 +0000] "POST /api/purchases HTTP/1.1" 201 261 "-" "k6/0.54.0 (https://k6.io/)"
nginx-1           | 172.20.0.13 - - [12/Sep/2026:11:31:18 +0000] "POST /api/admissions HTTP/1.1" 202 157 "-" "k6/0.54.0 (https://k6.io/)"
checkout-nginx-1  | 172.20.0.13 - - [12/Sep/2026:11:31:21 +0000] "POST /api/orders/4fba2b7b-3cbc-49ef-82f0-21bb9a041498/payments HTTP/1.1" 202 96 "-" "k6/0.54.0 (https://k6.io/)"
checkout-nginx-1  | 172.20.0.13 - - [12/Sep/2026:11:31:21 +0000] "POST /api/purchases HTTP/1.1" 201 261 "-" "k6/0.54.0 (https://k6.io/)"
checkout-nginx-1  | 172.20.0.13 - - [12/Sep/2026:11:31:21 +0000] "POST /api/orders/5b2d6e01-fe74-48ff-9a04-8a8d3ac52121/payments HTTP/1.1" 202 96 "-" "k6/0.54.0 (https://k6.io/)"
payment-1         | 	at org.springframework.web.servlet.FrameworkServlet.service(FrameworkServlet.java:885) ~[spring-webmvc-6.2.19.jar!/:6.2.19]
payment-1         | 	at jakarta.servlet.http.HttpServlet.service(HttpServlet.java:658) ~[tomcat-embed-core-10.1.55.jar!/:na]
checkout-nginx-1  | 172.20.0.13 - - [12/Sep/2026:11:31:22 +0000] "POST /api/purchases HTTP/1.1" 201 261 "-" "k6/0.54.0 (https://k6.io/)"
checkout-nginx-1  | 172.20.0.13 - - [12/Sep/2026:11:31:22 +0000] "POST /api/orders/a7b64126-abdf-4db7-a249-b2340ee02ccc/payments HTTP/1.1" 202 96 "-" "k6/0.54.0 (https://k6.io/)"
payment-1         | 	at org.apache.catalina.core.ApplicationFilterChain.internalDoFilter(ApplicationFilterChain.java:193) ~[tomcat-embed-core-10.1.55.jar!/:na]
payment-1         | 	at org.apache.catalina.core.ApplicationFilterChain.doFilter(ApplicationFilterChain.java:138) ~[tomcat-embed-core-10.1.55.jar!/:na]
payment-1         | 	at org.apache.tomcat.websocket.server.WsFilter.doFilter(WsFilter.java:51) ~[tomcat-embed-websocket-10.1.55.jar!/:na]
payment-1         | 	at org.apache.catalina.core.ApplicationFilterChain.internalDoFilter(ApplicationFilterChain.java:162) ~[tomcat-embed-core-10.1.55.jar!/:na]
checkout-nginx-1  | 172.20.0.13 - - [12/Sep/2026:11:31:22 +0000] "POST /api/purchases HTTP/1.1" 201 261 "-" "k6/0.54.0 (https://k6.io/)"
checkout-nginx-1  | 172.20.0.13 - - [12/Sep/2026:11:31:22 +0000] "POST /api/orders/739c28d5-77ef-459c-82c2-02ecb608caa8/payments HTTP/1.1" 202 96 "-" "k6/0.54.0 (https://k6.io/)"
checkout-nginx-1  | 172.20.0.13 - - [12/Sep/2026:11:31:22 +0000] "POST /api/purchases HTTP/1.1" 201 261 "-" "k6/0.54.0 (https://k6.io/)"
nginx-1           | 172.20.0.13 - - [12/Sep/2026:11:31:18 +0000] "GET /api/admissions/a9994dc2cd2a79ff58e736dd945ef841839d468f9747cae647fa5088416cb6de HTTP/1.1" 200 569 "-" "k6/0.54.0 (https://k6.io/)"
nginx-1           | 172.20.0.13 - - [12/Sep/2026:11:31:18 +0000] "POST /api/admissions HTTP/1.1" 202 157 "-" "k6/0.54.0 (https://k6.io/)"
nginx-1           | 172.20.0.13 - - [12/Sep/2026:11:31:18 +0000] "GET /api/admissions/75a216c14a4d05e4b281f936b8824e34fc7804cccd1d7096f9c0b9a2d303bc17 HTTP/1.1" 200 568 "-" "k6/0.54.0 (https://k6.io/)"
nginx-1           | 172.20.0.13 - - [12/Sep/2026:11:31:18 +0000] "GET /api/admissions/01b51335211c8ccebf16410165209cae96999d5d2cecd654fb1a92f72b3afcc3 HTTP/1.1" 200 157 "-" "k6/0.54.0 (https://k6.io/)"
checkout-nginx-1  | 172.20.0.13 - - [12/Sep/2026:11:31:22 +0000] "POST /api/orders/9f51669b-9241-4663-b2f5-873ca95d09ee/payments HTTP/1.1" 202 96 "-" "k6/0.54.0 (https://k6.io/)"
nginx-1           | 172.20.0.13 - - [12/Sep/2026:11:31:18 +0000] "GET /api/admissions/2a5ac3988c156c5cee82711d4d114f2fcd812193ee8cb082f87c76020cbcfd99 HTTP/1.1" 200 568 "-" "k6/0.54.0 (https://k6.io/)"
nginx-1           | 172.20.0.13 - - [12/Sep/2026:11:31:18 +0000] "GET /api/admissions/348d3d85c13966870130459a6334832d268943116d756b07bb28ba34e8f40b1e HTTP/1.1" 200 157 "-" "k6/0.54.0 (https://k6.io/)"
nginx-1           | 172.20.0.13 - - [12/Sep/2026:11:31:18 +0000] "GET /api/admissions/338913c947012bf73bd4dd43e3c4996d460ff3f22a0ea66b53f1a8ae4ea9a62d HTTP/1.1" 200 157 "-" "k6/0.54.0 (https://k6.io/)"
nginx-1           | 172.20.0.13 - - [12/Sep/2026:11:31:18 +0000] "GET /api/admissions/41f10d6bc36e7138515ce2eece58370c795a0713df83d0161245e1d949864f41 HTTP/1.1" 200 157 "-" "k6/0.54.0 (https://k6.io/)"
payment-1         | 	at org.apache.catalina.core.ApplicationFilterChain.doFilter(ApplicationFilterChain.java:138) ~[tomcat-embed-core-10.1.55.jar!/:na]
payment-1         | 	at org.springframework.web.filter.RequestContextFilter.doFilterInternal(RequestContextFilter.java:100) ~[spring-web-6.2.19.jar!/:6.2.19]
payment-1         | 	at org.springframework.web.filter.OncePerRequestFilter.doFilter(OncePerRequestFilter.java:116) ~[spring-web-6.2.19.jar!/:6.2.19]
payment-1         | 	at org.apache.catalina.core.ApplicationFilterChain.internalDoFilter(ApplicationFilterChain.java:162) ~[tomcat-embed-core-10.1.55.jar!/:na]
payment-1         | 	at org.apache.catalina.core.ApplicationFilterChain.doFilter(ApplicationFilterChain.java:138) ~[tomcat-embed-core-10.1.55.jar!/:na]
checkout-nginx-1  | 172.20.0.13 - - [12/Sep/2026:11:31:22 +0000] "POST /api/purchases HTTP/1.1" 201 261 "-" "k6/0.54.0 (https://k6.io/)"
checkout-nginx-1  | 172.20.0.13 - - [12/Sep/2026:11:31:22 +0000] "POST /api/orders/81d69d45-368d-4b01-b115-4e7e74b90f99/payments HTTP/1.1" 202 96 "-" "k6/0.54.0 (https://k6.io/)"
payment-1         | 	at org.springframework.web.filter.FormContentFilter.doFilterInternal(FormContentFilter.java:93) ~[spring-web-6.2.19.jar!/:6.2.19]
payment-1         | 	at org.springframework.web.filter.OncePerRequestFilter.doFilter(OncePerRequestFilter.java:116) ~[spring-web-6.2.19.jar!/:6.2.19]
payment-1         | 	at org.apache.catalina.core.ApplicationFilterChain.internalDoFilter(ApplicationFilterChain.java:162) ~[tomcat-embed-core-10.1.55.jar!/:na]
nginx-1           | 172.20.0.13 - - [12/Sep/2026:11:31:18 +0000] "POST /api/admissions HTTP/1.1" 202 157 "-" "k6/0.54.0 (https://k6.io/)"
nginx-1           | 172.20.0.13 - - [12/Sep/2026:11:31:18 +0000] "GET /api/admissions/ade4b76c0e76bc181bd2d8d00afccd9066d28cf218c789ca9e24b8c215f8763e HTTP/1.1" 200 569 "-" "k6/0.54.0 (https://k6.io/)"
nginx-1           | 172.20.0.13 - - [12/Sep/2026:11:31:18 +0000] "POST /api/admissions HTTP/1.1" 202 157 "-" "k6/0.54.0 (https://k6.io/)"
checkout-nginx-1  | 172.20.0.13 - - [12/Sep/2026:11:31:22 +0000] "POST /api/purchases HTTP/1.1" 201 261 "-" "k6/0.54.0 (https://k6.io/)"
checkout-nginx-1  | 172.20.0.13 - - [12/Sep/2026:11:31:22 +0000] "POST /api/orders/374f1b9a-57e2-49d1-8adf-1da076cc7ec2/payments HTTP/1.1" 202 96 "-" "k6/0.54.0 (https://k6.io/)"
nginx-1           | 172.20.0.13 - - [12/Sep/2026:11:31:18 +0000] "POST /api/admissions HTTP/1.1" 202 157 "-" "k6/0.54.0 (https://k6.io/)"
nginx-1           | 172.20.0.13 - - [12/Sep/2026:11:31:18 +0000] "POST /api/admissions HTTP/1.1" 202 157 "-" "k6/0.54.0 (https://k6.io/)"
checkout-nginx-1  | 172.20.0.13 - - [12/Sep/2026:11:31:22 +0000] "POST /api/purchases HTTP/1.1" 201 261 "-" "k6/0.54.0 (https://k6.io/)"
checkout-nginx-1  | 172.20.0.13 - - [12/Sep/2026:11:31:22 +0000] "POST /api/orders/03760201-4d71-45c8-9f18-67feb23b071c/payments HTTP/1.1" 202 96 "-" "k6/0.54.0 (https://k6.io/)"
checkout-nginx-1  | 172.20.0.13 - - [12/Sep/2026:11:31:22 +0000] "POST /api/purchases HTTP/1.1" 201 261 "-" "k6/0.54.0 (https://k6.io/)"
nginx-1           | 172.20.0.13 - - [12/Sep/2026:11:31:18 +0000] "GET /api/admissions/6d7a0b6d290b8c39905fa3454411e413d548e2eb5cb605ce3712324709177897 HTTP/1.1" 200 569 "-" "k6/0.54.0 (https://k6.io/)"
nginx-1           | 172.20.0.13 - - [12/Sep/2026:11:31:18 +0000] "GET /api/admissions/c401ce2f2e42982aab4755fac486563b6ee172e97b67bb3cbea88b4c14080f10 HTTP/1.1" 200 157 "-" "k6/0.54.0 (https://k6.io/)"
checkout-nginx-1  | 172.20.0.13 - - [12/Sep/2026:11:31:22 +0000] "POST /api/orders/9ee7edee-692d-4099-a683-b9c1c506b694/payments HTTP/1.1" 202 96 "-" "k6/0.54.0 (https://k6.io/)"
payment-1         | 	at org.apache.catalina.core.ApplicationFilterChain.doFilter(ApplicationFilterChain.java:138) ~[tomcat-embed-core-10.1.55.jar!/:na]
payment-1         | 	at org.springframework.web.filter.ServerHttpObservationFilter.doFilterInternal(ServerHttpObservationFilter.java:110) ~[spring-web-6.2.19.jar!/:6.2.19]
payment-1         | 	at org.springframework.web.filter.OncePerRequestFilter.doFilter(OncePerRequestFilter.java:116) ~[spring-web-6.2.19.jar!/:6.2.19]
payment-1         | 	at org.apache.catalina.core.ApplicationFilterChain.internalDoFilter(ApplicationFilterChain.java:162) ~[tomcat-embed-core-10.1.55.jar!/:na]
nginx-1           | 172.20.0.13 - - [12/Sep/2026:11:31:18 +0000] "GET /api/admissions/4c66146a710c26102a810d8e8078cfb7e3813fbfd59ea2185745c9af4bfa847a HTTP/1.1" 200 157 "-" "k6/0.54.0 (https://k6.io/)"
nginx-1           | 172.20.0.13 - - [12/Sep/2026:11:31:18 +0000] "POST /api/admissions HTTP/1.1" 202 157 "-" "k6/0.54.0 (https://k6.io/)"
nginx-1           | 172.20.0.13 - - [12/Sep/2026:11:31:18 +0000] "GET /api/admissions/dc72731313bf331a9befcd7c9ad9220fbbf0ed3bfd6225d30128423988ce91f2 HTTP/1.1" 200 569 "-" "k6/0.54.0 (https://k6.io/)"
payment-1         | 	at org.apache.catalina.core.ApplicationFilterChain.doFilter(ApplicationFilterChain.java:138) ~[tomcat-embed-core-10.1.55.jar!/:na]
payment-1         | 	at org.springframework.web.filter.CharacterEncodingFilter.doFilterInternal(CharacterEncodingFilter.java:201) ~[spring-web-6.2.19.jar!/:6.2.19]
nginx-1           | 172.20.0.13 - - [12/Sep/2026:11:31:18 +0000] "POST /api/admissions HTTP/1.1" 202 157 "-" "k6/0.54.0 (https://k6.io/)"
payment-1         | 	at org.springframework.web.filter.OncePerRequestFilter.doFilter(OncePerRequestFilter.java:116) ~[spring-web-6.2.19.jar!/:6.2.19]
checkout-nginx-1  | 172.20.0.13 - - [12/Sep/2026:11:31:22 +0000] "POST /api/purchases HTTP/1.1" 201 261 "-" "k6/0.54.0 (https://k6.io/)"
payment-1         | 	at org.apache.catalina.core.ApplicationFilterChain.internalDoFilter(ApplicationFilterChain.java:162) ~[tomcat-embed-core-10.1.55.jar!/:na]
checkout-nginx-1  | 172.20.0.13 - - [12/Sep/2026:11:31:22 +0000] "POST /api/orders/67a7dcb4-53aa-464b-a35b-d433f4704bb9/payments HTTP/1.1" 202 96 "-" "k6/0.54.0 (https://k6.io/)"
payment-1         | 	at org.apache.catalina.core.ApplicationFilterChain.doFilter(ApplicationFilterChain.java:138) ~[tomcat-embed-core-10.1.55.jar!/:na]
payment-1         | 	at org.apache.catalina.core.StandardWrapperValve.invoke(StandardWrapperValve.java:165) ~[tomcat-embed-core-10.1.55.jar!/:na]
payment-1         | 	at org.apache.catalina.core.StandardContextValve.invoke(StandardContextValve.java:88) ~[tomcat-embed-core-10.1.55.jar!/:na]
payment-1         | 	at org.apache.catalina.authenticator.AuthenticatorBase.invoke(AuthenticatorBase.java:492) ~[tomcat-embed-core-10.1.55.jar!/:na]
payment-1         | 	at org.apache.catalina.core.StandardHostValve.invoke(StandardHostValve.java:113) ~[tomcat-embed-core-10.1.55.jar!/:na]
checkout-nginx-1  | 172.20.0.13 - - [12/Sep/2026:11:31:22 +0000] "POST /api/purchases HTTP/1.1" 201 261 "-" "k6/0.54.0 (https://k6.io/)"
checkout-nginx-1  | 172.20.0.13 - - [12/Sep/2026:11:31:22 +0000] "POST /api/orders/c92213aa-c3d9-43ca-a4ed-cb64ac52a1a5/payments HTTP/1.1" 202 96 "-" "k6/0.54.0 (https://k6.io/)"
checkout-nginx-1  | 172.20.0.13 - - [12/Sep/2026:11:31:23 +0000] "POST /api/purchases HTTP/1.1" 201 261 "-" "k6/0.54.0 (https://k6.io/)"
nginx-1           | 172.20.0.13 - - [12/Sep/2026:11:31:18 +0000] "POST /api/admissions HTTP/1.1" 202 157 "-" "k6/0.54.0 (https://k6.io/)"
nginx-1           | 172.20.0.13 - - [12/Sep/2026:11:31:19 +0000] "GET /api/admissions/4ed48efbe708409b80217e7bf485eb28c9c11795ca5c1c30bbec7123634835b2 HTTP/1.1" 200 569 "-" "k6/0.54.0 (https://k6.io/)"
nginx-1           | 172.20.0.13 - - [12/Sep/2026:11:31:19 +0000] "POST /api/admissions HTTP/1.1" 202 157 "-" "k6/0.54.0 (https://k6.io/)"
payment-1         | 	at org.apache.catalina.valves.ErrorReportValve.invoke(ErrorReportValve.java:83) ~[tomcat-embed-core-10.1.55.jar!/:na]
nginx-1           | 172.20.0.13 - - [12/Sep/2026:11:31:19 +0000] "GET /api/admissions/c54cc9dbd841f174fc82819470de48dcae33e5b8e8533a621da0be9ef37662ce HTTP/1.1" 200 569 "-" "k6/0.54.0 (https://k6.io/)"
checkout-nginx-1  | 172.20.0.13 - - [12/Sep/2026:11:31:23 +0000] "POST /api/orders/1e99c39d-6510-4568-aefa-f0d999edc5f8/payments HTTP/1.1" 202 96 "-" "k6/0.54.0 (https://k6.io/)"
checkout-nginx-1  | 172.20.0.13 - - [12/Sep/2026:11:31:23 +0000] "POST /api/purchases HTTP/1.1" 201 261 "-" "k6/0.54.0 (https://k6.io/)"
checkout-nginx-1  | 172.20.0.13 - - [12/Sep/2026:11:31:23 +0000] "POST /api/orders/1da56813-97b7-413e-b0b4-7879481d1411/payments HTTP/1.1" 202 96 "-" "k6/0.54.0 (https://k6.io/)"
payment-1         | 	at org.apache.catalina.core.StandardEngineValve.invoke(StandardEngineValve.java:72) ~[tomcat-embed-core-10.1.55.jar!/:na]
payment-1         | 	at org.apache.catalina.connector.CoyoteAdapter.service(CoyoteAdapter.java:342) ~[tomcat-embed-core-10.1.55.jar!/:na]
payment-1         | 	at org.apache.coyote.http11.Http11Processor.service(Http11Processor.java:399) ~[tomcat-embed-core-10.1.55.jar!/:na]
payment-1         | 	at org.apache.coyote.AbstractProcessorLight.process(AbstractProcessorLight.java:63) ~[tomcat-embed-core-10.1.55.jar!/:na]
checkout-nginx-1  | 172.20.0.13 - - [12/Sep/2026:11:31:23 +0000] "POST /api/purchases HTTP/1.1" 201 261 "-" "k6/0.54.0 (https://k6.io/)"
checkout-nginx-1  | 172.20.0.13 - - [12/Sep/2026:11:31:23 +0000] "POST /api/orders/450698d0-1c42-4588-b6dc-7cd0bfeef173/payments HTTP/1.1" 202 96 "-" "k6/0.54.0 (https://k6.io/)"
checkout-nginx-1  | 172.20.0.13 - - [12/Sep/2026:11:31:23 +0000] "POST /api/purchases HTTP/1.1" 201 261 "-" "k6/0.54.0 (https://k6.io/)"
checkout-nginx-1  | 172.20.0.13 - - [12/Sep/2026:11:31:23 +0000] "POST /api/orders/8e32f9f9-4b20-4dd5-9827-8ac6ff8091bc/payments HTTP/1.1" 202 96 "-" "k6/0.54.0 (https://k6.io/)"
nginx-1           | 172.20.0.13 - - [12/Sep/2026:11:31:19 +0000] "GET /api/admissions/31253692256e7bd8cbcd5c9794a318884e4a6d546a209333632c246e1d0332ed HTTP/1.1" 200 157 "-" "k6/0.54.0 (https://k6.io/)"
nginx-1           | 172.20.0.13 - - [12/Sep/2026:11:31:19 +0000] "GET /api/admissions/3dedc299230eaddb7b78ebf0e947c8b5923b869c5b54f56e09e968bc8f45fb20 HTTP/1.1" 200 157 "-" "k6/0.54.0 (https://k6.io/)"
nginx-1           | 172.20.0.13 - - [12/Sep/2026:11:31:19 +0000] "POST /api/admissions HTTP/1.1" 202 157 "-" "k6/0.54.0 (https://k6.io/)"
checkout-nginx-1  | 172.20.0.13 - - [12/Sep/2026:11:31:23 +0000] "POST /api/purchases HTTP/1.1" 201 261 "-" "k6/0.54.0 (https://k6.io/)"
checkout-nginx-1  | 172.20.0.13 - - [12/Sep/2026:11:31:23 +0000] "POST /api/orders/33c61e48-296f-4654-b7ad-92cb0061f1d4/payments HTTP/1.1" 202 96 "-" "k6/0.54.0 (https://k6.io/)"
checkout-nginx-1  | 172.20.0.13 - - [12/Sep/2026:11:31:23 +0000] "POST /api/purchases HTTP/1.1" 201 261 "-" "k6/0.54.0 (https://k6.io/)"
checkout-nginx-1  | 172.20.0.13 - - [12/Sep/2026:11:31:23 +0000] "POST /api/orders/12c5412d-e988-4b2a-82b5-86e00349cedf/payments HTTP/1.1" 202 96 "-" "k6/0.54.0 (https://k6.io/)"
nginx-1           | 172.20.0.13 - - [12/Sep/2026:11:31:19 +0000] "GET /api/admissions/9b941a93b6ffbb0d9c7256bab548e5a9a0453d3a6c7c81a7e70d10d90272f4c0 HTTP/1.1" 200 569 "-" "k6/0.54.0 (https://k6.io/)"
checkout-nginx-1  | 172.20.0.13 - - [12/Sep/2026:11:31:23 +0000] "POST /api/purchases HTTP/1.1" 429 35 "-" "k6/0.54.0 (https://k6.io/)"
checkout-nginx-1  | 172.20.0.13 - - [12/Sep/2026:11:31:23 +0000] "POST /api/purchases HTTP/1.1" 429 35 "-" "k6/0.54.0 (https://k6.io/)"
nginx-1           | 172.20.0.13 - - [12/Sep/2026:11:31:19 +0000] "POST /api/admissions HTTP/1.1" 202 157 "-" "k6/0.54.0 (https://k6.io/)"
nginx-1           | 172.20.0.13 - - [12/Sep/2026:11:31:19 +0000] "POST /api/admissions HTTP/1.1" 202 157 "-" "k6/0.54.0 (https://k6.io/)"
checkout-nginx-1  | 172.20.0.13 - - [12/Sep/2026:11:31:23 +0000] "POST /api/purchases HTTP/1.1" 201 261 "-" "k6/0.54.0 (https://k6.io/)"
checkout-nginx-1  | 172.20.0.13 - - [12/Sep/2026:11:31:23 +0000] "POST /api/orders/fb0cd73e-27e1-44d0-a0f2-725c1d1e3498/payments HTTP/1.1" 202 96 "-" "k6/0.54.0 (https://k6.io/)"
payment-1         | 	at org.apache.coyote.AbstractProtocol$ConnectionHandler.process(AbstractProtocol.java:1272) ~[tomcat-embed-core-10.1.55.jar!/:na]
payment-1         | 	at org.apache.tomcat.util.net.NioEndpoint$SocketProcessor.doRun(NioEndpoint.java:1797) ~[tomcat-embed-core-10.1.55.jar!/:na]
payment-1         | 	at org.apache.tomcat.util.net.SocketProcessorBase.run(SocketProcessorBase.java:52) ~[tomcat-embed-core-10.1.55.jar!/:na]
payment-1         | 	at org.apache.tomcat.util.threads.ThreadPoolExecutor.runWorker(ThreadPoolExecutor.java:973) ~[tomcat-embed-core-10.1.55.jar!/:na]
checkout-nginx-1  | 172.20.0.13 - - [12/Sep/2026:11:31:23 +0000] "POST /api/purchases HTTP/1.1" 429 35 "-" "k6/0.54.0 (https://k6.io/)"
checkout-nginx-1  | 172.20.0.13 - - [12/Sep/2026:11:31:23 +0000] "POST /api/purchases HTTP/1.1" 201 261 "-" "k6/0.54.0 (https://k6.io/)"
payment-1         | 	at org.apache.tomcat.util.threads.ThreadPoolExecutor$Worker.run(ThreadPoolExecutor.java:491) ~[tomcat-embed-core-10.1.55.jar!/:na]
payment-1         | 	at org.apache.tomcat.util.threads.TaskThread$WrappingRunnable.run(TaskThread.java:63) ~[tomcat-embed-core-10.1.55.jar!/:na]
nginx-1           | 172.20.0.13 - - [12/Sep/2026:11:31:19 +0000] "GET /api/admissions/fc35016342314dae26fcd064e0984e038d0e56b69e89e2a36d6bb99e37eb7ebf HTTP/1.1" 200 569 "-" "k6/0.54.0 (https://k6.io/)"
checkout-nginx-1  | 172.20.0.13 - - [12/Sep/2026:11:31:23 +0000] "POST /api/orders/15e4065b-dbbe-4b0e-8001-15cc850d715c/payments HTTP/1.1" 202 96 "-" "k6/0.54.0 (https://k6.io/)"
checkout-nginx-1  | 172.20.0.13 - - [12/Sep/2026:11:31:23 +0000] "POST /api/purchases HTTP/1.1" 201 261 "-" "k6/0.54.0 (https://k6.io/)"
payment-1         | 	at java.base/java.lang.Thread.run(Unknown Source) ~[na:na]
checkout-nginx-1  | 172.20.0.13 - - [12/Sep/2026:11:31:23 +0000] "POST /api/orders/3698c00c-ab58-48cb-97d2-98f01c6e5c8a/payments HTTP/1.1" 202 96 "-" "k6/0.54.0 (https://k6.io/)"
checkout-nginx-1  | 172.20.0.13 - - [12/Sep/2026:11:31:24 +0000] "POST /api/purchases HTTP/1.1" 201 261 "-" "k6/0.54.0 (https://k6.io/)"
nginx-1           | 172.20.0.13 - - [12/Sep/2026:11:31:19 +0000] "GET /api/admissions/0355285e6a2a664ac6c76809f63c4cc6545bb4e237f43787b4d00472f0c45a97 HTTP/1.1" 200 569 "-" "k6/0.54.0 (https://k6.io/)"
checkout-nginx-1  | 172.20.0.13 - - [12/Sep/2026:11:31:24 +0000] "POST /api/orders/294af3e7-7cdc-4cb4-84d9-56043ba69f09/payments HTTP/1.1" 202 96 "-" "k6/0.54.0 (https://k6.io/)"
nginx-1           | 172.20.0.13 - - [12/Sep/2026:11:31:19 +0000] "POST /api/admissions HTTP/1.1" 202 157 "-" "k6/0.54.0 (https://k6.io/)"
nginx-1           | 172.20.0.13 - - [12/Sep/2026:11:31:19 +0000] "GET /api/admissions/348d3d85c13966870130459a6334832d268943116d756b07bb28ba34e8f40b1e HTTP/1.1" 200 569 "-" "k6/0.54.0 (https://k6.io/)"
checkout-nginx-1  | 172.20.0.13 - - [12/Sep/2026:11:31:24 +0000] "POST /api/purchases HTTP/1.1" 201 261 "-" "k6/0.54.0 (https://k6.io/)"
nginx-1           | 172.20.0.13 - - [12/Sep/2026:11:31:19 +0000] "GET /api/admissions/41f10d6bc36e7138515ce2eece58370c795a0713df83d0161245e1d949864f41 HTTP/1.1" 200 157 "-" "k6/0.54.0 (https://k6.io/)"
checkout-nginx-1  | 172.20.0.13 - - [12/Sep/2026:11:31:24 +0000] "POST /api/orders/c70a06b3-9d74-45e0-8558-fefd14b8d08c/payments HTTP/1.1" 202 96 "-" "k6/0.54.0 (https://k6.io/)"
nginx-1           | 172.20.0.13 - - [12/Sep/2026:11:31:19 +0000] "GET /api/admissions/01b51335211c8ccebf16410165209cae96999d5d2cecd654fb1a92f72b3afcc3 HTTP/1.1" 200 569 "-" "k6/0.54.0 (https://k6.io/)"
checkout-nginx-1  | 172.20.0.13 - - [12/Sep/2026:11:31:24 +0000] "POST /api/purchases HTTP/1.1" 201 261 "-" "k6/0.54.0 (https://k6.io/)"
checkout-nginx-1  | 172.20.0.13 - - [12/Sep/2026:11:31:24 +0000] "POST /api/orders/9e62c331-2214-4a49-9e06-d2723dd9b75b/payments HTTP/1.1" 202 96 "-" "k6/0.54.0 (https://k6.io/)"
checkout-nginx-1  | 172.20.0.13 - - [12/Sep/2026:11:31:24 +0000] "POST /api/purchases HTTP/1.1" 201 261 "-" "k6/0.54.0 (https://k6.io/)"
checkout-nginx-1  | 172.20.0.13 - - [12/Sep/2026:11:31:24 +0000] "POST /api/orders/e41775a7-4b9a-4e37-be5f-0fee2861f701/payments HTTP/1.1" 202 96 "-" "k6/0.54.0 (https://k6.io/)"
checkout-nginx-1  | 172.20.0.13 - - [12/Sep/2026:11:31:24 +0000] "POST /api/purchases HTTP/1.1" 201 261 "-" "k6/0.54.0 (https://k6.io/)"
checkout-nginx-1  | 172.20.0.13 - - [12/Sep/2026:11:31:24 +0000] "POST /api/orders/f98ae0ea-bffb-4bae-860b-e0f210edcef7/payments HTTP/1.1" 202 96 "-" "k6/0.54.0 (https://k6.io/)"
nginx-1           | 172.20.0.13 - - [12/Sep/2026:11:31:19 +0000] "GET /api/admissions/361083009bb8066c99c7adb55c94a28defc3b3eb18887e9ae9161d7547be4e78 HTTP/1.1" 200 157 "-" "k6/0.54.0 (https://k6.io/)"
checkout-nginx-1  | 172.20.0.13 - - [12/Sep/2026:11:31:24 +0000] "POST /api/purchases HTTP/1.1" 201 261 "-" "k6/0.54.0 (https://k6.io/)"
payment-1         | 
checkout-nginx-1  | 172.20.0.13 - - [12/Sep/2026:11:31:24 +0000] "POST /api/orders/d087989e-d5b6-4231-9058-39ae9358638f/payments HTTP/1.1" 202 96 "-" "k6/0.54.0 (https://k6.io/)"
payment-1         | 2026-09-12T11:30:55.469Z  WARN 1 --- [limited-goods] [nio-8080-exec-8] o.h.engine.jdbc.spi.SqlExceptionHelper   : SQL Error: 0, SQLState: null
checkout-nginx-1  | 172.20.0.13 - - [12/Sep/2026:11:31:24 +0000] "POST /api/purchases HTTP/1.1" 201 261 "-" "k6/0.54.0 (https://k6.io/)"
checkout-nginx-1  | 172.20.0.13 - - [12/Sep/2026:11:31:24 +0000] "POST /api/orders/fc856c3e-7b31-4404-8d46-f993b4874b06/payments HTTP/1.1" 202 96 "-" "k6/0.54.0 (https://k6.io/)"
checkout-nginx-1  | 172.20.0.13 - - [12/Sep/2026:11:31:24 +0000] "POST /api/purchases HTTP/1.1" 201 261 "-" "k6/0.54.0 (https://k6.io/)"
nginx-1           | 172.20.0.13 - - [12/Sep/2026:11:31:19 +0000] "POST /api/admissions HTTP/1.1" 202 157 "-" "k6/0.54.0 (https://k6.io/)"
checkout-nginx-1  | 172.20.0.13 - - [12/Sep/2026:11:31:24 +0000] "POST /api/orders/7a9b39dc-d416-46f5-828b-09fcf248eb02/payments HTTP/1.1" 202 96 "-" "k6/0.54.0 (https://k6.io/)"
checkout-nginx-1  | 172.20.0.13 - - [12/Sep/2026:11:31:24 +0000] "POST /api/purchases HTTP/1.1" 201 261 "-" "k6/0.54.0 (https://k6.io/)"
checkout-nginx-1  | 172.20.0.13 - - [12/Sep/2026:11:31:24 +0000] "POST /api/orders/08d3eb93-663f-4339-93d0-d3bdc2c15930/payments HTTP/1.1" 202 96 "-" "k6/0.54.0 (https://k6.io/)"
checkout-nginx-1  | 172.20.0.13 - - [12/Sep/2026:11:31:24 +0000] "POST /api/purchases HTTP/1.1" 201 261 "-" "k6/0.54.0 (https://k6.io/)"
nginx-1           | 172.20.0.13 - - [12/Sep/2026:11:31:19 +0000] "GET /api/admissions/338913c947012bf73bd4dd43e3c4996d460ff3f22a0ea66b53f1a8ae4ea9a62d HTTP/1.1" 200 157 "-" "k6/0.54.0 (https://k6.io/)"
nginx-1           | 172.20.0.13 - - [12/Sep/2026:11:31:19 +0000] "GET /api/admissions/a1c7edf6532d51bb1ca440dab7c0b054afb1a7d6593b1aa27c9ff36691b1297d HTTP/1.1" 200 569 "-" "k6/0.54.0 (https://k6.io/)"
nginx-1           | 172.20.0.13 - - [12/Sep/2026:11:31:19 +0000] "POST /api/admissions HTTP/1.1" 202 157 "-" "k6/0.54.0 (https://k6.io/)"
nginx-1           | 172.20.0.13 - - [12/Sep/2026:11:31:19 +0000] "POST /api/admissions HTTP/1.1" 202 157 "-" "k6/0.54.0 (https://k6.io/)"
nginx-1           | 172.20.0.13 - - [12/Sep/2026:11:31:19 +0000] "GET /api/admissions/4c66146a710c26102a810d8e8078cfb7e3813fbfd59ea2185745c9af4bfa847a HTTP/1.1" 200 569 "-" "k6/0.54.0 (https://k6.io/)"
nginx-1           | 172.20.0.13 - - [12/Sep/2026:11:31:19 +0000] "GET /api/admissions/b10c8d3d4d2bdf3bb7c4ba7af0eec4f77311a9435ad0ed8b81edf3a8142882df HTTP/1.1" 200 157 "-" "k6/0.54.0 (https://k6.io/)"
nginx-1           | 172.20.0.13 - - [12/Sep/2026:11:31:19 +0000] "GET /api/admissions/cc3a85e4dd2ab9f4342e9ecf2fbcc95d1ca2e9374a96f3d9a202ebfa4ebf12e1 HTTP/1.1" 200 569 "-" "k6/0.54.0 (https://k6.io/)"
checkout-nginx-1  | 172.20.0.13 - - [12/Sep/2026:11:31:24 +0000] "POST /api/orders/165da5e2-f764-4efe-82bc-413f8ef117e6/payments HTTP/1.1" 202 96 "-" "k6/0.54.0 (https://k6.io/)"
checkout-nginx-1  | 172.20.0.13 - - [12/Sep/2026:11:31:24 +0000] "POST /api/purchases HTTP/1.1" 201 261 "-" "k6/0.54.0 (https://k6.io/)"
checkout-nginx-1  | 172.20.0.13 - - [12/Sep/2026:11:31:24 +0000] "POST /api/orders/0da41d48-836c-4ae8-8424-b16d98d3550f/payments HTTP/1.1" 202 96 "-" "k6/0.54.0 (https://k6.io/)"
payment-1         | 2026-09-12T11:30:55.469Z ERROR 1 --- [limited-goods] [nio-8080-exec-8] o.h.engine.jdbc.spi.SqlExceptionHelper   : HikariPool-1 - Connection is not available, request timed out after 1000ms (total=4, active=4, idle=0, waiting=2)
payment-1         | 2026-09-12T11:30:55.470Z ERROR 1 --- [limited-goods] [nio-8080-exec-8] o.a.c.c.C.[.[.[/].[dispatcherServlet]    : Servlet.service() for servlet [dispatcherServlet] in context with path [] threw exception [Request processing failed: org.springframework.transaction.CannotCreateTransactionException: Could not open JPA EntityManager for transaction] with root cause
checkout-nginx-1  | 172.20.0.13 - - [12/Sep/2026:11:31:25 +0000] "POST /api/purchases HTTP/1.1" 201 261 "-" "k6/0.54.0 (https://k6.io/)"
payment-1         | 
payment-1         | java.sql.SQLTransientConnectionException: HikariPool-1 - Connection is not available, request timed out after 1000ms (total=4, active=4, idle=0, waiting=2)
payment-1         | 	at com.zaxxer.hikari.pool.HikariPool.createTimeoutException(HikariPool.java:714) ~[HikariCP-6.3.3.jar!/:na]
payment-1         | 	at com.zaxxer.hikari.pool.HikariPool.getConnection(HikariPool.java:184) ~[HikariCP-6.3.3.jar!/:na]
checkout-nginx-1  | 172.20.0.13 - - [12/Sep/2026:11:31:25 +0000] "POST /api/orders/8598e080-ce5d-4e49-8bf1-bd1126b105ad/payments HTTP/1.1" 202 96 "-" "k6/0.54.0 (https://k6.io/)"
checkout-nginx-1  | 172.20.0.13 - - [12/Sep/2026:11:31:25 +0000] "POST /api/purchases HTTP/1.1" 201 261 "-" "k6/0.54.0 (https://k6.io/)"
payment-1         | 	at com.zaxxer.hikari.pool.HikariPool.getConnection(HikariPool.java:142) ~[HikariCP-6.3.3.jar!/:na]
payment-1         | 	at com.zaxxer.hikari.HikariDataSource.getConnection(HikariDataSource.java:127) ~[HikariCP-6.3.3.jar!/:na]
payment-1         | 	at org.hibernate.engine.jdbc.connections.internal.DatasourceConnectionProviderImpl.getConnection(DatasourceConnectionProviderImpl.java:126) ~[hibernate-core-6.6.53.Final.jar!/:6.6.53.Final]
payment-1         | 	at org.hibernate.internal.NonContextualJdbcConnectionAccess.obtainConnection(NonContextualJdbcConnectionAccess.java:46) ~[hibernate-core-6.6.53.Final.jar!/:6.6.53.Final]
checkout-nginx-1  | 172.20.0.13 - - [12/Sep/2026:11:31:25 +0000] "POST /api/orders/73708831-e97e-4f02-b275-f786e7150c53/payments HTTP/1.1" 202 96 "-" "k6/0.54.0 (https://k6.io/)"
checkout-nginx-1  | 172.20.0.13 - - [12/Sep/2026:11:31:25 +0000] "POST /api/purchases HTTP/1.1" 201 261 "-" "k6/0.54.0 (https://k6.io/)"
payment-1         | 	at org.hibernate.resource.jdbc.internal.LogicalConnectionManagedImpl.acquireConnectionIfNeeded(LogicalConnectionManagedImpl.java:126) ~[hibernate-core-6.6.53.Final.jar!/:6.6.53.Final]
payment-1         | 	at org.hibernate.resource.jdbc.internal.LogicalConnectionManagedImpl.getPhysicalConnection(LogicalConnectionManagedImpl.java:156) ~[hibernate-core-6.6.53.Final.jar!/:6.6.53.Final]
nginx-1           | 172.20.0.13 - - [12/Sep/2026:11:31:19 +0000] "GET /api/admissions/c401ce2f2e42982aab4755fac486563b6ee172e97b67bb3cbea88b4c14080f10 HTTP/1.1" 200 157 "-" "k6/0.54.0 (https://k6.io/)"
checkout-nginx-1  | 172.20.0.13 - - [12/Sep/2026:11:31:25 +0000] "POST /api/orders/fb69c96d-942c-47e4-9761-ba5c3298e07c/payments HTTP/1.1" 202 96 "-" "k6/0.54.0 (https://k6.io/)"
nginx-1           | 172.20.0.13 - - [12/Sep/2026:11:31:19 +0000] "POST /api/admissions HTTP/1.1" 202 157 "-" "k6/0.54.0 (https://k6.io/)"
nginx-1           | 172.20.0.13 - - [12/Sep/2026:11:31:19 +0000] "GET /api/admissions/fea24d6f26ab3027e7f7025fb34ba42891a981ad605e1a98e5f95a8d621524ca HTTP/1.1" 200 157 "-" "k6/0.54.0 (https://k6.io/)"
nginx-1           | 172.20.0.13 - - [12/Sep/2026:11:31:19 +0000] "GET /api/admissions/50a47f72c4cd2a0a66f76c0dec5ba35b138955ef114e411a8b81289020842a38 HTTP/1.1" 200 569 "-" "k6/0.54.0 (https://k6.io/)"
nginx-1           | 172.20.0.13 - - [12/Sep/2026:11:31:19 +0000] "POST /api/admissions HTTP/1.1" 202 157 "-" "k6/0.54.0 (https://k6.io/)"
payment-1         | 	at org.hibernate.resource.jdbc.internal.LogicalConnectionManagedImpl.getConnectionForTransactionManagement(LogicalConnectionManagedImpl.java:286) ~[hibernate-core-6.6.53.Final.jar!/:6.6.53.Final]
payment-1         | 	at org.hibernate.resource.jdbc.internal.LogicalConnectionManagedImpl.begin(LogicalConnectionManagedImpl.java:294) ~[hibernate-core-6.6.53.Final.jar!/:6.6.53.Final]
nginx-1           | 172.20.0.13 - - [12/Sep/2026:11:31:20 +0000] "POST /api/admissions HTTP/1.1" 202 157 "-" "k6/0.54.0 (https://k6.io/)"
nginx-1           | 172.20.0.13 - - [12/Sep/2026:11:31:20 +0000] "GET /api/admissions/a5f0f621b1884386f0fa5d919361308bc3b447adf74c386f379aee3134248d1b HTTP/1.1" 200 569 "-" "k6/0.54.0 (https://k6.io/)"
payment-1         | 	at org.hibernate.resource.transaction.backend.jdbc.internal.JdbcResourceLocalTransactionCoordinatorImpl$TransactionDriverControlImpl.begin(JdbcResourceLocalTransactionCoordinatorImpl.java:232) ~[hibernate-core-6.6.53.Final.jar!/:6.6.53.Final]
payment-1         | 	at org.hibernate.engine.transaction.internal.TransactionImpl.begin(TransactionImpl.java:83) ~[hibernate-core-6.6.53.Final.jar!/:6.6.53.Final]
payment-1         | 	at org.springframework.orm.jpa.vendor.HibernateJpaDialect.beginTransaction(HibernateJpaDialect.java:176) ~[spring-orm-6.2.19.jar!/:6.2.19]
payment-1         | 	at org.springframework.orm.jpa.JpaTransactionManager.doBegin(JpaTransactionManager.java:421) ~[spring-orm-6.2.19.jar!/:6.2.19]
payment-1         | 	at org.springframework.transaction.support.AbstractPlatformTransactionManager.startTransaction(AbstractPlatformTransactionManager.java:532) ~[spring-tx-6.2.19.jar!/:6.2.19]
payment-1         | 	at org.springframework.transaction.support.AbstractPlatformTransactionManager.getTransaction(AbstractPlatformTransactionManager.java:405) ~[spring-tx-6.2.19.jar!/:6.2.19]
checkout-nginx-1  | 172.20.0.13 - - [12/Sep/2026:11:31:25 +0000] "POST /api/purchases HTTP/1.1" 201 261 "-" "k6/0.54.0 (https://k6.io/)"
checkout-nginx-1  | 172.20.0.13 - - [12/Sep/2026:11:31:25 +0000] "POST /api/orders/c029f2ed-02b8-4324-909b-20d5c718f299/payments HTTP/1.1" 202 96 "-" "k6/0.54.0 (https://k6.io/)"
checkout-nginx-1  | 172.20.0.13 - - [12/Sep/2026:11:31:25 +0000] "POST /api/purchases HTTP/1.1" 201 261 "-" "k6/0.54.0 (https://k6.io/)"
nginx-1           | 172.20.0.13 - - [12/Sep/2026:11:31:20 +0000] "POST /api/admissions HTTP/1.1" 202 157 "-" "k6/0.54.0 (https://k6.io/)"
nginx-1           | 172.20.0.13 - - [12/Sep/2026:11:31:20 +0000] "GET /api/admissions/1ca2e12138d8d611369ddff8a8b91f9376ff003dfbd0cfe8f6a2c58c996fd11e HTTP/1.1" 200 569 "-" "k6/0.54.0 (https://k6.io/)"
nginx-1           | 172.20.0.13 - - [12/Sep/2026:11:31:20 +0000] "GET /api/admissions/3dedc299230eaddb7b78ebf0e947c8b5923b869c5b54f56e09e968bc8f45fb20 HTTP/1.1" 200 157 "-" "k6/0.54.0 (https://k6.io/)"
nginx-1           | 172.20.0.13 - - [12/Sep/2026:11:31:20 +0000] "POST /api/admissions HTTP/1.1" 202 157 "-" "k6/0.54.0 (https://k6.io/)"
nginx-1           | 172.20.0.13 - - [12/Sep/2026:11:31:20 +0000] "GET /api/admissions/31253692256e7bd8cbcd5c9794a318884e4a6d546a209333632c246e1d0332ed HTTP/1.1" 200 569 "-" "k6/0.54.0 (https://k6.io/)"
payment-1         | 	at org.springframework.transaction.interceptor.TransactionAspectSupport.createTransactionIfNecessary(TransactionAspectSupport.java:639) ~[spring-tx-6.2.19.jar!/:6.2.19]
payment-1         | 	at org.springframework.transaction.interceptor.TransactionAspectSupport.invokeWithinTransaction(TransactionAspectSupport.java:374) ~[spring-tx-6.2.19.jar!/:6.2.19]
checkout-nginx-1  | 172.20.0.13 - - [12/Sep/2026:11:31:25 +0000] "POST /api/orders/0a8feea4-500d-422c-82d3-0d785d7d67f8/payments HTTP/1.1" 202 96 "-" "k6/0.54.0 (https://k6.io/)"
checkout-nginx-1  | 172.20.0.13 - - [12/Sep/2026:11:31:25 +0000] "POST /api/purchases HTTP/1.1" 201 261 "-" "k6/0.54.0 (https://k6.io/)"
checkout-nginx-1  | 172.20.0.13 - - [12/Sep/2026:11:31:25 +0000] "POST /api/orders/cc48de13-0dd1-458a-811c-77be2892c08a/payments HTTP/1.1" 202 96 "-" "k6/0.54.0 (https://k6.io/)"
checkout-nginx-1  | 172.20.0.13 - - [12/Sep/2026:11:31:25 +0000] "POST /api/purchases HTTP/1.1" 201 261 "-" "k6/0.54.0 (https://k6.io/)"
payment-1         | 	at org.springframework.transaction.interceptor.TransactionInterceptor.invoke(TransactionInterceptor.java:119) ~[spring-tx-6.2.19.jar!/:6.2.19]
payment-1         | 	at org.springframework.aop.framework.ReflectiveMethodInvocation.proceed(ReflectiveMethodInvocation.java:184) ~[spring-aop-6.2.19.jar!/:6.2.19]
payment-1         | 	at org.springframework.aop.framework.CglibAopProxy$DynamicAdvisedInterceptor.intercept(CglibAopProxy.java:728) ~[spring-aop-6.2.19.jar!/:6.2.19]
payment-1         | 	at com.limitedgoods.payments.PaymentService$$SpringCGLIB$$0.start(<generated>) ~[!/:0.1.0]
payment-1         | 	at com.limitedgoods.payments.PaymentController.start(PaymentController.java:19) ~[!/:0.1.0]
checkout-nginx-1  | 172.20.0.13 - - [12/Sep/2026:11:31:25 +0000] "POST /api/orders/a3085a4a-fe60-40bf-863c-d305357e6ccc/payments HTTP/1.1" 202 96 "-" "k6/0.54.0 (https://k6.io/)"
checkout-nginx-1  | 172.20.0.13 - - [12/Sep/2026:11:31:25 +0000] "POST /api/purchases HTTP/1.1" 201 261 "-" "k6/0.54.0 (https://k6.io/)"
payment-1         | 	at java.base/jdk.internal.reflect.DirectMethodHandleAccessor.invoke(Unknown Source) ~[na:na]
checkout-nginx-1  | 172.20.0.13 - - [12/Sep/2026:11:31:25 +0000] "POST /api/orders/332d4dc8-e375-4b84-9565-09d23d450d02/payments HTTP/1.1" 202 96 "-" "k6/0.54.0 (https://k6.io/)"
checkout-nginx-1  | 172.20.0.13 - - [12/Sep/2026:11:31:25 +0000] "POST /api/purchases HTTP/1.1" 201 261 "-" "k6/0.54.0 (https://k6.io/)"
checkout-nginx-1  | 172.20.0.13 - - [12/Sep/2026:11:31:25 +0000] "POST /api/orders/680ae676-bffd-4063-879d-99614ab59501/payments HTTP/1.1" 202 96 "-" "k6/0.54.0 (https://k6.io/)"
checkout-nginx-1  | 172.20.0.13 - - [12/Sep/2026:11:31:25 +0000] "POST /api/purchases HTTP/1.1" 201 261 "-" "k6/0.54.0 (https://k6.io/)"
checkout-nginx-1  | 172.20.0.13 - - [12/Sep/2026:11:31:25 +0000] "POST /api/orders/cde17155-e62d-4a47-902e-bff1123ba244/payments HTTP/1.1" 202 96 "-" "k6/0.54.0 (https://k6.io/)"
nginx-1           | 172.20.0.13 - - [12/Sep/2026:11:31:20 +0000] "POST /api/admissions HTTP/1.1" 202 157 "-" "k6/0.54.0 (https://k6.io/)"
nginx-1           | 172.20.0.13 - - [12/Sep/2026:11:31:20 +0000] "GET /api/admissions/0cd5a9e4b1f5ead0fc3a6413fe48b3d951f308f78a7cbcb3aa276755bdf3d192 HTTP/1.1" 200 569 "-" "k6/0.54.0 (https://k6.io/)"
checkout-nginx-1  | 172.20.0.13 - - [12/Sep/2026:11:31:26 +0000] "POST /api/purchases HTTP/1.1" 201 261 "-" "k6/0.54.0 (https://k6.io/)"
checkout-nginx-1  | 172.20.0.13 - - [12/Sep/2026:11:31:26 +0000] "POST /api/orders/2a818ce2-8785-48f8-94dd-7d8aca041999/payments HTTP/1.1" 202 96 "-" "k6/0.54.0 (https://k6.io/)"
payment-1         | 	at java.base/java.lang.reflect.Method.invoke(Unknown Source) ~[na:na]
payment-1         | 	at org.springframework.web.method.support.InvocableHandlerMethod.doInvoke(InvocableHandlerMethod.java:258) ~[spring-web-6.2.19.jar!/:6.2.19]
payment-1         | 	at org.springframework.web.method.support.InvocableHandlerMethod.invokeForRequest(InvocableHandlerMethod.java:191) ~[spring-web-6.2.19.jar!/:6.2.19]
checkout-nginx-1  | 172.20.0.13 - - [12/Sep/2026:11:31:26 +0000] "POST /api/purchases HTTP/1.1" 201 261 "-" "k6/0.54.0 (https://k6.io/)"
checkout-nginx-1  | 172.20.0.13 - - [12/Sep/2026:11:31:26 +0000] "POST /api/orders/bb158019-c859-4c8d-a2b9-a71930612d9b/payments HTTP/1.1" 202 96 "-" "k6/0.54.0 (https://k6.io/)"
checkout-nginx-1  | 172.20.0.13 - - [12/Sep/2026:11:31:26 +0000] "POST /api/purchases HTTP/1.1" 201 261 "-" "k6/0.54.0 (https://k6.io/)"
payment-1         | 	at org.springframework.web.servlet.mvc.method.annotation.ServletInvocableHandlerMethod.invokeAndHandle(ServletInvocableHandlerMethod.java:118) ~[spring-webmvc-6.2.19.jar!/:6.2.19]
payment-1         | 	at org.springframework.web.servlet.mvc.method.annotation.RequestMappingHandlerAdapter.invokeHandlerMethod(RequestMappingHandlerAdapter.java:991) ~[spring-webmvc-6.2.19.jar!/:6.2.19]
payment-1         | 	at org.springframework.web.servlet.mvc.method.annotation.RequestMappingHandlerAdapter.handleInternal(RequestMappingHandlerAdapter.java:896) ~[spring-webmvc-6.2.19.jar!/:6.2.19]
checkout-nginx-1  | 172.20.0.13 - - [12/Sep/2026:11:31:26 +0000] "POST /api/orders/727e0f12-789c-42ef-b264-d4be9b8d3768/payments HTTP/1.1" 202 96 "-" "k6/0.54.0 (https://k6.io/)"
checkout-nginx-1  | 172.20.0.13 - - [12/Sep/2026:11:31:26 +0000] "POST /api/purchases HTTP/1.1" 201 261 "-" "k6/0.54.0 (https://k6.io/)"
payment-1         | 	at org.springframework.web.servlet.mvc.method.AbstractHandlerMethodAdapter.handle(AbstractHandlerMethodAdapter.java:87) ~[spring-webmvc-6.2.19.jar!/:6.2.19]
nginx-1           | 172.20.0.13 - - [12/Sep/2026:11:31:20 +0000] "GET /api/admissions/7cd70fb2e70b5ab870f5410b196125c49020bb2a944ed5a03f43ea905eb663a0 HTTP/1.1" 200 569 "-" "k6/0.54.0 (https://k6.io/)"
payment-1         | 	at org.springframework.web.servlet.DispatcherServlet.doDispatch(DispatcherServlet.java:1089) ~[spring-webmvc-6.2.19.jar!/:6.2.19]
checkout-nginx-1  | 172.20.0.13 - - [12/Sep/2026:11:31:26 +0000] "POST /api/orders/b48b5533-45ff-4caf-b306-e6b8108064f1/payments HTTP/1.1" 202 96 "-" "k6/0.54.0 (https://k6.io/)"
checkout-nginx-1  | 172.20.0.13 - - [12/Sep/2026:11:31:26 +0000] "POST /api/purchases HTTP/1.1" 201 261 "-" "k6/0.54.0 (https://k6.io/)"
checkout-nginx-1  | 172.20.0.13 - - [12/Sep/2026:11:31:26 +0000] "POST /api/orders/54b9fc47-2356-4f84-bef3-0b94bd8f421c/payments HTTP/1.1" 202 96 "-" "k6/0.54.0 (https://k6.io/)"
payment-1         | 	at org.springframework.web.servlet.DispatcherServlet.doService(DispatcherServlet.java:979) ~[spring-webmvc-6.2.19.jar!/:6.2.19]
payment-1         | 	at org.springframework.web.servlet.FrameworkServlet.processRequest(FrameworkServlet.java:1014) ~[spring-webmvc-6.2.19.jar!/:6.2.19]
payment-1         | 	at org.springframework.web.servlet.FrameworkServlet.doPost(FrameworkServlet.java:914) ~[spring-webmvc-6.2.19.jar!/:6.2.19]
payment-1         | 	at jakarta.servlet.http.HttpServlet.service(HttpServlet.java:590) ~[tomcat-embed-core-10.1.55.jar!/:na]
payment-1         | 	at org.springframework.web.servlet.FrameworkServlet.service(FrameworkServlet.java:885) ~[spring-webmvc-6.2.19.jar!/:6.2.19]
payment-1         | 	at jakarta.servlet.http.HttpServlet.service(HttpServlet.java:658) ~[tomcat-embed-core-10.1.55.jar!/:na]
checkout-nginx-1  | 172.20.0.13 - - [12/Sep/2026:11:31:26 +0000] "POST /api/purchases HTTP/1.1" 201 261 "-" "k6/0.54.0 (https://k6.io/)"
checkout-nginx-1  | 172.20.0.13 - - [12/Sep/2026:11:31:26 +0000] "POST /api/orders/67acd7e3-ad15-45b2-985a-8f7a242dce94/payments HTTP/1.1" 202 96 "-" "k6/0.54.0 (https://k6.io/)"
checkout-nginx-1  | 172.20.0.13 - - [12/Sep/2026:11:31:26 +0000] "POST /api/purchases HTTP/1.1" 201 261 "-" "k6/0.54.0 (https://k6.io/)"
checkout-nginx-1  | 172.20.0.13 - - [12/Sep/2026:11:31:26 +0000] "POST /api/orders/ec996ace-2332-49df-b457-1a78c9cb3988/payments HTTP/1.1" 202 96 "-" "k6/0.54.0 (https://k6.io/)"
checkout-nginx-1  | 172.20.0.13 - - [12/Sep/2026:11:31:27 +0000] "POST /api/purchases HTTP/1.1" 201 261 "-" "k6/0.54.0 (https://k6.io/)"
checkout-nginx-1  | 172.20.0.13 - - [12/Sep/2026:11:31:27 +0000] "POST /api/orders/11d8325a-322f-471c-b4c6-76a9a4167932/payments HTTP/1.1" 202 96 "-" "k6/0.54.0 (https://k6.io/)"
nginx-1           | 172.20.0.13 - - [12/Sep/2026:11:31:20 +0000] "POST /api/admissions HTTP/1.1" 202 157 "-" "k6/0.54.0 (https://k6.io/)"
nginx-1           | 172.20.0.13 - - [12/Sep/2026:11:31:20 +0000] "GET /api/admissions/6221182f791d4a387a474548e742115b7d5d09a4a80832023578c15c81794bf6 HTTP/1.1" 200 569 "-" "k6/0.54.0 (https://k6.io/)"
nginx-1           | 172.20.0.13 - - [12/Sep/2026:11:31:20 +0000] "POST /api/admissions HTTP/1.1" 202 157 "-" "k6/0.54.0 (https://k6.io/)"
nginx-1           | 172.20.0.13 - - [12/Sep/2026:11:31:20 +0000] "GET /api/admissions/41f10d6bc36e7138515ce2eece58370c795a0713df83d0161245e1d949864f41 HTTP/1.1" 200 569 "-" "k6/0.54.0 (https://k6.io/)"
payment-1         | 	at org.apache.catalina.core.ApplicationFilterChain.internalDoFilter(ApplicationFilterChain.java:193) ~[tomcat-embed-core-10.1.55.jar!/:na]
nginx-1           | 172.20.0.13 - - [12/Sep/2026:11:31:20 +0000] "GET /api/admissions/361083009bb8066c99c7adb55c94a28defc3b3eb18887e9ae9161d7547be4e78 HTTP/1.1" 200 569 "-" "k6/0.54.0 (https://k6.io/)"
checkout-nginx-1  | 172.20.0.13 - - [12/Sep/2026:11:31:27 +0000] "POST /api/purchases HTTP/1.1" 201 261 "-" "k6/0.54.0 (https://k6.io/)"
checkout-nginx-1  | 172.20.0.13 - - [12/Sep/2026:11:31:27 +0000] "POST /api/orders/1df3c315-da07-4d5e-ad20-eab8924c2003/payments HTTP/1.1" 202 96 "-" "k6/0.54.0 (https://k6.io/)"
nginx-1           | 172.20.0.13 - - [12/Sep/2026:11:31:20 +0000] "GET /api/admissions/4031f95497e44e8675fc41b510038589f7e66a57d709f2d614d8917677996384 HTTP/1.1" 200 157 "-" "k6/0.54.0 (https://k6.io/)"
nginx-1           | 172.20.0.13 - - [12/Sep/2026:11:31:20 +0000] "POST /api/admissions HTTP/1.1" 202 157 "-" "k6/0.54.0 (https://k6.io/)"
payment-1         | 	at org.apache.catalina.core.ApplicationFilterChain.doFilter(ApplicationFilterChain.java:138) ~[tomcat-embed-core-10.1.55.jar!/:na]
payment-1         | 	at org.apache.tomcat.websocket.server.WsFilter.doFilter(WsFilter.java:51) ~[tomcat-embed-websocket-10.1.55.jar!/:na]
nginx-1           | 172.20.0.13 - - [12/Sep/2026:11:31:20 +0000] "POST /api/admissions HTTP/1.1" 202 157 "-" "k6/0.54.0 (https://k6.io/)"
payment-1         | 	at org.apache.catalina.core.ApplicationFilterChain.internalDoFilter(ApplicationFilterChain.java:162) ~[tomcat-embed-core-10.1.55.jar!/:na]
nginx-1           | 172.20.0.13 - - [12/Sep/2026:11:31:20 +0000] "GET /api/admissions/8ee8222f459ddaa925f8e41cb595c51623a5e995b204eda51cbde1160c9b2843 HTTP/1.1" 200 569 "-" "k6/0.54.0 (https://k6.io/)"
nginx-1           | 172.20.0.13 - - [12/Sep/2026:11:31:20 +0000] "GET /api/admissions/338913c947012bf73bd4dd43e3c4996d460ff3f22a0ea66b53f1a8ae4ea9a62d HTTP/1.1" 200 157 "-" "k6/0.54.0 (https://k6.io/)"
payment-1         | 	at org.apache.catalina.core.ApplicationFilterChain.doFilter(ApplicationFilterChain.java:138) ~[tomcat-embed-core-10.1.55.jar!/:na]
payment-1         | 	at org.springframework.web.filter.RequestContextFilter.doFilterInternal(RequestContextFilter.java:100) ~[spring-web-6.2.19.jar!/:6.2.19]
payment-1         | 	at org.springframework.web.filter.OncePerRequestFilter.doFilter(OncePerRequestFilter.java:116) ~[spring-web-6.2.19.jar!/:6.2.19]
nginx-1           | 172.20.0.13 - - [12/Sep/2026:11:31:20 +0000] "GET /api/admissions/06793e871e39d6d26fe1f5a4c3be5062bc5f8c4e769e7ffc855b7ecaab4dcd0d HTTP/1.1" 200 157 "-" "k6/0.54.0 (https://k6.io/)"
nginx-1           | 172.20.0.13 - - [12/Sep/2026:11:31:20 +0000] "POST /api/admissions HTTP/1.1" 202 157 "-" "k6/0.54.0 (https://k6.io/)"
nginx-1           | 172.20.0.13 - - [12/Sep/2026:11:31:20 +0000] "GET /api/admissions/a055d55ff806a18b6b5f76bad4845f7f64664a1f7a365d4be482fbacf3ee271f HTTP/1.1" 200 569 "-" "k6/0.54.0 (https://k6.io/)"
checkout-nginx-1  | 172.20.0.13 - - [12/Sep/2026:11:31:27 +0000] "POST /api/purchases HTTP/1.1" 201 261 "-" "k6/0.54.0 (https://k6.io/)"
checkout-nginx-1  | 172.20.0.13 - - [12/Sep/2026:11:31:27 +0000] "POST /api/orders/180bb67b-2479-4d32-874e-8c1346064544/payments HTTP/1.1" 202 96 "-" "k6/0.54.0 (https://k6.io/)"
payment-1         | 	at org.apache.catalina.core.ApplicationFilterChain.internalDoFilter(ApplicationFilterChain.java:162) ~[tomcat-embed-core-10.1.55.jar!/:na]
payment-1         | 	at org.apache.catalina.core.ApplicationFilterChain.doFilter(ApplicationFilterChain.java:138) ~[tomcat-embed-core-10.1.55.jar!/:na]
payment-1         | 	at org.springframework.web.filter.FormContentFilter.doFilterInternal(FormContentFilter.java:93) ~[spring-web-6.2.19.jar!/:6.2.19]
payment-1         | 	at org.springframework.web.filter.OncePerRequestFilter.doFilter(OncePerRequestFilter.java:116) ~[spring-web-6.2.19.jar!/:6.2.19]
payment-1         | 	at org.apache.catalina.core.ApplicationFilterChain.internalDoFilter(ApplicationFilterChain.java:162) ~[tomcat-embed-core-10.1.55.jar!/:na]
checkout-nginx-1  | 172.20.0.13 - - [12/Sep/2026:11:31:27 +0000] "POST /api/purchases HTTP/1.1" 201 261 "-" "k6/0.54.0 (https://k6.io/)"
checkout-nginx-1  | 172.20.0.13 - - [12/Sep/2026:11:31:27 +0000] "POST /api/orders/82a653ec-1a27-44f8-996c-76fa0a15cd00/payments HTTP/1.1" 202 96 "-" "k6/0.54.0 (https://k6.io/)"
payment-1         | 	at org.apache.catalina.core.ApplicationFilterChain.doFilter(ApplicationFilterChain.java:138) ~[tomcat-embed-core-10.1.55.jar!/:na]
payment-1         | 	at org.springframework.web.filter.ServerHttpObservationFilter.doFilterInternal(ServerHttpObservationFilter.java:110) ~[spring-web-6.2.19.jar!/:6.2.19]
payment-1         | 	at org.springframework.web.filter.OncePerRequestFilter.doFilter(OncePerRequestFilter.java:116) ~[spring-web-6.2.19.jar!/:6.2.19]
nginx-1           | 172.20.0.13 - - [12/Sep/2026:11:31:20 +0000] "POST /api/admissions HTTP/1.1" 202 157 "-" "k6/0.54.0 (https://k6.io/)"
nginx-1           | 172.20.0.13 - - [12/Sep/2026:11:31:20 +0000] "GET /api/admissions/b10c8d3d4d2bdf3bb7c4ba7af0eec4f77311a9435ad0ed8b81edf3a8142882df HTTP/1.1" 200 569 "-" "k6/0.54.0 (https://k6.io/)"
nginx-1           | 172.20.0.13 - - [12/Sep/2026:11:31:20 +0000] "GET /api/admissions/c401ce2f2e42982aab4755fac486563b6ee172e97b67bb3cbea88b4c14080f10 HTTP/1.1" 200 157 "-" "k6/0.54.0 (https://k6.io/)"
nginx-1           | 172.20.0.13 - - [12/Sep/2026:11:31:21 +0000] "GET /api/admissions/cbdfe38864a871ddad5b20816860b3af2aa822a3501eb1b1db6bcb16ecab35ef HTTP/1.1" 200 157 "-" "k6/0.54.0 (https://k6.io/)"
nginx-1           | 172.20.0.13 - - [12/Sep/2026:11:31:21 +0000] "POST /api/admissions HTTP/1.1" 202 157 "-" "k6/0.54.0 (https://k6.io/)"
nginx-1           | 172.20.0.13 - - [12/Sep/2026:11:31:21 +0000] "GET /api/admissions/a741b45642e1adb886a1d56e0060ecfd2391c133e0f6f3081cbc241432ed7ba9 HTTP/1.1" 200 569 "-" "k6/0.54.0 (https://k6.io/)"
nginx-1           | 172.20.0.13 - - [12/Sep/2026:11:31:21 +0000] "GET /api/admissions/fea24d6f26ab3027e7f7025fb34ba42891a981ad605e1a98e5f95a8d621524ca HTTP/1.1" 200 157 "-" "k6/0.54.0 (https://k6.io/)"
nginx-1           | 172.20.0.13 - - [12/Sep/2026:11:31:21 +0000] "GET /api/admissions/52168abdc4a0ff0700cb98a9bf78152e6756f701c0192911ebeb971afdba83d7 HTTP/1.1" 200 157 "-" "k6/0.54.0 (https://k6.io/)"
nginx-1           | 172.20.0.13 - - [12/Sep/2026:11:31:21 +0000] "POST /api/admissions HTTP/1.1" 202 157 "-" "k6/0.54.0 (https://k6.io/)"
payment-1         | 	at org.apache.catalina.core.ApplicationFilterChain.internalDoFilter(ApplicationFilterChain.java:162) ~[tomcat-embed-core-10.1.55.jar!/:na]
payment-1         | 	at org.apache.catalina.core.ApplicationFilterChain.doFilter(ApplicationFilterChain.java:138) ~[tomcat-embed-core-10.1.55.jar!/:na]
payment-1         | 	at org.springframework.web.filter.CharacterEncodingFilter.doFilterInternal(CharacterEncodingFilter.java:201) ~[spring-web-6.2.19.jar!/:6.2.19]
checkout-nginx-1  | 172.20.0.13 - - [12/Sep/2026:11:31:27 +0000] "POST /api/purchases HTTP/1.1" 201 261 "-" "k6/0.54.0 (https://k6.io/)"
payment-1         | 	at org.springframework.web.filter.OncePerRequestFilter.doFilter(OncePerRequestFilter.java:116) ~[spring-web-6.2.19.jar!/:6.2.19]
payment-1         | 	at org.apache.catalina.core.ApplicationFilterChain.internalDoFilter(ApplicationFilterChain.java:162) ~[tomcat-embed-core-10.1.55.jar!/:na]
payment-1         | 	at org.apache.catalina.core.ApplicationFilterChain.doFilter(ApplicationFilterChain.java:138) ~[tomcat-embed-core-10.1.55.jar!/:na]
payment-1         | 	at org.apache.catalina.core.StandardWrapperValve.invoke(StandardWrapperValve.java:165) ~[tomcat-embed-core-10.1.55.jar!/:na]
nginx-1           | 172.20.0.13 - - [12/Sep/2026:11:31:21 +0000] "GET /api/admissions/61bc70f9f71866fd93870b835cd07537eeb2474fbe0e7cf9096a59526b938712 HTTP/1.1" 200 569 "-" "k6/0.54.0 (https://k6.io/)"
nginx-1           | 172.20.0.13 - - [12/Sep/2026:11:31:21 +0000] "POST /api/admissions HTTP/1.1" 202 157 "-" "k6/0.54.0 (https://k6.io/)"
checkout-nginx-1  | 172.20.0.13 - - [12/Sep/2026:11:31:27 +0000] "POST /api/orders/48bc8aa2-063a-4ebb-9746-7c53d6094bb0/payments HTTP/1.1" 202 96 "-" "k6/0.54.0 (https://k6.io/)"
nginx-1           | 172.20.0.13 - - [12/Sep/2026:11:31:21 +0000] "GET /api/admissions/3dedc299230eaddb7b78ebf0e947c8b5923b869c5b54f56e09e968bc8f45fb20 HTTP/1.1" 200 569 "-" "k6/0.54.0 (https://k6.io/)"
nginx-1           | 172.20.0.13 - - [12/Sep/2026:11:31:21 +0000] "POST /api/admissions HTTP/1.1" 202 157 "-" "k6/0.54.0 (https://k6.io/)"
nginx-1           | 172.20.0.13 - - [12/Sep/2026:11:31:21 +0000] "GET /api/admissions/5279641288e632712c86b35625c2985760c871e97df66463fd22b939a8bc6ec6 HTTP/1.1" 200 569 "-" "k6/0.54.0 (https://k6.io/)"
nginx-1           | 172.20.0.13 - - [12/Sep/2026:11:31:21 +0000] "GET /api/admissions/49d0b0076a587e7261420d6ae3699e8070993845f19b1b4787064be486349364 HTTP/1.1" 200 569 "-" "k6/0.54.0 (https://k6.io/)"
nginx-1           | 172.20.0.13 - - [12/Sep/2026:11:31:21 +0000] "POST /api/admissions HTTP/1.1" 202 157 "-" "k6/0.54.0 (https://k6.io/)"
payment-1         | 	at org.apache.catalina.core.StandardContextValve.invoke(StandardContextValve.java:88) ~[tomcat-embed-core-10.1.55.jar!/:na]
payment-1         | 	at org.apache.catalina.authenticator.AuthenticatorBase.invoke(AuthenticatorBase.java:492) ~[tomcat-embed-core-10.1.55.jar!/:na]
payment-1         | 	at org.apache.catalina.core.StandardHostValve.invoke(StandardHostValve.java:113) ~[tomcat-embed-core-10.1.55.jar!/:na]
payment-1         | 	at org.apache.catalina.valves.ErrorReportValve.invoke(ErrorReportValve.java:83) ~[tomcat-embed-core-10.1.55.jar!/:na]
nginx-1           | 172.20.0.13 - - [12/Sep/2026:11:31:21 +0000] "GET /api/admissions/9f2a3460b6eaed4982984da3d4e7446f44f2963f95efdcf93423e4855c3e0f66 HTTP/1.1" 200 569 "-" "k6/0.54.0 (https://k6.io/)"
nginx-1           | 172.20.0.13 - - [12/Sep/2026:11:31:21 +0000] "POST /api/admissions HTTP/1.1" 202 157 "-" "k6/0.54.0 (https://k6.io/)"
nginx-1           | 172.20.0.13 - - [12/Sep/2026:11:31:21 +0000] "POST /api/admissions HTTP/1.1" 202 157 "-" "k6/0.54.0 (https://k6.io/)"
payment-1         | 	at org.apache.catalina.core.StandardEngineValve.invoke(StandardEngineValve.java:72) ~[tomcat-embed-core-10.1.55.jar!/:na]
payment-1         | 	at org.apache.catalina.connector.CoyoteAdapter.service(CoyoteAdapter.java:342) ~[tomcat-embed-core-10.1.55.jar!/:na]
payment-1         | 	at org.apache.coyote.http11.Http11Processor.service(Http11Processor.java:399) ~[tomcat-embed-core-10.1.55.jar!/:na]
nginx-1           | 172.20.0.13 - - [12/Sep/2026:11:31:21 +0000] "POST /api/admissions HTTP/1.1" 202 157 "-" "k6/0.54.0 (https://k6.io/)"
nginx-1           | 172.20.0.13 - - [12/Sep/2026:11:31:21 +0000] "GET /api/admissions/7b426c3fb03e57522bacff0c108e702543144bf9a9a2380bbec8f1841191813c HTTP/1.1" 200 569 "-" "k6/0.54.0 (https://k6.io/)"
nginx-1           | 172.20.0.13 - - [12/Sep/2026:11:31:21 +0000] "GET /api/admissions/58a128bb6397ddbfed47cd70cd244443599b46071eedf4c57cef9a5c1249c64c HTTP/1.1" 200 157 "-" "k6/0.54.0 (https://k6.io/)"
nginx-1           | 172.20.0.13 - - [12/Sep/2026:11:31:21 +0000] "GET /api/admissions/4031f95497e44e8675fc41b510038589f7e66a57d709f2d614d8917677996384 HTTP/1.1" 200 569 "-" "k6/0.54.0 (https://k6.io/)"
payment-1         | 	at org.apache.coyote.AbstractProcessorLight.process(AbstractProcessorLight.java:63) ~[tomcat-embed-core-10.1.55.jar!/:na]
nginx-1           | 172.20.0.13 - - [12/Sep/2026:11:31:21 +0000] "POST /api/admissions HTTP/1.1" 202 157 "-" "k6/0.54.0 (https://k6.io/)"
nginx-1           | 172.20.0.13 - - [12/Sep/2026:11:31:21 +0000] "GET /api/admissions/fd26996651d97dd4b02f575902c381e4a8e9c7e8c8f731a686ac2b7b2e35f14e HTTP/1.1" 200 157 "-" "k6/0.54.0 (https://k6.io/)"
nginx-1           | 172.20.0.13 - - [12/Sep/2026:11:31:21 +0000] "GET /api/admissions/06793e871e39d6d26fe1f5a4c3be5062bc5f8c4e769e7ffc855b7ecaab4dcd0d HTTP/1.1" 200 569 "-" "k6/0.54.0 (https://k6.io/)"
nginx-1           | 172.20.0.13 - - [12/Sep/2026:11:31:21 +0000] "POST /api/admissions HTTP/1.1" 202 157 "-" "k6/0.54.0 (https://k6.io/)"
nginx-1           | 172.20.0.13 - - [12/Sep/2026:11:31:21 +0000] "GET /api/admissions/338913c947012bf73bd4dd43e3c4996d460ff3f22a0ea66b53f1a8ae4ea9a62d HTTP/1.1" 200 569 "-" "k6/0.54.0 (https://k6.io/)"
payment-1         | 	at org.apache.coyote.AbstractProtocol$ConnectionHandler.process(AbstractProtocol.java:1272) ~[tomcat-embed-core-10.1.55.jar!/:na]
payment-1         | 	at org.apache.tomcat.util.net.NioEndpoint$SocketProcessor.doRun(NioEndpoint.java:1797) ~[tomcat-embed-core-10.1.55.jar!/:na]
nginx-1           | 172.20.0.13 - - [12/Sep/2026:11:31:21 +0000] "GET /api/admissions/61553ea7ebb50c85bfb0dbe7db387366804372f5e8cfcc52fa922cbdba4c018a HTTP/1.1" 200 157 "-" "k6/0.54.0 (https://k6.io/)"
nginx-1           | 172.20.0.13 - - [12/Sep/2026:11:31:22 +0000] "POST /api/admissions HTTP/1.1" 202 157 "-" "k6/0.54.0 (https://k6.io/)"
nginx-1           | 172.20.0.13 - - [12/Sep/2026:11:31:22 +0000] "GET /api/admissions/52168abdc4a0ff0700cb98a9bf78152e6756f701c0192911ebeb971afdba83d7 HTTP/1.1" 200 569 "-" "k6/0.54.0 (https://k6.io/)"
nginx-1           | 172.20.0.13 - - [12/Sep/2026:11:31:22 +0000] "GET /api/admissions/c401ce2f2e42982aab4755fac486563b6ee172e97b67bb3cbea88b4c14080f10 HTTP/1.1" 200 157 "-" "k6/0.54.0 (https://k6.io/)"
nginx-1           | 172.20.0.13 - - [12/Sep/2026:11:31:22 +0000] "POST /api/admissions HTTP/1.1" 202 157 "-" "k6/0.54.0 (https://k6.io/)"
nginx-1           | 172.20.0.13 - - [12/Sep/2026:11:31:22 +0000] "GET /api/admissions/2efdb36e6bf57bc00bd4c76711e3d6764ddf790106ce596a78d49f778aa82f76 HTTP/1.1" 200 569 "-" "k6/0.54.0 (https://k6.io/)"
nginx-1           | 172.20.0.13 - - [12/Sep/2026:11:31:22 +0000] "GET /api/admissions/3e926e5cd89da305a979310ecd45abe304c3e517a4484f73ad52ab79571a484c HTTP/1.1" 200 157 "-" "k6/0.54.0 (https://k6.io/)"
nginx-1           | 172.20.0.13 - - [12/Sep/2026:11:31:22 +0000] "GET /api/admissions/cbdfe38864a871ddad5b20816860b3af2aa822a3501eb1b1db6bcb16ecab35ef HTTP/1.1" 200 157 "-" "k6/0.54.0 (https://k6.io/)"
nginx-1           | 172.20.0.13 - - [12/Sep/2026:11:31:22 +0000] "POST /api/admissions HTTP/1.1" 202 157 "-" "k6/0.54.0 (https://k6.io/)"
nginx-1           | 172.20.0.13 - - [12/Sep/2026:11:31:22 +0000] "GET /api/admissions/d5d7fc0d6920f972de2f60ae6a37096b4498d6004b750a10f9aab972dbaf2752 HTTP/1.1" 200 569 "-" "k6/0.54.0 (https://k6.io/)"
nginx-1           | 172.20.0.13 - - [12/Sep/2026:11:31:22 +0000] "GET /api/admissions/fea24d6f26ab3027e7f7025fb34ba42891a981ad605e1a98e5f95a8d621524ca HTTP/1.1" 200 569 "-" "k6/0.54.0 (https://k6.io/)"
nginx-1           | 172.20.0.13 - - [12/Sep/2026:11:31:22 +0000] "POST /api/admissions HTTP/1.1" 202 157 "-" "k6/0.54.0 (https://k6.io/)"
nginx-1           | 172.20.0.13 - - [12/Sep/2026:11:31:22 +0000] "GET /api/admissions/fb2695d4681ca9e4dad4de36df430aec7e942e35da0cc27e3d8cd05e6c906a07 HTTP/1.1" 200 569 "-" "k6/0.54.0 (https://k6.io/)"
nginx-1           | 172.20.0.13 - - [12/Sep/2026:11:31:22 +0000] "POST /api/admissions HTTP/1.1" 202 157 "-" "k6/0.54.0 (https://k6.io/)"
nginx-1           | 172.20.0.13 - - [12/Sep/2026:11:31:22 +0000] "GET /api/admissions/b22d072144656646a7e0454f651e683ed511c08ff73ded071c6f7232de871510 HTTP/1.1" 200 569 "-" "k6/0.54.0 (https://k6.io/)"
payment-1         | 	at org.apache.tomcat.util.net.SocketProcessorBase.run(SocketProcessorBase.java:52) ~[tomcat-embed-core-10.1.55.jar!/:na]
payment-1         | 	at org.apache.tomcat.util.threads.ThreadPoolExecutor.runWorker(ThreadPoolExecutor.java:973) ~[tomcat-embed-core-10.1.55.jar!/:na]
payment-1         | 	at org.apache.tomcat.util.threads.ThreadPoolExecutor$Worker.run(ThreadPoolExecutor.java:491) ~[tomcat-embed-core-10.1.55.jar!/:na]
payment-1         | 	at org.apache.tomcat.util.threads.TaskThread$WrappingRunnable.run(TaskThread.java:63) ~[tomcat-embed-core-10.1.55.jar!/:na]
payment-1         | 	at java.base/java.lang.Thread.run(Unknown Source) ~[na:na]
payment-1         | 
payment-1         | 2026-09-12T11:30:55.967Z  WARN 1 --- [limited-goods] [io-8080-exec-12] o.h.engine.jdbc.spi.SqlExceptionHelper   : SQL Error: 0, SQLState: null
payment-1         | 2026-09-12T11:30:55.967Z ERROR 1 --- [limited-goods] [io-8080-exec-12] o.h.engine.jdbc.spi.SqlExceptionHelper   : HikariPool-1 - Connection is not available, request timed out after 1000ms (total=4, active=4, idle=0, waiting=1)
nginx-1           | 172.20.0.13 - - [12/Sep/2026:11:31:22 +0000] "GET /api/admissions/5c23e21cafac91e0063d66e4444a3aa65893e9e4a888823057416d22305d7244 HTTP/1.1" 200 157 "-" "k6/0.54.0 (https://k6.io/)"
nginx-1           | 172.20.0.13 - - [12/Sep/2026:11:31:22 +0000] "POST /api/admissions HTTP/1.1" 202 157 "-" "k6/0.54.0 (https://k6.io/)"
nginx-1           | 172.20.0.13 - - [12/Sep/2026:11:31:22 +0000] "POST /api/admissions HTTP/1.1" 202 157 "-" "k6/0.54.0 (https://k6.io/)"
nginx-1           | 172.20.0.13 - - [12/Sep/2026:11:31:22 +0000] "POST /api/admissions HTTP/1.1" 202 157 "-" "k6/0.54.0 (https://k6.io/)"
nginx-1           | 172.20.0.13 - - [12/Sep/2026:11:31:22 +0000] "GET /api/admissions/c11af1c4d8b430bf78481d72c64cd29b752d559af1e080acd5b2e05bc4918bc3 HTTP/1.1" 200 569 "-" "k6/0.54.0 (https://k6.io/)"
nginx-1           | 172.20.0.13 - - [12/Sep/2026:11:31:22 +0000] "POST /api/admissions HTTP/1.1" 202 157 "-" "k6/0.54.0 (https://k6.io/)"
nginx-1           | 172.20.0.13 - - [12/Sep/2026:11:31:22 +0000] "GET /api/admissions/42ab2244a97c3978c3c534c8e52df9959187698e512bf555501324d56be7b863 HTTP/1.1" 200 569 "-" "k6/0.54.0 (https://k6.io/)"
nginx-1           | 172.20.0.13 - - [12/Sep/2026:11:31:22 +0000] "GET /api/admissions/9e82677e45579c20600b35804d832ea4d02284cc5ef1d2794013eb6f59ab9115 HTTP/1.1" 200 157 "-" "k6/0.54.0 (https://k6.io/)"
nginx-1           | 172.20.0.13 - - [12/Sep/2026:11:31:22 +0000] "GET /api/admissions/a25986f9a20e10147711d252ef2ab978226c2a314241e7a70ea5b59e4ee9783a HTTP/1.1" 200 569 "-" "k6/0.54.0 (https://k6.io/)"
nginx-1           | 172.20.0.13 - - [12/Sep/2026:11:31:22 +0000] "POST /api/admissions HTTP/1.1" 202 157 "-" "k6/0.54.0 (https://k6.io/)"
nginx-1           | 172.20.0.13 - - [12/Sep/2026:11:31:23 +0000] "POST /api/admissions HTTP/1.1" 202 157 "-" "k6/0.54.0 (https://k6.io/)"
payment-1         | 2026-09-12T11:30:55.968Z ERROR 1 --- [limited-goods] [io-8080-exec-12] o.a.c.c.C.[.[.[/].[dispatcherServlet]    : Servlet.service() for servlet [dispatcherServlet] in context with path [] threw exception [Request processing failed: org.springframework.transaction.CannotCreateTransactionException: Could not open JPA EntityManager for transaction] with root cause
payment-1         | 
payment-1         | java.sql.SQLTransientConnectionException: HikariPool-1 - Connection is not available, request timed out after 1000ms (total=4, active=4, idle=0, waiting=1)
payment-1         | 	at com.zaxxer.hikari.pool.HikariPool.createTimeoutException(HikariPool.java:714) ~[HikariCP-6.3.3.jar!/:na]
nginx-1           | 172.20.0.13 - - [12/Sep/2026:11:31:23 +0000] "GET /api/admissions/58a128bb6397ddbfed47cd70cd244443599b46071eedf4c57cef9a5c1249c64c HTTP/1.1" 200 569 "-" "k6/0.54.0 (https://k6.io/)"
payment-1         | 	at com.zaxxer.hikari.pool.HikariPool.getConnection(HikariPool.java:184) ~[HikariCP-6.3.3.jar!/:na]
payment-1         | 	at com.zaxxer.hikari.pool.HikariPool.getConnection(HikariPool.java:142) ~[HikariCP-6.3.3.jar!/:na]
payment-1         | 	at com.zaxxer.hikari.HikariDataSource.getConnection(HikariDataSource.java:127) ~[HikariCP-6.3.3.jar!/:na]
payment-1         | 	at org.hibernate.engine.jdbc.connections.internal.DatasourceConnectionProviderImpl.getConnection(DatasourceConnectionProviderImpl.java:126) ~[hibernate-core-6.6.53.Final.jar!/:6.6.53.Final]
payment-1         | 	at org.hibernate.internal.NonContextualJdbcConnectionAccess.obtainConnection(NonContextualJdbcConnectionAccess.java:46) ~[hibernate-core-6.6.53.Final.jar!/:6.6.53.Final]
payment-1         | 	at org.hibernate.resource.jdbc.internal.LogicalConnectionManagedImpl.acquireConnectionIfNeeded(LogicalConnectionManagedImpl.java:126) ~[hibernate-core-6.6.53.Final.jar!/:6.6.53.Final]
nginx-1           | 172.20.0.13 - - [12/Sep/2026:11:31:23 +0000] "GET /api/admissions/fa28fbbc0ae0711f22a517910374db21baaaeb569d481417a6e62e03fa4eae43 HTTP/1.1" 200 157 "-" "k6/0.54.0 (https://k6.io/)"
nginx-1           | 172.20.0.13 - - [12/Sep/2026:11:31:23 +0000] "GET /api/admissions/fd26996651d97dd4b02f575902c381e4a8e9c7e8c8f731a686ac2b7b2e35f14e HTTP/1.1" 200 569 "-" "k6/0.54.0 (https://k6.io/)"
nginx-1           | 172.20.0.13 - - [12/Sep/2026:11:31:23 +0000] "GET /api/admissions/61553ea7ebb50c85bfb0dbe7db387366804372f5e8cfcc52fa922cbdba4c018a HTTP/1.1" 200 157 "-" "k6/0.54.0 (https://k6.io/)"
nginx-1           | 172.20.0.13 - - [12/Sep/2026:11:31:23 +0000] "POST /api/admissions HTTP/1.1" 202 157 "-" "k6/0.54.0 (https://k6.io/)"
nginx-1           | 172.20.0.13 - - [12/Sep/2026:11:31:23 +0000] "POST /api/admissions HTTP/1.1" 202 157 "-" "k6/0.54.0 (https://k6.io/)"
nginx-1           | 172.20.0.13 - - [12/Sep/2026:11:31:23 +0000] "GET /api/admissions/7ce101d325d9dcb1957630a704f32b643dcb78074853f388637edac2e7543ea1 HTTP/1.1" 200 569 "-" "k6/0.54.0 (https://k6.io/)"
nginx-1           | 172.20.0.13 - - [12/Sep/2026:11:31:23 +0000] "GET /api/admissions/c401ce2f2e42982aab4755fac486563b6ee172e97b67bb3cbea88b4c14080f10 HTTP/1.1" 200 157 "-" "k6/0.54.0 (https://k6.io/)"
payment-1         | 	at org.hibernate.resource.jdbc.internal.LogicalConnectionManagedImpl.getPhysicalConnection(LogicalConnectionManagedImpl.java:156) ~[hibernate-core-6.6.53.Final.jar!/:6.6.53.Final]
payment-1         | 	at org.hibernate.resource.jdbc.internal.LogicalConnectionManagedImpl.getConnectionForTransactionManagement(LogicalConnectionManagedImpl.java:286) ~[hibernate-core-6.6.53.Final.jar!/:6.6.53.Final]
nginx-1           | 172.20.0.13 - - [12/Sep/2026:11:31:23 +0000] "GET /api/admissions/3e926e5cd89da305a979310ecd45abe304c3e517a4484f73ad52ab79571a484c HTTP/1.1" 200 569 "-" "k6/0.54.0 (https://k6.io/)"
nginx-1           | 172.20.0.13 - - [12/Sep/2026:11:31:23 +0000] "POST /api/admissions HTTP/1.1" 202 157 "-" "k6/0.54.0 (https://k6.io/)"
payment-1         | 	at org.hibernate.resource.jdbc.internal.LogicalConnectionManagedImpl.begin(LogicalConnectionManagedImpl.java:294) ~[hibernate-core-6.6.53.Final.jar!/:6.6.53.Final]
payment-1         | 	at org.hibernate.resource.transaction.backend.jdbc.internal.JdbcResourceLocalTransactionCoordinatorImpl$TransactionDriverControlImpl.begin(JdbcResourceLocalTransactionCoordinatorImpl.java:232) ~[hibernate-core-6.6.53.Final.jar!/:6.6.53.Final]
payment-1         | 	at org.hibernate.engine.transaction.internal.TransactionImpl.begin(TransactionImpl.java:83) ~[hibernate-core-6.6.53.Final.jar!/:6.6.53.Final]
payment-1         | 	at org.springframework.orm.jpa.vendor.HibernateJpaDialect.beginTransaction(HibernateJpaDialect.java:176) ~[spring-orm-6.2.19.jar!/:6.2.19]
payment-1         | 	at org.springframework.orm.jpa.JpaTransactionManager.doBegin(JpaTransactionManager.java:421) ~[spring-orm-6.2.19.jar!/:6.2.19]
nginx-1           | 172.20.0.13 - - [12/Sep/2026:11:31:23 +0000] "GET /api/admissions/cbdfe38864a871ddad5b20816860b3af2aa822a3501eb1b1db6bcb16ecab35ef HTTP/1.1" 200 569 "-" "k6/0.54.0 (https://k6.io/)"
nginx-1           | 172.20.0.13 - - [12/Sep/2026:11:31:23 +0000] "GET /api/admissions/e51b60d7ae91b8bfd99aeb6c04e8e5768a22f50333af802ebf513038baf84c45 HTTP/1.1" 200 157 "-" "k6/0.54.0 (https://k6.io/)"
nginx-1           | 172.20.0.13 - - [12/Sep/2026:11:31:23 +0000] "GET /api/admissions/dbc1af5e0682c3ca554aeb01613bd4470d363439246e7552da42988fdb92140d HTTP/1.1" 200 157 "-" "k6/0.54.0 (https://k6.io/)"
nginx-1           | 172.20.0.13 - - [12/Sep/2026:11:31:23 +0000] "GET /api/admissions/fa0bcef1ebf2121e8b9c55543e6bf234ea79d674a9be97d2753c1507f4f653da HTTP/1.1" 200 569 "-" "k6/0.54.0 (https://k6.io/)"
nginx-1           | 172.20.0.13 - - [12/Sep/2026:11:31:23 +0000] "POST /api/admissions HTTP/1.1" 202 157 "-" "k6/0.54.0 (https://k6.io/)"
nginx-1           | 172.20.0.13 - - [12/Sep/2026:11:31:23 +0000] "GET /api/admissions/6fc8d533d825878014c7a34976386bbcb1b3769a6329912086464c3f9488dc26 HTTP/1.1" 200 569 "-" "k6/0.54.0 (https://k6.io/)"
nginx-1           | 172.20.0.13 - - [12/Sep/2026:11:31:23 +0000] "POST /api/admissions HTTP/1.1" 202 157 "-" "k6/0.54.0 (https://k6.io/)"
payment-1         | 	at org.springframework.transaction.support.AbstractPlatformTransactionManager.startTransaction(AbstractPlatformTransactionManager.java:532) ~[spring-tx-6.2.19.jar!/:6.2.19]
payment-1         | 	at org.springframework.transaction.support.AbstractPlatformTransactionManager.getTransaction(AbstractPlatformTransactionManager.java:405) ~[spring-tx-6.2.19.jar!/:6.2.19]
payment-1         | 	at org.springframework.transaction.interceptor.TransactionAspectSupport.createTransactionIfNecessary(TransactionAspectSupport.java:639) ~[spring-tx-6.2.19.jar!/:6.2.19]
payment-1         | 	at org.springframework.transaction.interceptor.TransactionAspectSupport.invokeWithinTransaction(TransactionAspectSupport.java:374) ~[spring-tx-6.2.19.jar!/:6.2.19]
payment-1         | 	at org.springframework.transaction.interceptor.TransactionInterceptor.invoke(TransactionInterceptor.java:119) ~[spring-tx-6.2.19.jar!/:6.2.19]
nginx-1           | 172.20.0.13 - - [12/Sep/2026:11:31:23 +0000] "GET /api/admissions/728564fa2db7676e87ebd82d4282bbfb7029e9211fd945dddc11447a5a7c4e84 HTTP/1.1" 200 569 "-" "k6/0.54.0 (https://k6.io/)"
nginx-1           | 172.20.0.13 - - [12/Sep/2026:11:31:23 +0000] "POST /api/admissions HTTP/1.1" 202 157 "-" "k6/0.54.0 (https://k6.io/)"
payment-1         | 	at org.springframework.aop.framework.ReflectiveMethodInvocation.proceed(ReflectiveMethodInvocation.java:184) ~[spring-aop-6.2.19.jar!/:6.2.19]
payment-1         | 	at org.springframework.aop.framework.CglibAopProxy$DynamicAdvisedInterceptor.intercept(CglibAopProxy.java:728) ~[spring-aop-6.2.19.jar!/:6.2.19]
payment-1         | 	at com.limitedgoods.payments.PaymentService$$SpringCGLIB$$0.start(<generated>) ~[!/:0.1.0]
payment-1         | 	at com.limitedgoods.payments.PaymentController.start(PaymentController.java:19) ~[!/:0.1.0]
payment-1         | 	at java.base/jdk.internal.reflect.DirectMethodHandleAccessor.invoke(Unknown Source) ~[na:na]
payment-1         | 	at java.base/java.lang.reflect.Method.invoke(Unknown Source) ~[na:na]
payment-1         | 	at org.springframework.web.method.support.InvocableHandlerMethod.doInvoke(InvocableHandlerMethod.java:258) ~[spring-web-6.2.19.jar!/:6.2.19]
nginx-1           | 172.20.0.13 - - [12/Sep/2026:11:31:23 +0000] "GET /api/admissions/0eeb142112adf74a71e5a289089fe6fbd2e5549a2bd94cfa663e6f25dad10ee6 HTTP/1.1" 200 569 "-" "k6/0.54.0 (https://k6.io/)"
payment-1         | 	at org.springframework.web.method.support.InvocableHandlerMethod.invokeForRequest(InvocableHandlerMethod.java:191) ~[spring-web-6.2.19.jar!/:6.2.19]
nginx-1           | 172.20.0.13 - - [12/Sep/2026:11:31:23 +0000] "GET /api/admissions/5c23e21cafac91e0063d66e4444a3aa65893e9e4a888823057416d22305d7244 HTTP/1.1" 200 157 "-" "k6/0.54.0 (https://k6.io/)"
nginx-1           | 172.20.0.13 - - [12/Sep/2026:11:31:23 +0000] "POST /api/admissions HTTP/1.1" 202 157 "-" "k6/0.54.0 (https://k6.io/)"
nginx-1           | 172.20.0.13 - - [12/Sep/2026:11:31:23 +0000] "GET /api/admissions/507b8d6b7344bd6fcf8fa8802ec734e4c2d5980ae7bd7c759e64a4dcd2b3307f HTTP/1.1" 200 157 "-" "k6/0.54.0 (https://k6.io/)"
nginx-1           | 172.20.0.13 - - [12/Sep/2026:11:31:23 +0000] "POST /api/admissions HTTP/1.1" 202 157 "-" "k6/0.54.0 (https://k6.io/)"
payment-1         | 	at org.springframework.web.servlet.mvc.method.annotation.ServletInvocableHandlerMethod.invokeAndHandle(ServletInvocableHandlerMethod.java:118) ~[spring-webmvc-6.2.19.jar!/:6.2.19]
payment-1         | 	at org.springframework.web.servlet.mvc.method.annotation.RequestMappingHandlerAdapter.invokeHandlerMethod(RequestMappingHandlerAdapter.java:991) ~[spring-webmvc-6.2.19.jar!/:6.2.19]
nginx-1           | 172.20.0.13 - - [12/Sep/2026:11:31:23 +0000] "GET /api/admissions/ac8ff87be2418278be0eda921e1f4263f54bad9b9bebca7f332187829ce927f8 HTTP/1.1" 200 569 "-" "k6/0.54.0 (https://k6.io/)"
nginx-1           | 172.20.0.13 - - [12/Sep/2026:11:31:23 +0000] "POST /api/admissions HTTP/1.1" 202 157 "-" "k6/0.54.0 (https://k6.io/)"
nginx-1           | 172.20.0.13 - - [12/Sep/2026:11:31:24 +0000] "POST /api/admissions HTTP/1.1" 202 157 "-" "k6/0.54.0 (https://k6.io/)"
nginx-1           | 172.20.0.13 - - [12/Sep/2026:11:31:24 +0000] "GET /api/admissions/9e82677e45579c20600b35804d832ea4d02284cc5ef1d2794013eb6f59ab9115 HTTP/1.1" 200 569 "-" "k6/0.54.0 (https://k6.io/)"
nginx-1           | 172.20.0.13 - - [12/Sep/2026:11:31:24 +0000] "POST /api/admissions HTTP/1.1" 202 157 "-" "k6/0.54.0 (https://k6.io/)"
nginx-1           | 172.20.0.13 - - [12/Sep/2026:11:31:24 +0000] "GET /api/admissions/65de68a351b574aa876caefd395d396292f6744fc43803cb23c832ffe80fa99a HTTP/1.1" 200 569 "-" "k6/0.54.0 (https://k6.io/)"
payment-1         | 	at org.springframework.web.servlet.mvc.method.annotation.RequestMappingHandlerAdapter.handleInternal(RequestMappingHandlerAdapter.java:896) ~[spring-webmvc-6.2.19.jar!/:6.2.19]
payment-1         | 	at org.springframework.web.servlet.mvc.method.AbstractHandlerMethodAdapter.handle(AbstractHandlerMethodAdapter.java:87) ~[spring-webmvc-6.2.19.jar!/:6.2.19]
payment-1         | 	at org.springframework.web.servlet.DispatcherServlet.doDispatch(DispatcherServlet.java:1089) ~[spring-webmvc-6.2.19.jar!/:6.2.19]
nginx-1           | 172.20.0.13 - - [12/Sep/2026:11:31:24 +0000] "GET /api/admissions/fa28fbbc0ae0711f22a517910374db21baaaeb569d481417a6e62e03fa4eae43 HTTP/1.1" 200 157 "-" "k6/0.54.0 (https://k6.io/)"
payment-1         | 	at org.springframework.web.servlet.DispatcherServlet.doService(DispatcherServlet.java:979) ~[spring-webmvc-6.2.19.jar!/:6.2.19]
payment-1         | 	at org.springframework.web.servlet.FrameworkServlet.processRequest(FrameworkServlet.java:1014) ~[spring-webmvc-6.2.19.jar!/:6.2.19]
payment-1         | 	at org.springframework.web.servlet.FrameworkServlet.doPost(FrameworkServlet.java:914) ~[spring-webmvc-6.2.19.jar!/:6.2.19]
nginx-1           | 172.20.0.13 - - [12/Sep/2026:11:31:24 +0000] "POST /api/admissions HTTP/1.1" 202 157 "-" "k6/0.54.0 (https://k6.io/)"
payment-1         | 	at jakarta.servlet.http.HttpServlet.service(HttpServlet.java:590) ~[tomcat-embed-core-10.1.55.jar!/:na]
nginx-1           | 172.20.0.13 - - [12/Sep/2026:11:31:24 +0000] "GET /api/admissions/61553ea7ebb50c85bfb0dbe7db387366804372f5e8cfcc52fa922cbdba4c018a HTTP/1.1" 200 569 "-" "k6/0.54.0 (https://k6.io/)"
nginx-1           | 172.20.0.13 - - [12/Sep/2026:11:31:24 +0000] "GET /api/admissions/08100aabcb834a74446a545ce8b687e339d829547a9ad6650c1e70f219c8ac8f HTTP/1.1" 200 157 "-" "k6/0.54.0 (https://k6.io/)"
nginx-1           | 172.20.0.13 - - [12/Sep/2026:11:31:24 +0000] "POST /api/admissions HTTP/1.1" 202 157 "-" "k6/0.54.0 (https://k6.io/)"
nginx-1           | 172.20.0.13 - - [12/Sep/2026:11:31:24 +0000] "GET /api/admissions/155bb040225dda7d84c2f3068786f31899c2a679857e1539e9979d758ac54fb4 HTTP/1.1" 200 569 "-" "k6/0.54.0 (https://k6.io/)"
nginx-1           | 172.20.0.13 - - [12/Sep/2026:11:31:24 +0000] "GET /api/admissions/4fa62e47f6830d6af66606582d60fc73d69eccf7dd72708dfe553a70ec106e3d HTTP/1.1" 200 157 "-" "k6/0.54.0 (https://k6.io/)"
nginx-1           | 172.20.0.13 - - [12/Sep/2026:11:31:24 +0000] "GET /api/admissions/d1904c9f1655c01e8a2f76f68839d0891eed07f08d31ea3c9bc2e940a128c87d HTTP/1.1" 200 569 "-" "k6/0.54.0 (https://k6.io/)"
payment-1         | 	at org.springframework.web.servlet.FrameworkServlet.service(FrameworkServlet.java:885) ~[spring-webmvc-6.2.19.jar!/:6.2.19]
nginx-1           | 172.20.0.13 - - [12/Sep/2026:11:31:24 +0000] "GET /api/admissions/c401ce2f2e42982aab4755fac486563b6ee172e97b67bb3cbea88b4c14080f10 HTTP/1.1" 200 157 "-" "k6/0.54.0 (https://k6.io/)"
payment-1         | 	at jakarta.servlet.http.HttpServlet.service(HttpServlet.java:658) ~[tomcat-embed-core-10.1.55.jar!/:na]
payment-1         | 	at org.apache.catalina.core.ApplicationFilterChain.internalDoFilter(ApplicationFilterChain.java:193) ~[tomcat-embed-core-10.1.55.jar!/:na]
payment-1         | 	at org.apache.catalina.core.ApplicationFilterChain.doFilter(ApplicationFilterChain.java:138) ~[tomcat-embed-core-10.1.55.jar!/:na]
nginx-1           | 172.20.0.13 - - [12/Sep/2026:11:31:24 +0000] "GET /api/admissions/e51b60d7ae91b8bfd99aeb6c04e8e5768a22f50333af802ebf513038baf84c45 HTTP/1.1" 200 157 "-" "k6/0.54.0 (https://k6.io/)"
nginx-1           | 172.20.0.13 - - [12/Sep/2026:11:31:24 +0000] "POST /api/admissions HTTP/1.1" 202 157 "-" "k6/0.54.0 (https://k6.io/)"
nginx-1           | 172.20.0.13 - - [12/Sep/2026:11:31:24 +0000] "POST /api/admissions HTTP/1.1" 202 157 "-" "k6/0.54.0 (https://k6.io/)"
nginx-1           | 172.20.0.13 - - [12/Sep/2026:11:31:24 +0000] "GET /api/admissions/dbc1af5e0682c3ca554aeb01613bd4470d363439246e7552da42988fdb92140d HTTP/1.1" 200 569 "-" "k6/0.54.0 (https://k6.io/)"
payment-1         | 	at org.apache.tomcat.websocket.server.WsFilter.doFilter(WsFilter.java:51) ~[tomcat-embed-websocket-10.1.55.jar!/:na]
payment-1         | 	at org.apache.catalina.core.ApplicationFilterChain.internalDoFilter(ApplicationFilterChain.java:162) ~[tomcat-embed-core-10.1.55.jar!/:na]
payment-1         | 	at org.apache.catalina.core.ApplicationFilterChain.doFilter(ApplicationFilterChain.java:138) ~[tomcat-embed-core-10.1.55.jar!/:na]
payment-1         | 	at org.springframework.web.filter.RequestContextFilter.doFilterInternal(RequestContextFilter.java:100) ~[spring-web-6.2.19.jar!/:6.2.19]
payment-1         | 	at org.springframework.web.filter.OncePerRequestFilter.doFilter(OncePerRequestFilter.java:116) ~[spring-web-6.2.19.jar!/:6.2.19]
payment-1         | 	at org.apache.catalina.core.ApplicationFilterChain.internalDoFilter(ApplicationFilterChain.java:162) ~[tomcat-embed-core-10.1.55.jar!/:na]
payment-1         | 	at org.apache.catalina.core.ApplicationFilterChain.doFilter(ApplicationFilterChain.java:138) ~[tomcat-embed-core-10.1.55.jar!/:na]
payment-1         | 	at org.springframework.web.filter.FormContentFilter.doFilterInternal(FormContentFilter.java:93) ~[spring-web-6.2.19.jar!/:6.2.19]
payment-1         | 	at org.springframework.web.filter.OncePerRequestFilter.doFilter(OncePerRequestFilter.java:116) ~[spring-web-6.2.19.jar!/:6.2.19]
payment-1         | 	at org.apache.catalina.core.ApplicationFilterChain.internalDoFilter(ApplicationFilterChain.java:162) ~[tomcat-embed-core-10.1.55.jar!/:na]
payment-1         | 	at org.apache.catalina.core.ApplicationFilterChain.doFilter(ApplicationFilterChain.java:138) ~[tomcat-embed-core-10.1.55.jar!/:na]
nginx-1           | 172.20.0.13 - - [12/Sep/2026:11:31:24 +0000] "POST /api/admissions HTTP/1.1" 202 157 "-" "k6/0.54.0 (https://k6.io/)"
payment-1         | 	at org.springframework.web.filter.ServerHttpObservationFilter.doFilterInternal(ServerHttpObservationFilter.java:110) ~[spring-web-6.2.19.jar!/:6.2.19]
payment-1         | 	at org.springframework.web.filter.OncePerRequestFilter.doFilter(OncePerRequestFilter.java:116) ~[spring-web-6.2.19.jar!/:6.2.19]
payment-1         | 	at org.apache.catalina.core.ApplicationFilterChain.internalDoFilter(ApplicationFilterChain.java:162) ~[tomcat-embed-core-10.1.55.jar!/:na]
payment-1         | 	at org.apache.catalina.core.ApplicationFilterChain.doFilter(ApplicationFilterChain.java:138) ~[tomcat-embed-core-10.1.55.jar!/:na]
nginx-1           | 172.20.0.13 - - [12/Sep/2026:11:31:24 +0000] "GET /api/admissions/da71c6e1eed4723b2842376ff8c5f57b478420b4b7d1c755bded164eb6cc58e9 HTTP/1.1" 200 157 "-" "k6/0.54.0 (https://k6.io/)"
nginx-1           | 172.20.0.13 - - [12/Sep/2026:11:31:24 +0000] "GET /api/admissions/a49c601bfd46db36e6299473cb31d7a1772e20a1cf03fe17e47e0ea98d4da8f9 HTTP/1.1" 200 569 "-" "k6/0.54.0 (https://k6.io/)"
nginx-1           | 172.20.0.13 - - [12/Sep/2026:11:31:24 +0000] "GET /api/admissions/21065e2fa8e962cf829a4e7abae1ac50b263de4a4db6ae9e6565cd2a59dfad17 HTTP/1.1" 200 157 "-" "k6/0.54.0 (https://k6.io/)"
nginx-1           | 172.20.0.13 - - [12/Sep/2026:11:31:24 +0000] "POST /api/admissions HTTP/1.1" 202 157 "-" "k6/0.54.0 (https://k6.io/)"
nginx-1           | 172.20.0.13 - - [12/Sep/2026:11:31:24 +0000] "GET /api/admissions/507b8d6b7344bd6fcf8fa8802ec734e4c2d5980ae7bd7c759e64a4dcd2b3307f HTTP/1.1" 200 569 "-" "k6/0.54.0 (https://k6.io/)"
nginx-1           | 172.20.0.13 - - [12/Sep/2026:11:31:24 +0000] "POST /api/admissions HTTP/1.1" 202 157 "-" "k6/0.54.0 (https://k6.io/)"
payment-1         | 	at org.springframework.web.filter.CharacterEncodingFilter.doFilterInternal(CharacterEncodingFilter.java:201) ~[spring-web-6.2.19.jar!/:6.2.19]
nginx-1           | 172.20.0.13 - - [12/Sep/2026:11:31:24 +0000] "GET /api/admissions/5c23e21cafac91e0063d66e4444a3aa65893e9e4a888823057416d22305d7244 HTTP/1.1" 200 569 "-" "k6/0.54.0 (https://k6.io/)"
payment-1         | 	at org.springframework.web.filter.OncePerRequestFilter.doFilter(OncePerRequestFilter.java:116) ~[spring-web-6.2.19.jar!/:6.2.19]
payment-1         | 	at org.apache.catalina.core.ApplicationFilterChain.internalDoFilter(ApplicationFilterChain.java:162) ~[tomcat-embed-core-10.1.55.jar!/:na]
payment-1         | 	at org.apache.catalina.core.ApplicationFilterChain.doFilter(ApplicationFilterChain.java:138) ~[tomcat-embed-core-10.1.55.jar!/:na]
payment-1         | 	at org.apache.catalina.core.StandardWrapperValve.invoke(StandardWrapperValve.java:165) ~[tomcat-embed-core-10.1.55.jar!/:na]
payment-1         | 	at org.apache.catalina.core.StandardContextValve.invoke(StandardContextValve.java:88) ~[tomcat-embed-core-10.1.55.jar!/:na]
nginx-1           | 172.20.0.13 - - [12/Sep/2026:11:31:24 +0000] "GET /api/admissions/dd56f819b158d1aca554c11614cd93e9a15fa2dfa261b0c4e836aec7e13eb403 HTTP/1.1" 200 157 "-" "k6/0.54.0 (https://k6.io/)"
nginx-1           | 172.20.0.13 - - [12/Sep/2026:11:31:24 +0000] "POST /api/admissions HTTP/1.1" 202 157 "-" "k6/0.54.0 (https://k6.io/)"
payment-1         | 	at org.apache.catalina.authenticator.AuthenticatorBase.invoke(AuthenticatorBase.java:492) ~[tomcat-embed-core-10.1.55.jar!/:na]
payment-1         | 	at org.apache.catalina.core.StandardHostValve.invoke(StandardHostValve.java:113) ~[tomcat-embed-core-10.1.55.jar!/:na]
payment-1         | 	at org.apache.catalina.valves.ErrorReportValve.invoke(ErrorReportValve.java:83) ~[tomcat-embed-core-10.1.55.jar!/:na]
payment-1         | 	at org.apache.catalina.core.StandardEngineValve.invoke(StandardEngineValve.java:72) ~[tomcat-embed-core-10.1.55.jar!/:na]
nginx-1           | 172.20.0.13 - - [12/Sep/2026:11:31:24 +0000] "GET /api/admissions/595e15ec93fc3b68da0a9372b55f716817b4ae0181ea29708cbf05e662029004 HTTP/1.1" 200 569 "-" "k6/0.54.0 (https://k6.io/)"
nginx-1           | 172.20.0.13 - - [12/Sep/2026:11:31:24 +0000] "GET /api/admissions/bc3f1161f8a5106bc44961855beb57d405b19fa75b1c06b4143cae4ed7bc2367 HTTP/1.1" 200 157 "-" "k6/0.54.0 (https://k6.io/)"
nginx-1           | 172.20.0.13 - - [12/Sep/2026:11:31:25 +0000] "POST /api/admissions HTTP/1.1" 202 157 "-" "k6/0.54.0 (https://k6.io/)"
payment-1         | 	at org.apache.catalina.connector.CoyoteAdapter.service(CoyoteAdapter.java:342) ~[tomcat-embed-core-10.1.55.jar!/:na]
payment-1         | 	at org.apache.coyote.http11.Http11Processor.service(Http11Processor.java:399) ~[tomcat-embed-core-10.1.55.jar!/:na]
payment-1         | 	at org.apache.coyote.AbstractProcessorLight.process(AbstractProcessorLight.java:63) ~[tomcat-embed-core-10.1.55.jar!/:na]
payment-1         | 	at org.apache.coyote.AbstractProtocol$ConnectionHandler.process(AbstractProtocol.java:1272) ~[tomcat-embed-core-10.1.55.jar!/:na]
nginx-1           | 172.20.0.13 - - [12/Sep/2026:11:31:25 +0000] "POST /api/admissions HTTP/1.1" 202 157 "-" "k6/0.54.0 (https://k6.io/)"
nginx-1           | 172.20.0.13 - - [12/Sep/2026:11:31:25 +0000] "GET /api/admissions/fe869ddccdd53c07c76baa9e7a45501636415585867f9cf2ce10a2daf558758b HTTP/1.1" 200 569 "-" "k6/0.54.0 (https://k6.io/)"
payment-1         | 	at org.apache.tomcat.util.net.NioEndpoint$SocketProcessor.doRun(NioEndpoint.java:1797) ~[tomcat-embed-core-10.1.55.jar!/:na]
payment-1         | 	at org.apache.tomcat.util.net.SocketProcessorBase.run(SocketProcessorBase.java:52) ~[tomcat-embed-core-10.1.55.jar!/:na]
nginx-1           | 172.20.0.13 - - [12/Sep/2026:11:31:25 +0000] "POST /api/admissions HTTP/1.1" 202 157 "-" "k6/0.54.0 (https://k6.io/)"
nginx-1           | 172.20.0.13 - - [12/Sep/2026:11:31:25 +0000] "GET /api/admissions/7ad7dd4a029eadf62accd6d06286c1601d22dfa477acfc8a7e6f79b85ef265df HTTP/1.1" 200 569 "-" "k6/0.54.0 (https://k6.io/)"
nginx-1           | 172.20.0.13 - - [12/Sep/2026:11:31:25 +0000] "GET /api/admissions/fa28fbbc0ae0711f22a517910374db21baaaeb569d481417a6e62e03fa4eae43 HTTP/1.1" 200 157 "-" "k6/0.54.0 (https://k6.io/)"
nginx-1           | 172.20.0.13 - - [12/Sep/2026:11:31:25 +0000] "GET /api/admissions/a61739613ff0c0a34a4c45f3276fe6a8cec97eb370984fe3bb9b4c56237c7b96 HTTP/1.1" 200 569 "-" "k6/0.54.0 (https://k6.io/)"
nginx-1           | 172.20.0.13 - - [12/Sep/2026:11:31:25 +0000] "GET /api/admissions/e51b60d7ae91b8bfd99aeb6c04e8e5768a22f50333af802ebf513038baf84c45 HTTP/1.1" 200 569 "-" "k6/0.54.0 (https://k6.io/)"
nginx-1           | 172.20.0.13 - - [12/Sep/2026:11:31:25 +0000] "GET /api/admissions/67b073cfa4eb6da6670d5e20b292fdbcc3eb84401b2c8615c2dd402f62c62615 HTTP/1.1" 200 157 "-" "k6/0.54.0 (https://k6.io/)"
payment-1         | 	at org.apache.tomcat.util.threads.ThreadPoolExecutor.runWorker(ThreadPoolExecutor.java:973) ~[tomcat-embed-core-10.1.55.jar!/:na]
payment-1         | 	at org.apache.tomcat.util.threads.ThreadPoolExecutor$Worker.run(ThreadPoolExecutor.java:491) ~[tomcat-embed-core-10.1.55.jar!/:na]
payment-1         | 	at org.apache.tomcat.util.threads.TaskThread$WrappingRunnable.run(TaskThread.java:63) ~[tomcat-embed-core-10.1.55.jar!/:na]
payment-1         | 	at java.base/java.lang.Thread.run(Unknown Source) ~[na:na]
payment-1         | 
nginx-1           | 172.20.0.13 - - [12/Sep/2026:11:31:25 +0000] "GET /api/admissions/a89d7ad267d4b88c7bdc89931251b7d1aa1021ac3b5c8057b0b6652e74e87954 HTTP/1.1" 200 157 "-" "k6/0.54.0 (https://k6.io/)"
nginx-1           | 172.20.0.13 - - [12/Sep/2026:11:31:25 +0000] "GET /api/admissions/08100aabcb834a74446a545ce8b687e339d829547a9ad6650c1e70f219c8ac8f HTTP/1.1" 200 569 "-" "k6/0.54.0 (https://k6.io/)"
nginx-1           | 172.20.0.13 - - [12/Sep/2026:11:31:25 +0000] "GET /api/admissions/c401ce2f2e42982aab4755fac486563b6ee172e97b67bb3cbea88b4c14080f10 HTTP/1.1" 200 569 "-" "k6/0.54.0 (https://k6.io/)"
nginx-1           | 172.20.0.13 - - [12/Sep/2026:11:31:25 +0000] "GET /api/admissions/4fa62e47f6830d6af66606582d60fc73d69eccf7dd72708dfe553a70ec106e3d HTTP/1.1" 200 569 "-" "k6/0.54.0 (https://k6.io/)"
nginx-1           | 172.20.0.13 - - [12/Sep/2026:11:31:25 +0000] "GET /api/admissions/96c8783932859fc86f61e7492f31670101bf34df3b607ed892a8ff1b36e7d400 HTTP/1.1" 200 157 "-" "k6/0.54.0 (https://k6.io/)"
nginx-1           | 172.20.0.13 - - [12/Sep/2026:11:31:25 +0000] "GET /api/admissions/21065e2fa8e962cf829a4e7abae1ac50b263de4a4db6ae9e6565cd2a59dfad17 HTTP/1.1" 200 569 "-" "k6/0.54.0 (https://k6.io/)"
nginx-1           | 172.20.0.13 - - [12/Sep/2026:11:31:25 +0000] "GET /api/admissions/cc44d2defec7f3d71c4c85f523d63e78551d9e4c5ee29d9803b3948e774f1ef6 HTTP/1.1" 200 569 "-" "k6/0.54.0 (https://k6.io/)"
nginx-1           | 172.20.0.13 - - [12/Sep/2026:11:31:25 +0000] "GET /api/admissions/da71c6e1eed4723b2842376ff8c5f57b478420b4b7d1c755bded164eb6cc58e9 HTTP/1.1" 200 157 "-" "k6/0.54.0 (https://k6.io/)"
nginx-1           | 172.20.0.13 - - [12/Sep/2026:11:31:25 +0000] "GET /api/admissions/370aa08c5104828f1ba060c9f198c0e05fc04304b8c3d9d22e85eb9ddf4885f9 HTTP/1.1" 200 569 "-" "k6/0.54.0 (https://k6.io/)"
nginx-1           | 172.20.0.13 - - [12/Sep/2026:11:31:25 +0000] "GET /api/admissions/cecfb7e517be9c650d929ce5fa99102651a79902c75e75a5849b7b3e34d4efd3 HTTP/1.1" 200 157 "-" "k6/0.54.0 (https://k6.io/)"
nginx-1           | 172.20.0.13 - - [12/Sep/2026:11:31:25 +0000] "GET /api/admissions/abd7f7dda9d47ae062d4c1ae5aafe6d40f3d9483d0d0f96b8bba6bb9005a4570 HTTP/1.1" 200 157 "-" "k6/0.54.0 (https://k6.io/)"
nginx-1           | 172.20.0.13 - - [12/Sep/2026:11:31:26 +0000] "GET /api/admissions/bc3f1161f8a5106bc44961855beb57d405b19fa75b1c06b4143cae4ed7bc2367 HTTP/1.1" 200 569 "-" "k6/0.54.0 (https://k6.io/)"
nginx-1           | 172.20.0.13 - - [12/Sep/2026:11:31:26 +0000] "GET /api/admissions/7533a00222a0a5647ff207dc045d7042ee967540bf04927037d5470d5f0a6b5b HTTP/1.1" 200 569 "-" "k6/0.54.0 (https://k6.io/)"
nginx-1           | 172.20.0.13 - - [12/Sep/2026:11:31:26 +0000] "GET /api/admissions/dd56f819b158d1aca554c11614cd93e9a15fa2dfa261b0c4e836aec7e13eb403 HTTP/1.1" 200 157 "-" "k6/0.54.0 (https://k6.io/)"
nginx-1           | 172.20.0.13 - - [12/Sep/2026:11:31:26 +0000] "GET /api/admissions/4711e4283e1923332bbf2d1464a6d81b1ff393efba585998cfa43c340acafbea HTTP/1.1" 200 569 "-" "k6/0.54.0 (https://k6.io/)"
nginx-1           | 172.20.0.13 - - [12/Sep/2026:11:31:26 +0000] "GET /api/admissions/fa28fbbc0ae0711f22a517910374db21baaaeb569d481417a6e62e03fa4eae43 HTTP/1.1" 200 569 "-" "k6/0.54.0 (https://k6.io/)"
nginx-1           | 172.20.0.13 - - [12/Sep/2026:11:31:26 +0000] "GET /api/admissions/d13002c1322dd20c6b6501070e9c9ab20519607879dda566b9f62e536d9d0ebf HTTP/1.1" 200 157 "-" "k6/0.54.0 (https://k6.io/)"
nginx-1           | 172.20.0.13 - - [12/Sep/2026:11:31:26 +0000] "GET /api/admissions/67b073cfa4eb6da6670d5e20b292fdbcc3eb84401b2c8615c2dd402f62c62615 HTTP/1.1" 200 569 "-" "k6/0.54.0 (https://k6.io/)"
nginx-1           | 172.20.0.13 - - [12/Sep/2026:11:31:26 +0000] "GET /api/admissions/a89d7ad267d4b88c7bdc89931251b7d1aa1021ac3b5c8057b0b6652e74e87954 HTTP/1.1" 200 569 "-" "k6/0.54.0 (https://k6.io/)"
nginx-1           | 172.20.0.13 - - [12/Sep/2026:11:31:26 +0000] "GET /api/admissions/96c8783932859fc86f61e7492f31670101bf34df3b607ed892a8ff1b36e7d400 HTTP/1.1" 200 569 "-" "k6/0.54.0 (https://k6.io/)"
nginx-1           | 172.20.0.13 - - [12/Sep/2026:11:31:26 +0000] "GET /api/admissions/cecfb7e517be9c650d929ce5fa99102651a79902c75e75a5849b7b3e34d4efd3 HTTP/1.1" 200 569 "-" "k6/0.54.0 (https://k6.io/)"
nginx-1           | 172.20.0.13 - - [12/Sep/2026:11:31:27 +0000] "GET /api/admissions/da71c6e1eed4723b2842376ff8c5f57b478420b4b7d1c755bded164eb6cc58e9 HTTP/1.1" 200 569 "-" "k6/0.54.0 (https://k6.io/)"
nginx-1           | 172.20.0.13 - - [12/Sep/2026:11:31:27 +0000] "GET /api/admissions/abd7f7dda9d47ae062d4c1ae5aafe6d40f3d9483d0d0f96b8bba6bb9005a4570 HTTP/1.1" 200 569 "-" "k6/0.54.0 (https://k6.io/)"
nginx-1           | 172.20.0.13 - - [12/Sep/2026:11:31:27 +0000] "GET /api/admissions/dd56f819b158d1aca554c11614cd93e9a15fa2dfa261b0c4e836aec7e13eb403 HTTP/1.1" 200 569 "-" "k6/0.54.0 (https://k6.io/)"
nginx-1           | 172.20.0.13 - - [12/Sep/2026:11:31:27 +0000] "GET /api/admissions/d13002c1322dd20c6b6501070e9c9ab20519607879dda566b9f62e536d9d0ebf HTTP/1.1" 200 570 "-" "k6/0.54.0 (https://k6.io/)"
