prometheus-1  | ts=2026-09-09T04:42:10.945Z caller=main.go:1029 level=warn msg="Received an OS signal, exiting gracefully..." signal=terminated
prometheus-1  | ts=2026-09-09T04:42:10.946Z caller=main.go:1056 level=info msg="Stopping scrape discovery manager..."
prometheus-1  | ts=2026-09-09T04:42:10.946Z caller=main.go:1070 level=info msg="Stopping notify discovery manager..."
prometheus-1  | ts=2026-09-09T04:42:10.946Z caller=manager.go:178 level=info component="rule manager" msg="Stopping rule manager..."
prometheus-1  | ts=2026-09-09T04:42:10.946Z caller=manager.go:188 level=info component="rule manager" msg="Rule manager stopped"
prometheus-1  | ts=2026-09-09T04:42:10.946Z caller=main.go:1052 level=info msg="Scrape discovery manager stopped"
prometheus-1  | ts=2026-09-09T04:42:10.946Z caller=main.go:1107 level=info msg="Stopping scrape manager..."
prometheus-1  | ts=2026-09-09T04:42:10.946Z caller=main.go:1066 level=info msg="Notify discovery manager stopped"
prometheus-1  | ts=2026-09-09T04:42:10.947Z caller=main.go:1099 level=info msg="Scrape manager stopped"
prometheus-1  | ts=2026-09-09T04:42:10.954Z caller=notifier.go:692 level=info component=notifier msg="Stopping notification manager..."
prometheus-1  | ts=2026-09-09T04:42:10.955Z caller=notifier.go:386 level=info component=notifier msg="Draining any remaining notifications..."
prometheus-1  | ts=2026-09-09T04:42:10.955Z caller=notifier.go:392 level=info component=notifier msg="Remaining notifications drained"
prometheus-1  | ts=2026-09-09T04:42:10.955Z caller=notifier.go:322 level=info component=notifier msg="Notification manager stopped"
prometheus-1  | ts=2026-09-09T04:42:10.955Z caller=main.go:1330 level=info msg="Notifier manager stopped"
prometheus-1  | ts=2026-09-09T04:42:10.955Z caller=main.go:1342 level=info msg="See you next time!"
prometheus-1  | ts=2026-09-09T04:42:14.373Z caller=main.go:627 level=info msg="No time or size retention was set so using the default time retention" duration=15d
prometheus-1  | ts=2026-09-09T04:42:14.373Z caller=main.go:671 level=info msg="Starting Prometheus Server" mode=server version="(version=2.55.1, branch=HEAD, revision=6d7569113f1ca814f1e149f74176656540043b8d)"
prometheus-1  | ts=2026-09-09T04:42:14.373Z caller=main.go:676 level=info build_context="(go=go1.23.2, platform=linux/amd64, user=root@194e0f5dd5e8, date=20241106-10:08:33, tags=netgo,builtinassets,stringlabels)"
prometheus-1  | ts=2026-09-09T04:42:14.373Z caller=main.go:677 level=info host_details="(Linux 6.18.33.2-microsoft-standard-WSL2 #1 SMP PREEMPT_DYNAMIC Thu Jun 18 21:54:43 UTC 2026 x86_64 fa8845112f6f localdomain)"
prometheus-1  | ts=2026-09-09T04:42:14.373Z caller=main.go:678 level=info fd_limits="(soft=1048576, hard=1048576)"
prometheus-1  | ts=2026-09-09T04:42:14.373Z caller=main.go:679 level=info vm_limits="(soft=unlimited, hard=unlimited)"
api2-1        | 
api2-1        |   .   ____          _            __ _ _
api2-1        |  /\\ / ___'_ __ _ _(_)_ __  __ _ \ \ \ \
api2-1        | ( ( )\___ | '_ | '_| | '_ \/ _` | \ \ \ \
api2-1        |  \\/  ___)| |_)| | | | | || (_| |  ) ) ) )
api2-1        |   '  |____| .__|_| |_|_| |_\__, | / / / /
api2-1        |  =========|_|==============|___/=/_/_/_/
api2-1        | 
prometheus-1  | ts=2026-09-09T04:42:14.378Z caller=web.go:585 level=info component=web msg="Start listening for connections" address=0.0.0.0:9090
api1-1        | 
api1-1        |   .   ____          _            __ _ _
prometheus-1  | ts=2026-09-09T04:42:14.379Z caller=main.go:1197 level=info msg="Starting TSDB ..."
prometheus-1  | ts=2026-09-09T04:42:14.379Z caller=repair.go:56 level=info component=tsdb msg="Found healthy block" mint=1788884026535 maxt=1788890400000 ulid=01M226ZRAYN8FAEC03JRCD5F3M
prometheus-1  | ts=2026-09-09T04:42:14.464Z caller=tls_config.go:348 level=info component=web msg="Listening on" address=[::]:9090
prometheus-1  | ts=2026-09-09T04:42:14.464Z caller=tls_config.go:351 level=info component=web msg="TLS is disabled." http2=false address=[::]:9090
prometheus-1  | ts=2026-09-09T04:42:14.466Z caller=head.go:627 level=info component=tsdb msg="Replaying on-disk memory mappable chunks if any"
prometheus-1  | ts=2026-09-09T04:42:14.468Z caller=head.go:714 level=info component=tsdb msg="On-disk memory mappable chunks replay completed" duration=1.651473ms
prometheus-1  | ts=2026-09-09T04:42:14.468Z caller=head.go:722 level=info component=tsdb msg="Replaying WAL, this may take a while"
prometheus-1  | ts=2026-09-09T04:42:14.667Z caller=head.go:794 level=info component=tsdb msg="WAL segment loaded" segment=0 maxSegment=3
prometheus-1  | ts=2026-09-09T04:42:14.668Z caller=head.go:794 level=info component=tsdb msg="WAL segment loaded" segment=1 maxSegment=3
prometheus-1  | ts=2026-09-09T04:42:15.062Z caller=head.go:794 level=info component=tsdb msg="WAL segment loaded" segment=2 maxSegment=3
prometheus-1  | ts=2026-09-09T04:42:15.063Z caller=head.go:794 level=info component=tsdb msg="WAL segment loaded" segment=3 maxSegment=3
prometheus-1  | ts=2026-09-09T04:42:15.063Z caller=head.go:831 level=info component=tsdb msg="WAL replay completed" checkpoint_replay_duration=44.155µs wal_replay_duration=594.731785ms wbl_replay_duration=200ns chunk_snapshot_load_duration=0s mmap_chunk_replay_duration=1.651473ms total_replay_duration=596.510571ms
api1-1        |  /\\ / ___'_ __ _ _(_)_ __  __ _ \ \ \ \
api1-1        | ( ( )\___ | '_ | '_| | '_ \/ _` | \ \ \ \
api1-1        |  \\/  ___)| |_)| | | | | || (_| |  ) ) ) )
api1-1        |   '  |____| .__|_| |_|_| |_\__, | / / / /
api1-1        |  =========|_|==============|___/=/_/_/_/
api2-1        |  :: Spring Boot ::               (v3.5.16)
api2-1        | 
api2-1        | 2026-09-09T04:43:14.759Z  INFO 1 --- [limited-goods] [           main] com.limitedgoods.Application             : Starting Application v0.1.0 using Java 21.0.12 with PID 1 (/app/app.jar started by root in /app)
api2-1        | 2026-09-09T04:43:14.761Z  INFO 1 --- [limited-goods] [           main] com.limitedgoods.Application             : No active profile set, falling back to 1 default profile: "default"
api2-1        | 2026-09-09T04:43:17.563Z  INFO 1 --- [limited-goods] [           main] .s.d.r.c.RepositoryConfigurationDelegate : Multiple Spring Data modules found, entering strict repository configuration mode
api2-1        | 2026-09-09T04:43:17.564Z  INFO 1 --- [limited-goods] [           main] .s.d.r.c.RepositoryConfigurationDelegate : Bootstrapping Spring Data JPA repositories in DEFAULT mode.
api2-1        | 2026-09-09T04:43:17.649Z  INFO 1 --- [limited-goods] [           main] .s.d.r.c.RepositoryConfigurationDelegate : Finished Spring Data repository scanning in 10 ms. Found 0 JPA repository interfaces.
api2-1        | 2026-09-09T04:43:17.663Z  INFO 1 --- [limited-goods] [           main] .s.d.r.c.RepositoryConfigurationDelegate : Multiple Spring Data modules found, entering strict repository configuration mode
api2-1        | 2026-09-09T04:43:17.663Z  INFO 1 --- [limited-goods] [           main] .s.d.r.c.RepositoryConfigurationDelegate : Bootstrapping Spring Data Redis repositories in DEFAULT mode.
api2-1        | 2026-09-09T04:43:17.672Z  INFO 1 --- [limited-goods] [           main] .s.d.r.c.RepositoryConfigurationDelegate : Finished Spring Data repository scanning in 1 ms. Found 0 Redis repository interfaces.
api2-1        | 2026-09-09T04:43:19.244Z  INFO 1 --- [limited-goods] [           main] o.s.b.w.embedded.tomcat.TomcatWebServer  : Tomcat initialized with port 8080 (http)
api2-1        | 2026-09-09T04:43:19.258Z  INFO 1 --- [limited-goods] [           main] o.apache.catalina.core.StandardService   : Starting service [Tomcat]
api2-1        | 2026-09-09T04:43:19.258Z  INFO 1 --- [limited-goods] [           main] o.apache.catalina.core.StandardEngine    : Starting Servlet engine: [Apache Tomcat/10.1.55]
api2-1        | 2026-09-09T04:43:19.460Z  INFO 1 --- [limited-goods] [           main] o.a.c.c.C.[Tomcat].[localhost].[/]       : Initializing Spring embedded WebApplicationContext
api2-1        | 2026-09-09T04:43:19.461Z  INFO 1 --- [limited-goods] [           main] w.s.c.ServletWebServerApplicationContext : Root WebApplicationContext: initialization completed in 4605 ms
api1-1        | 
api1-1        |  :: Spring Boot ::               (v3.5.16)
api1-1        | 
api1-1        | 2026-09-09T04:43:14.913Z  INFO 1 --- [limited-goods] [           main] com.limitedgoods.Application             : Starting Application v0.1.0 using Java 21.0.12 with PID 1 (/app/app.jar started by root in /app)
api1-1        | 2026-09-09T04:43:14.915Z  INFO 1 --- [limited-goods] [           main] com.limitedgoods.Application             : No active profile set, falling back to 1 default profile: "default"
api1-1        | 2026-09-09T04:43:17.900Z  INFO 1 --- [limited-goods] [           main] .s.d.r.c.RepositoryConfigurationDelegate : Multiple Spring Data modules found, entering strict repository configuration mode
api1-1        | 2026-09-09T04:43:17.902Z  INFO 1 --- [limited-goods] [           main] .s.d.r.c.RepositoryConfigurationDelegate : Bootstrapping Spring Data JPA repositories in DEFAULT mode.
api1-1        | 2026-09-09T04:43:17.926Z  INFO 1 --- [limited-goods] [           main] .s.d.r.c.RepositoryConfigurationDelegate : Finished Spring Data repository scanning in 15 ms. Found 0 JPA repository interfaces.
api2-1        | 2026-09-09T04:43:20.848Z  INFO 1 --- [limited-goods] [           main] com.zaxxer.hikari.HikariDataSource       : HikariPool-1 - Starting...
api2-1        | 2026-09-09T04:43:21.363Z  INFO 1 --- [limited-goods] [           main] com.zaxxer.hikari.pool.HikariPool        : HikariPool-1 - Added connection org.postgresql.jdbc.PgConnection@6be8ce1b
api1-1        | 2026-09-09T04:43:18.004Z  INFO 1 --- [limited-goods] [           main] .s.d.r.c.RepositoryConfigurationDelegate : Multiple Spring Data modules found, entering strict repository configuration mode
prometheus-1  | ts=2026-09-09T04:42:15.066Z caller=main.go:1218 level=info fs_type=EXT4_SUPER_MAGIC
api1-1        | 2026-09-09T04:43:18.005Z  INFO 1 --- [limited-goods] [           main] .s.d.r.c.RepositoryConfigurationDelegate : Bootstrapping Spring Data Redis repositories in DEFAULT mode.
prometheus-1  | ts=2026-09-09T04:42:15.066Z caller=main.go:1221 level=info msg="TSDB started"
api1-1        | 2026-09-09T04:43:18.014Z  INFO 1 --- [limited-goods] [           main] .s.d.r.c.RepositoryConfigurationDelegate : Finished Spring Data repository scanning in 1 ms. Found 0 Redis repository interfaces.
prometheus-1  | ts=2026-09-09T04:42:15.066Z caller=main.go:1404 level=info msg="Loading configuration file" filename=/etc/prometheus/prometheus.yml
api1-1        | 2026-09-09T04:43:19.602Z  INFO 1 --- [limited-goods] [           main] o.s.b.w.embedded.tomcat.TomcatWebServer  : Tomcat initialized with port 8080 (http)
prometheus-1  | ts=2026-09-09T04:42:15.069Z caller=main.go:1441 level=info msg="updated GOGC" old=100 new=75
api1-1        | 2026-09-09T04:43:19.619Z  INFO 1 --- [limited-goods] [           main] o.apache.catalina.core.StandardService   : Starting service [Tomcat]
prometheus-1  | ts=2026-09-09T04:42:15.069Z caller=main.go:1452 level=info msg="Completed loading of configuration file" filename=/etc/prometheus/prometheus.yml totalDuration=2.462821ms db_storage=1.392µs remote_storage=1.363µs web_handler=551ns query_engine=1.783µs scrape=298.86µs scrape_sd=43.473µs notify=1.103µs notify_sd=741ns rules=20.239µs tracing=7.434µs
worker-1      | 
prometheus-1  | ts=2026-09-09T04:42:15.069Z caller=main.go:1182 level=info msg="Server is ready to receive web requests."
prometheus-1  | ts=2026-09-09T04:42:15.069Z caller=manager.go:164 level=info component="rule manager" msg="Starting rule manager..."
api1-1        | 2026-09-09T04:43:19.619Z  INFO 1 --- [limited-goods] [           main] o.apache.catalina.core.StandardEngine    : Starting Servlet engine: [Apache Tomcat/10.1.55]
prometheus-1  | ts=2026-09-09T04:42:21.364Z caller=compact.go:571 level=info component=tsdb msg="write block resulted in empty block" mint=1788890400000 maxt=1788897600000 duration=26.000333ms
api2-1        | 2026-09-09T04:43:21.365Z  INFO 1 --- [limited-goods] [           main] com.zaxxer.hikari.HikariDataSource       : HikariPool-1 - Start completed.
prometheus-1  | ts=2026-09-09T04:42:21.365Z caller=head.go:1360 level=info component=tsdb msg="Head GC completed" caller=truncateMemory duration=1.599995ms
prometheus-1  | ts=2026-09-09T04:42:21.366Z caller=checkpoint.go:101 level=info component=tsdb msg="Creating checkpoint" from_segment=0 to_segment=1 mint=1788897600000
prometheus-1  | ts=2026-09-09T04:42:21.465Z caller=head.go:1322 level=info component=tsdb msg="WAL checkpoint complete" first=0 last=1 duration=98.828965ms
api2-1        | 2026-09-09T04:43:21.456Z  INFO 1 --- [limited-goods] [           main] org.flywaydb.core.FlywayExecutor         : Database: jdbc:postgresql://postgres:5432/limited_goods_perf (PostgreSQL 16.14)
api2-1        | 2026-09-09T04:43:21.639Z  INFO 1 --- [limited-goods] [           main] o.f.core.internal.command.DbValidate     : Successfully validated 2 migrations (execution time 00:00.095s)
api2-1        | 2026-09-09T04:43:21.660Z  INFO 1 --- [limited-goods] [           main] o.f.core.internal.command.DbMigrate      : Current version of schema "public": 2
api1-1        | 2026-09-09T04:43:19.898Z  INFO 1 --- [limited-goods] [           main] o.a.c.c.C.[Tomcat].[localhost].[/]       : Initializing Spring embedded WebApplicationContext
api1-1        | 2026-09-09T04:43:19.899Z  INFO 1 --- [limited-goods] [           main] w.s.c.ServletWebServerApplicationContext : Root WebApplicationContext: initialization completed in 4883 ms
api1-1        | 2026-09-09T04:43:21.215Z  INFO 1 --- [limited-goods] [           main] com.zaxxer.hikari.HikariDataSource       : HikariPool-1 - Starting...
api1-1        | 2026-09-09T04:43:21.718Z  INFO 1 --- [limited-goods] [           main] com.zaxxer.hikari.pool.HikariPool        : HikariPool-1 - Added connection org.postgresql.jdbc.PgConnection@6be8ce1b
api1-1        | 2026-09-09T04:43:21.719Z  INFO 1 --- [limited-goods] [           main] com.zaxxer.hikari.HikariDataSource       : HikariPool-1 - Start completed.
api1-1        | 2026-09-09T04:43:21.813Z  INFO 1 --- [limited-goods] [           main] org.flywaydb.core.FlywayExecutor         : Database: jdbc:postgresql://postgres:5432/limited_goods_perf (PostgreSQL 16.14)
api1-1        | 2026-09-09T04:43:21.995Z  INFO 1 --- [limited-goods] [           main] o.f.core.internal.command.DbValidate     : Successfully validated 2 migrations (execution time 00:00.094s)
api1-1        | 2026-09-09T04:43:22.010Z  INFO 1 --- [limited-goods] [           main] o.f.core.internal.command.DbMigrate      : Current version of schema "public": 2
api1-1        | 2026-09-09T04:43:22.012Z  INFO 1 --- [limited-goods] [           main] o.f.core.internal.command.DbMigrate      : Schema "public" is up to date. No migration necessary.
api1-1        | 2026-09-09T04:43:22.312Z  INFO 1 --- [limited-goods] [           main] o.hibernate.jpa.internal.util.LogHelper  : HHH000204: Processing PersistenceUnitInfo [name: default]
api1-1        | 2026-09-09T04:43:22.512Z  INFO 1 --- [limited-goods] [           main] org.hibernate.Version                    : HHH000412: Hibernate ORM core version 6.6.53.Final
api1-1        | 2026-09-09T04:43:22.606Z  INFO 1 --- [limited-goods] [           main] o.h.c.internal.RegionFactoryInitiator    : HHH000026: Second-level cache disabled
api1-1        | 2026-09-09T04:43:23.401Z  INFO 1 --- [limited-goods] [           main] o.s.o.j.p.SpringPersistenceUnitInfo      : No LoadTimeWeaver setup: ignoring JPA class transformer
api1-1        | 2026-09-09T04:43:23.528Z  INFO 1 --- [limited-goods] [           main] org.hibernate.orm.connections.pooling    : HHH10001005: Database info:
api1-1        | 	Database JDBC URL [Connecting through datasource 'HikariDataSource (HikariPool-1)']
api1-1        | 	Database driver: undefined/unknown
api1-1        | 	Database version: 16.14
api1-1        | 	Autocommit mode: undefined/unknown
api2-1        | 2026-09-09T04:43:21.662Z  INFO 1 --- [limited-goods] [           main] o.f.core.internal.command.DbMigrate      : Schema "public" is up to date. No migration necessary.
api2-1        | 2026-09-09T04:43:21.954Z  INFO 1 --- [limited-goods] [           main] o.hibernate.jpa.internal.util.LogHelper  : HHH000204: Processing PersistenceUnitInfo [name: default]
api2-1        | 2026-09-09T04:43:22.145Z  INFO 1 --- [limited-goods] [           main] org.hibernate.Version                    : HHH000412: Hibernate ORM core version 6.6.53.Final
api2-1        | 2026-09-09T04:43:22.241Z  INFO 1 --- [limited-goods] [           main] o.h.c.internal.RegionFactoryInitiator    : HHH000026: Second-level cache disabled
api2-1        | 2026-09-09T04:43:23.035Z  INFO 1 --- [limited-goods] [           main] o.s.o.j.p.SpringPersistenceUnitInfo      : No LoadTimeWeaver setup: ignoring JPA class transformer
api2-1        | 2026-09-09T04:43:23.158Z  INFO 1 --- [limited-goods] [           main] org.hibernate.orm.connections.pooling    : HHH10001005: Database info:
api2-1        | 	Database JDBC URL [Connecting through datasource 'HikariDataSource (HikariPool-1)']
api1-1        | 	Isolation level: undefined/unknown
api1-1        | 	Minimum pool size: undefined/unknown
api1-1        | 	Maximum pool size: undefined/unknown
api2-1        | 	Database driver: undefined/unknown
api1-1        | 2026-09-09T04:43:25.621Z  INFO 1 --- [limited-goods] [           main] o.h.e.t.j.p.i.JtaPlatformInitiator       : HHH000489: No JTA platform available (set 'hibernate.transaction.jta.platform' to enable JTA platform integration)
api1-1        | 2026-09-09T04:43:25.694Z  INFO 1 --- [limited-goods] [           main] j.LocalContainerEntityManagerFactoryBean : Initialized JPA EntityManagerFactory for persistence unit 'default'
api2-1        | 	Database version: 16.14
worker-1      |   .   ____          _            __ _ _
worker-1      |  /\\ / ___'_ __ _ _(_)_ __  __ _ \ \ \ \
worker-1      | ( ( )\___ | '_ | '_| | '_ \/ _` | \ \ \ \
api1-1        | 2026-09-09T04:43:28.703Z  INFO 1 --- [limited-goods] [           main] o.s.b.a.e.web.EndpointLinksResolver      : Exposing 2 endpoints beneath base path '/actuator'
worker-1      |  \\/  ___)| |_)| | | | | || (_| |  ) ) ) )
api1-1        | 2026-09-09T04:43:28.905Z  INFO 1 --- [limited-goods] [           main] o.s.b.w.embedded.tomcat.TomcatWebServer  : Tomcat started on port 8080 (http) with context path '/'
api1-1        | 2026-09-09T04:43:28.993Z  INFO 1 --- [limited-goods] [           main] com.limitedgoods.Application             : Started Application in 15.577 seconds (process running for 17.012)
api1-1        | 2026-09-09T04:43:29.719Z  INFO 1 --- [limited-goods] [nio-8080-exec-1] o.a.c.c.C.[Tomcat].[localhost].[/]       : Initializing Spring DispatcherServlet 'dispatcherServlet'
api1-1        | 2026-09-09T04:43:29.719Z  INFO 1 --- [limited-goods] [nio-8080-exec-1] o.s.web.servlet.DispatcherServlet        : Initializing Servlet 'dispatcherServlet'
api1-1        | 2026-09-09T04:43:29.720Z  INFO 1 --- [limited-goods] [nio-8080-exec-1] o.s.web.servlet.DispatcherServlet        : Completed initialization in 1 ms
worker-1      |   '  |____| .__|_| |_|_| |_\__, | / / / /
worker-1      |  =========|_|==============|___/=/_/_/_/
worker-1      | 
worker-1      |  :: Spring Boot ::               (v3.5.16)
worker-1      | 
api1-1        | 2026-09-09T04:43:44.925Z  INFO 1 --- [limited-goods] [ionShutdownHook] o.s.b.w.e.tomcat.GracefulShutdown        : Commencing graceful shutdown. Waiting for active requests to complete
worker-1      | 2026-09-09T04:43:16.292Z  INFO 1 --- [limited-goods] [           main] com.limitedgoods.Application             : Starting Application v0.1.0 using Java 21.0.12 with PID 1 (/app/app.jar started by root in /app)
worker-1      | 2026-09-09T04:43:16.294Z  INFO 1 --- [limited-goods] [           main] com.limitedgoods.Application             : No active profile set, falling back to 1 default profile: "default"
worker-1      | 2026-09-09T04:43:20.807Z  INFO 1 --- [limited-goods] [           main] .s.d.r.c.RepositoryConfigurationDelegate : Multiple Spring Data modules found, entering strict repository configuration mode
api1-1        | 2026-09-09T04:43:44.927Z  INFO 1 --- [limited-goods] [tomcat-shutdown] o.s.b.w.e.tomcat.GracefulShutdown        : Graceful shutdown complete
api2-1        | 	Autocommit mode: undefined/unknown
worker-1      | 2026-09-09T04:43:20.809Z  INFO 1 --- [limited-goods] [           main] .s.d.r.c.RepositoryConfigurationDelegate : Bootstrapping Spring Data JPA repositories in DEFAULT mode.
api2-1        | 	Isolation level: undefined/unknown
api1-1        | 2026-09-09T04:43:44.952Z  INFO 1 --- [limited-goods] [ionShutdownHook] j.LocalContainerEntityManagerFactoryBean : Closing JPA EntityManagerFactory for persistence unit 'default'
api1-1        | 2026-09-09T04:43:44.955Z  INFO 1 --- [limited-goods] [ionShutdownHook] com.zaxxer.hikari.HikariDataSource       : HikariPool-1 - Shutdown initiated...
api1-1        | 2026-09-09T04:43:44.994Z  INFO 1 --- [limited-goods] [ionShutdownHook] com.zaxxer.hikari.HikariDataSource       : HikariPool-1 - Shutdown completed.
api1-1        | 
api1-1        |   .   ____          _            __ _ _
worker-1      | 2026-09-09T04:43:20.905Z  INFO 1 --- [limited-goods] [           main] .s.d.r.c.RepositoryConfigurationDelegate : Finished Spring Data repository scanning in 11 ms. Found 0 JPA repository interfaces.
api1-1        |  /\\ / ___'_ __ _ _(_)_ __  __ _ \ \ \ \
api1-1        | ( ( )\___ | '_ | '_| | '_ \/ _` | \ \ \ \
api2-1        | 	Minimum pool size: undefined/unknown
api2-1        | 	Maximum pool size: undefined/unknown
api1-1        |  \\/  ___)| |_)| | | | | || (_| |  ) ) ) )
api1-1        |   '  |____| .__|_| |_|_| |_\__, | / / / /
api2-1        | 2026-09-09T04:43:25.265Z  INFO 1 --- [limited-goods] [           main] o.h.e.t.j.p.i.JtaPlatformInitiator       : HHH000489: No JTA platform available (set 'hibernate.transaction.jta.platform' to enable JTA platform integration)
api1-1        |  =========|_|==============|___/=/_/_/_/
api1-1        | 
api1-1        |  :: Spring Boot ::               (v3.5.16)
api1-1        | 
api2-1        | 2026-09-09T04:43:25.364Z  INFO 1 --- [limited-goods] [           main] j.LocalContainerEntityManagerFactoryBean : Initialized JPA EntityManagerFactory for persistence unit 'default'
api1-1        | 2026-09-09T04:44:41.244Z  INFO 1 --- [limited-goods] [           main] com.limitedgoods.Application             : Starting Application v0.1.0 using Java 21.0.12 with PID 1 (/app/app.jar started by root in /app)
api2-1        | 2026-09-09T04:43:28.458Z  INFO 1 --- [limited-goods] [           main] o.s.b.a.e.web.EndpointLinksResolver      : Exposing 2 endpoints beneath base path '/actuator'
worker-1      | 2026-09-09T04:43:20.998Z  INFO 1 --- [limited-goods] [           main] .s.d.r.c.RepositoryConfigurationDelegate : Multiple Spring Data modules found, entering strict repository configuration mode
api2-1        | 2026-09-09T04:43:28.651Z  INFO 1 --- [limited-goods] [           main] o.s.b.w.embedded.tomcat.TomcatWebServer  : Tomcat started on port 8080 (http) with context path '/'
api1-1        | 2026-09-09T04:44:41.247Z  INFO 1 --- [limited-goods] [           main] com.limitedgoods.Application             : No active profile set, falling back to 1 default profile: "default"
api1-1        | 2026-09-09T04:44:44.345Z  INFO 1 --- [limited-goods] [           main] .s.d.r.c.RepositoryConfigurationDelegate : Multiple Spring Data modules found, entering strict repository configuration mode
api1-1        | 2026-09-09T04:44:44.347Z  INFO 1 --- [limited-goods] [           main] .s.d.r.c.RepositoryConfigurationDelegate : Bootstrapping Spring Data JPA repositories in DEFAULT mode.
api1-1        | 2026-09-09T04:44:44.370Z  INFO 1 --- [limited-goods] [           main] .s.d.r.c.RepositoryConfigurationDelegate : Finished Spring Data repository scanning in 13 ms. Found 0 JPA repository interfaces.
api2-1        | 2026-09-09T04:43:28.665Z  INFO 1 --- [limited-goods] [           main] com.limitedgoods.Application             : Started Application in 15.311 seconds (process running for 16.642)
api2-1        | 2026-09-09T04:43:29.377Z  INFO 1 --- [limited-goods] [nio-8080-exec-1] o.a.c.c.C.[Tomcat].[localhost].[/]       : Initializing Spring DispatcherServlet 'dispatcherServlet'
api2-1        | 2026-09-09T04:43:29.377Z  INFO 1 --- [limited-goods] [nio-8080-exec-1] o.s.web.servlet.DispatcherServlet        : Initializing Servlet 'dispatcherServlet'
api1-1        | 2026-09-09T04:44:44.458Z  INFO 1 --- [limited-goods] [           main] .s.d.r.c.RepositoryConfigurationDelegate : Multiple Spring Data modules found, entering strict repository configuration mode
api2-1        | 2026-09-09T04:43:29.378Z  INFO 1 --- [limited-goods] [nio-8080-exec-1] o.s.web.servlet.DispatcherServlet        : Completed initialization in 1 ms
api1-1        | 2026-09-09T04:44:44.459Z  INFO 1 --- [limited-goods] [           main] .s.d.r.c.RepositoryConfigurationDelegate : Bootstrapping Spring Data Redis repositories in DEFAULT mode.
api1-1        | 2026-09-09T04:44:44.475Z  INFO 1 --- [limited-goods] [           main] .s.d.r.c.RepositoryConfigurationDelegate : Finished Spring Data repository scanning in 2 ms. Found 0 Redis repository interfaces.
api2-1        | 2026-09-09T04:43:44.924Z  INFO 1 --- [limited-goods] [ionShutdownHook] o.s.b.w.e.tomcat.GracefulShutdown        : Commencing graceful shutdown. Waiting for active requests to complete
worker-1      | 2026-09-09T04:43:20.999Z  INFO 1 --- [limited-goods] [           main] .s.d.r.c.RepositoryConfigurationDelegate : Bootstrapping Spring Data Redis repositories in DEFAULT mode.
worker-1      | 2026-09-09T04:43:21.096Z  INFO 1 --- [limited-goods] [           main] .s.d.r.c.RepositoryConfigurationDelegate : Finished Spring Data repository scanning in 1 ms. Found 0 Redis repository interfaces.
api2-1        | 2026-09-09T04:43:44.927Z  INFO 1 --- [limited-goods] [tomcat-shutdown] o.s.b.w.e.tomcat.GracefulShutdown        : Graceful shutdown complete
api2-1        | 2026-09-09T04:43:44.952Z  INFO 1 --- [limited-goods] [ionShutdownHook] j.LocalContainerEntityManagerFactoryBean : Closing JPA EntityManagerFactory for persistence unit 'default'
api2-1        | 2026-09-09T04:43:44.956Z  INFO 1 --- [limited-goods] [ionShutdownHook] com.zaxxer.hikari.HikariDataSource       : HikariPool-1 - Shutdown initiated...
api2-1        | 2026-09-09T04:43:44.959Z  INFO 1 --- [limited-goods] [ionShutdownHook] com.zaxxer.hikari.HikariDataSource       : HikariPool-1 - Shutdown completed.
api2-1        | 
worker-1      | 2026-09-09T04:43:23.712Z  INFO 1 --- [limited-goods] [           main] o.s.b.w.embedded.tomcat.TomcatWebServer  : Tomcat initialized with port 8080 (http)
api2-1        |   .   ____          _            __ _ _
api2-1        |  /\\ / ___'_ __ _ _(_)_ __  __ _ \ \ \ \
worker-1      | 2026-09-09T04:43:23.727Z  INFO 1 --- [limited-goods] [           main] o.apache.catalina.core.StandardService   : Starting service [Tomcat]
worker-1      | 2026-09-09T04:43:23.728Z  INFO 1 --- [limited-goods] [           main] o.apache.catalina.core.StandardEngine    : Starting Servlet engine: [Apache Tomcat/10.1.55]
api1-1        | 2026-09-09T04:44:46.154Z  INFO 1 --- [limited-goods] [           main] o.s.b.w.embedded.tomcat.TomcatWebServer  : Tomcat initialized with port 8080 (http)
api1-1        | 2026-09-09T04:44:46.170Z  INFO 1 --- [limited-goods] [           main] o.apache.catalina.core.StandardService   : Starting service [Tomcat]
api1-1        | 2026-09-09T04:44:46.171Z  INFO 1 --- [limited-goods] [           main] o.apache.catalina.core.StandardEngine    : Starting Servlet engine: [Apache Tomcat/10.1.55]
api1-1        | 2026-09-09T04:44:46.450Z  INFO 1 --- [limited-goods] [           main] o.a.c.c.C.[Tomcat].[localhost].[/]       : Initializing Spring embedded WebApplicationContext
api1-1        | 2026-09-09T04:44:46.451Z  INFO 1 --- [limited-goods] [           main] w.s.c.ServletWebServerApplicationContext : Root WebApplicationContext: initialization completed in 5103 ms
api2-1        | ( ( )\___ | '_ | '_| | '_ \/ _` | \ \ \ \
api2-1        |  \\/  ___)| |_)| | | | | || (_| |  ) ) ) )
api2-1        |   '  |____| .__|_| |_|_| |_\__, | / / / /
api2-1        |  =========|_|==============|___/=/_/_/_/
api2-1        | 
worker-1      | 2026-09-09T04:43:24.110Z  INFO 1 --- [limited-goods] [           main] o.a.c.c.C.[Tomcat].[localhost].[/]       : Initializing Spring embedded WebApplicationContext
worker-1      | 2026-09-09T04:43:24.112Z  INFO 1 --- [limited-goods] [           main] w.s.c.ServletWebServerApplicationContext : Root WebApplicationContext: initialization completed in 7713 ms
api1-1        | 2026-09-09T04:44:48.063Z  INFO 1 --- [limited-goods] [           main] com.zaxxer.hikari.HikariDataSource       : HikariPool-1 - Starting...
api1-1        | 2026-09-09T04:44:48.762Z  INFO 1 --- [limited-goods] [           main] com.zaxxer.hikari.pool.HikariPool        : HikariPool-1 - Added connection org.postgresql.jdbc.PgConnection@6be8ce1b
api1-1        | 2026-09-09T04:44:48.766Z  INFO 1 --- [limited-goods] [           main] com.zaxxer.hikari.HikariDataSource       : HikariPool-1 - Start completed.
api1-1        | 2026-09-09T04:44:48.865Z  INFO 1 --- [limited-goods] [           main] org.flywaydb.core.FlywayExecutor         : Database: jdbc:postgresql://postgres:5432/limited_goods_perf (PostgreSQL 16.14)
api1-1        | 2026-09-09T04:44:49.060Z  INFO 1 --- [limited-goods] [           main] o.f.core.internal.command.DbValidate     : Successfully validated 2 migrations (execution time 00:00.103s)
worker-1      | 2026-09-09T04:43:26.308Z  INFO 1 --- [limited-goods] [           main] com.zaxxer.hikari.HikariDataSource       : HikariPool-1 - Starting...
worker-1      | 2026-09-09T04:43:27.100Z  INFO 1 --- [limited-goods] [           main] com.zaxxer.hikari.pool.HikariPool        : HikariPool-1 - Added connection org.postgresql.jdbc.PgConnection@377e90b0
api1-1        | 2026-09-09T04:44:49.146Z  INFO 1 --- [limited-goods] [           main] o.f.core.internal.command.DbMigrate      : Current version of schema "public": 2
api1-1        | 2026-09-09T04:44:49.148Z  INFO 1 --- [limited-goods] [           main] o.f.core.internal.command.DbMigrate      : Schema "public" is up to date. No migration necessary.
worker-1      | 2026-09-09T04:43:27.101Z  INFO 1 --- [limited-goods] [           main] com.zaxxer.hikari.HikariDataSource       : HikariPool-1 - Start completed.
worker-1      | 2026-09-09T04:43:27.208Z  INFO 1 --- [limited-goods] [           main] org.flywaydb.core.FlywayExecutor         : Database: jdbc:postgresql://postgres:5432/limited_goods_perf (PostgreSQL 16.14)
worker-1      | 2026-09-09T04:43:27.489Z  INFO 1 --- [limited-goods] [           main] o.f.core.internal.command.DbValidate     : Successfully validated 2 migrations (execution time 00:00.188s)
api2-1        |  :: Spring Boot ::               (v3.5.16)
api2-1        | 
worker-1      | 2026-09-09T04:43:27.505Z  INFO 1 --- [limited-goods] [           main] o.f.core.internal.command.DbMigrate      : Current version of schema "public": 2
worker-1      | 2026-09-09T04:43:27.590Z  INFO 1 --- [limited-goods] [           main] o.f.core.internal.command.DbMigrate      : Schema "public" is up to date. No migration necessary.
worker-1      | 2026-09-09T04:43:28.004Z  INFO 1 --- [limited-goods] [           main] o.hibernate.jpa.internal.util.LogHelper  : HHH000204: Processing PersistenceUnitInfo [name: default]
worker-1      | 2026-09-09T04:43:28.194Z  INFO 1 --- [limited-goods] [           main] org.hibernate.Version                    : HHH000412: Hibernate ORM core version 6.6.53.Final
api1-1        | 2026-09-09T04:44:49.449Z  INFO 1 --- [limited-goods] [           main] o.hibernate.jpa.internal.util.LogHelper  : HHH000204: Processing PersistenceUnitInfo [name: default]
api1-1        | 2026-09-09T04:44:49.569Z  INFO 1 --- [limited-goods] [           main] org.hibernate.Version                    : HHH000412: Hibernate ORM core version 6.6.53.Final
api1-1        | 2026-09-09T04:44:49.665Z  INFO 1 --- [limited-goods] [           main] o.h.c.internal.RegionFactoryInitiator    : HHH000026: Second-level cache disabled
api1-1        | 2026-09-09T04:44:50.558Z  INFO 1 --- [limited-goods] [           main] o.s.o.j.p.SpringPersistenceUnitInfo      : No LoadTimeWeaver setup: ignoring JPA class transformer
api2-1        | 2026-09-09T04:44:41.175Z  INFO 1 --- [limited-goods] [           main] com.limitedgoods.Application             : Starting Application v0.1.0 using Java 21.0.12 with PID 1 (/app/app.jar started by root in /app)
api1-1        | 2026-09-09T04:44:50.757Z  INFO 1 --- [limited-goods] [           main] org.hibernate.orm.connections.pooling    : HHH10001005: Database info:
api1-1        | 	Database JDBC URL [Connecting through datasource 'HikariDataSource (HikariPool-1)']
api1-1        | 	Database driver: undefined/unknown
api1-1        | 	Database version: 16.14
api1-1        | 	Autocommit mode: undefined/unknown
api1-1        | 	Isolation level: undefined/unknown
api1-1        | 	Minimum pool size: undefined/unknown
api1-1        | 	Maximum pool size: undefined/unknown
api1-1        | 2026-09-09T04:44:53.184Z  INFO 1 --- [limited-goods] [           main] o.h.e.t.j.p.i.JtaPlatformInitiator       : HHH000489: No JTA platform available (set 'hibernate.transaction.jta.platform' to enable JTA platform integration)
api2-1        | 2026-09-09T04:44:41.177Z  INFO 1 --- [limited-goods] [           main] com.limitedgoods.Application             : No active profile set, falling back to 1 default profile: "default"
api2-1        | 2026-09-09T04:44:44.092Z  INFO 1 --- [limited-goods] [           main] .s.d.r.c.RepositoryConfigurationDelegate : Multiple Spring Data modules found, entering strict repository configuration mode
api2-1        | 2026-09-09T04:44:44.093Z  INFO 1 --- [limited-goods] [           main] .s.d.r.c.RepositoryConfigurationDelegate : Bootstrapping Spring Data JPA repositories in DEFAULT mode.
api2-1        | 2026-09-09T04:44:44.177Z  INFO 1 --- [limited-goods] [           main] .s.d.r.c.RepositoryConfigurationDelegate : Finished Spring Data repository scanning in 13 ms. Found 0 JPA repository interfaces.
api2-1        | 2026-09-09T04:44:44.188Z  INFO 1 --- [limited-goods] [           main] .s.d.r.c.RepositoryConfigurationDelegate : Multiple Spring Data modules found, entering strict repository configuration mode
api2-1        | 2026-09-09T04:44:44.189Z  INFO 1 --- [limited-goods] [           main] .s.d.r.c.RepositoryConfigurationDelegate : Bootstrapping Spring Data Redis repositories in DEFAULT mode.
api2-1        | 2026-09-09T04:44:44.265Z  INFO 1 --- [limited-goods] [           main] .s.d.r.c.RepositoryConfigurationDelegate : Finished Spring Data repository scanning in 1 ms. Found 0 Redis repository interfaces.
worker-1      | 2026-09-09T04:43:28.302Z  INFO 1 --- [limited-goods] [           main] o.h.c.internal.RegionFactoryInitiator    : HHH000026: Second-level cache disabled
api1-1        | 2026-09-09T04:44:53.247Z  INFO 1 --- [limited-goods] [           main] j.LocalContainerEntityManagerFactoryBean : Initialized JPA EntityManagerFactory for persistence unit 'default'
worker-1      | 2026-09-09T04:43:29.593Z  INFO 1 --- [limited-goods] [           main] o.s.o.j.p.SpringPersistenceUnitInfo      : No LoadTimeWeaver setup: ignoring JPA class transformer
api1-1        | 2026-09-09T04:44:56.370Z  INFO 1 --- [limited-goods] [           main] o.s.b.a.e.web.EndpointLinksResolver      : Exposing 2 endpoints beneath base path '/actuator'
api1-1        | 2026-09-09T04:44:56.572Z  INFO 1 --- [limited-goods] [           main] o.s.b.w.embedded.tomcat.TomcatWebServer  : Tomcat started on port 8080 (http) with context path '/'
api2-1        | 2026-09-09T04:44:45.864Z  INFO 1 --- [limited-goods] [           main] o.s.b.w.embedded.tomcat.TomcatWebServer  : Tomcat initialized with port 8080 (http)
api2-1        | 2026-09-09T04:44:45.876Z  INFO 1 --- [limited-goods] [           main] o.apache.catalina.core.StandardService   : Starting service [Tomcat]
api1-1        | 2026-09-09T04:44:56.652Z  INFO 1 --- [limited-goods] [           main] com.limitedgoods.Application             : Started Application in 16.804 seconds (process running for 18.223)
api1-1        | 2026-09-09T04:44:56.945Z  INFO 1 --- [limited-goods] [nio-8080-exec-1] o.a.c.c.C.[Tomcat].[localhost].[/]       : Initializing Spring DispatcherServlet 'dispatcherServlet'
worker-1      | 2026-09-09T04:43:29.809Z  INFO 1 --- [limited-goods] [           main] org.hibernate.orm.connections.pooling    : HHH10001005: Database info:
worker-1      | 	Database JDBC URL [Connecting through datasource 'HikariDataSource (HikariPool-1)']
worker-1      | 	Database driver: undefined/unknown
api1-1        | 2026-09-09T04:44:56.945Z  INFO 1 --- [limited-goods] [nio-8080-exec-1] o.s.web.servlet.DispatcherServlet        : Initializing Servlet 'dispatcherServlet'
api1-1        | 2026-09-09T04:44:56.946Z  INFO 1 --- [limited-goods] [nio-8080-exec-1] o.s.web.servlet.DispatcherServlet        : Completed initialization in 1 ms
worker-1      | 	Database version: 16.14
worker-1      | 	Autocommit mode: undefined/unknown
worker-1      | 	Isolation level: undefined/unknown
worker-1      | 	Minimum pool size: undefined/unknown
worker-1      | 	Maximum pool size: undefined/unknown
api2-1        | 2026-09-09T04:44:45.877Z  INFO 1 --- [limited-goods] [           main] o.apache.catalina.core.StandardEngine    : Starting Servlet engine: [Apache Tomcat/10.1.55]
worker-1      | 2026-09-09T04:43:33.021Z  INFO 1 --- [limited-goods] [           main] o.h.e.t.j.p.i.JtaPlatformInitiator       : HHH000489: No JTA platform available (set 'hibernate.transaction.jta.platform' to enable JTA platform integration)
worker-1      | 2026-09-09T04:43:33.124Z  INFO 1 --- [limited-goods] [           main] j.LocalContainerEntityManagerFactoryBean : Initialized JPA EntityManagerFactory for persistence unit 'default'
worker-1      | 2026-09-09T04:43:38.488Z  INFO 1 --- [limited-goods] [           main] o.s.b.a.e.web.EndpointLinksResolver      : Exposing 2 endpoints beneath base path '/actuator'
api2-1        | 2026-09-09T04:44:46.090Z  INFO 1 --- [limited-goods] [           main] o.a.c.c.C.[Tomcat].[localhost].[/]       : Initializing Spring embedded WebApplicationContext
api2-1        | 2026-09-09T04:44:46.091Z  INFO 1 --- [limited-goods] [           main] w.s.c.ServletWebServerApplicationContext : Root WebApplicationContext: initialization completed in 4816 ms
api1-1        | 2026-09-09T04:45:18.477Z  INFO 1 --- [limited-goods] [nio-8080-exec-2] c.limitedgoods.purchases.PurchaseTrace   : purchase_timing request_id=14faa4651b910b187446f83ffe368c1b sale=c9d27d0c-60e3-4fda-b485-60c995294350 order=e906c206-9943-49ab-bd5f-67b926bcf13c outcome=success final_phase=transaction_completion total_ms=1905.88837 after_lock_until_proxy_exit_ms=330.413736 stages_ms={transaction_entry=72.058241, request_preparation=0.086866, idempotency_lock_query=119.004719, idempotency_lookup=1287.363364, sale_lookup_and_cache=2.046075, inventory_lock_query=94.920559, stock_validation=0.535724, user_limit_query=311.454289, order_persist=0.390165, items_persist_and_stock_changes=0.202356, reservation_persist=0.278752, response_queries_and_auto_flush=15.731202, transaction_completion=1.816058}
api1-1        | 2026-09-09T04:45:18.558Z  INFO 1 --- [limited-goods] [nio-8080-exec-1] c.limitedgoods.purchases.PurchaseTrace   : purchase_timing request_id=813c9ea21b057135e77777599bd0ecc0 sale=c9d27d0c-60e3-4fda-b485-60c995294350 order=b6cd13ed-af32-4d18-a0a8-b8e9b7b73503 outcome=success final_phase=transaction_completion total_ms=2088.543548 after_lock_until_proxy_exit_ms=80.975706 stages_ms={transaction_entry=0.962315, request_preparation=0.107085, idempotency_lock_query=291.269362, idempotency_lookup=1287.479033, sale_lookup_and_cache=1.952789, inventory_lock_query=425.79798, stock_validation=0.026820999999999998, user_limit_query=65.886347, order_persist=0.32997, items_persist_and_stock_changes=0.153343, reservation_persist=0.254257, response_queries_and_auto_flush=12.312816, transaction_completion=2.01143}
api1-1        | 2026-09-09T04:45:18.661Z  INFO 1 --- [limited-goods] [nio-8080-exec-4] c.limitedgoods.purchases.PurchaseTrace   : purchase_timing request_id=42071136ac57bd887929c43c8367e089 sale=c9d27d0c-60e3-4fda-b485-60c995294350 order=52a35884-5ed7-4d6f-80d9-e4a63f3be9e3 outcome=success final_phase=transaction_completion total_ms=2311.798411 after_lock_until_proxy_exit_ms=89.994296 stages_ms={transaction_entry=117.170137, request_preparation=0.603152, idempotency_lock_query=294.991509, idempotency_lookup=1287.350928, sale_lookup_and_cache=2.112082, inventory_lock_query=519.576838, stock_validation=0.032824, user_limit_query=76.047198, order_persist=0.281147, items_persist_and_stock_changes=0.122734, reservation_persist=0.17802, response_queries_and_auto_flush=10.98996, transaction_completion=2.341882}
api2-1        | 2026-09-09T04:44:47.686Z  INFO 1 --- [limited-goods] [           main] com.zaxxer.hikari.HikariDataSource       : HikariPool-1 - Starting...
api1-1        | 2026-09-09T04:45:18.750Z  INFO 1 --- [limited-goods] [nio-8080-exec-3] c.limitedgoods.purchases.PurchaseTrace   : purchase_timing request_id=78da6c3b09beb1b4fade1452fcab608e sale=c9d27d0c-60e3-4fda-b485-60c995294350 order=85b2dab1-87f7-4305-a214-eabb36500d17 outcome=success final_phase=transaction_completion total_ms=2400.983317 after_lock_until_proxy_exit_ms=88.782228 stages_ms={transaction_entry=117.245257, request_preparation=0.529412, idempotency_lock_query=294.960891, idempotency_lookup=1287.478821, sale_lookup_and_cache=1.951906, inventory_lock_query=610.036075, stock_validation=0.038112, user_limit_query=3.873432, order_persist=0.292188, items_persist_and_stock_changes=0.133946, reservation_persist=0.092206, response_queries_and_auto_flush=82.494998, transaction_completion=1.856073}
worker-1      | 2026-09-09T04:43:38.793Z  INFO 1 --- [limited-goods] [           main] o.s.b.w.embedded.tomcat.TomcatWebServer  : Tomcat started on port 8080 (http) with context path '/'
api2-1        | 2026-09-09T04:44:48.261Z  INFO 1 --- [limited-goods] [           main] com.zaxxer.hikari.pool.HikariPool        : HikariPool-1 - Added connection org.postgresql.jdbc.PgConnection@6be8ce1b
api1-1        | 2026-09-09T04:45:18.853Z  INFO 1 --- [limited-goods] [nio-8080-exec-2] c.limitedgoods.purchases.PurchaseTrace   : purchase_timing request_id=49adfbb42aff1bf7f451dea65e3da0e1 sale=c9d27d0c-60e3-4fda-b485-60c995294350 order=6f853fb7-099c-4981-9d03-0b14d10a4458 outcome=success final_phase=transaction_completion total_ms=208.493539 after_lock_until_proxy_exit_ms=10.077309 stages_ms={transaction_entry=0.191827, request_preparation=0.03656, idempotency_lock_query=1.412605, idempotency_lookup=1.149234, sale_lookup_and_cache=1.088328, inventory_lock_query=194.538337, stock_validation=0.0311, user_limit_query=2.805114, order_persist=0.168111, items_persist_and_stock_changes=0.089, reservation_persist=0.081064, response_queries_and_auto_flush=5.448774, transaction_completion=1.453485}
api1-1        | 2026-09-09T04:45:18.959Z  INFO 1 --- [limited-goods] [nio-8080-exec-5] c.limitedgoods.purchases.PurchaseTrace   : purchase_timing request_id=d760c75e60012b9fec5c8b14a85851c2 sale=c9d27d0c-60e3-4fda-b485-60c995294350 order=ca23b5e7-056a-4450-a703-9e3ad05cc48e outcome=success final_phase=transaction_completion total_ms=191.477014 after_lock_until_proxy_exit_ms=12.680439 stages_ms={transaction_entry=0.87526, request_preparation=0.642811, idempotency_lock_query=74.204746, idempotency_lookup=2.776704, sale_lookup_and_cache=1.605085, inventory_lock_query=98.693362, stock_validation=0.03723, user_limit_query=2.825502, order_persist=0.253715, items_persist_and_stock_changes=0.090993, reservation_persist=0.076236, response_queries_and_auto_flush=7.573398, transaction_completion=1.821972}
worker-1      | 2026-09-09T04:43:38.887Z  INFO 1 --- [limited-goods] [           main] com.limitedgoods.Application             : Started Application in 24.719 seconds (process running for 26.885)
api1-1        | 2026-09-09T04:45:19.063Z  INFO 1 --- [limited-goods] [nio-8080-exec-1] c.limitedgoods.purchases.PurchaseTrace   : purchase_timing request_id=017e02c44eb42737fd6c385c7b202668 sale=c9d27d0c-60e3-4fda-b485-60c995294350 order=9170238d-a397-4277-9845-dc8082f81e4b outcome=success final_phase=transaction_completion total_ms=98.41852 after_lock_until_proxy_exit_ms=9.906575 stages_ms={transaction_entry=0.111723, request_preparation=0.022193, idempotency_lock_query=0.823251, idempotency_lookup=0.704226, sale_lookup_and_cache=0.92215, inventory_lock_query=85.929664, stock_validation=0.038053000000000003, user_limit_query=1.889949, order_persist=0.299893, items_persist_and_stock_changes=0.180384, reservation_persist=0.124658, response_queries_and_auto_flush=5.639566, transaction_completion=1.73281}
api1-1        | 2026-09-09T04:45:19.149Z  INFO 1 --- [limited-goods] [nio-8080-exec-4] c.limitedgoods.purchases.PurchaseTrace   : purchase_timing request_id=056618cce49b4038217b397ff71d5c01 sale=c9d27d0c-60e3-4fda-b485-60c995294350 order=3fe94312-de2f-43ec-b2c7-f79ab69ec1d0 outcome=success final_phase=transaction_completion total_ms=82.674497 after_lock_until_proxy_exit_ms=16.7402 stages_ms={transaction_entry=0.425813, request_preparation=0.049033, idempotency_lock_query=1.17839, idempotency_lookup=1.110829, sale_lookup_and_cache=1.059652, inventory_lock_query=62.111021, stock_validation=0.053983, user_limit_query=10.256992, order_persist=0.231963, items_persist_and_stock_changes=0.133856, reservation_persist=0.095001, response_queries_and_auto_flush=4.568743, transaction_completion=1.399221}
api2-1        | 2026-09-09T04:44:48.377Z  INFO 1 --- [limited-goods] [           main] com.zaxxer.hikari.HikariDataSource       : HikariPool-1 - Start completed.
api2-1        | 2026-09-09T04:44:48.474Z  INFO 1 --- [limited-goods] [           main] org.flywaydb.core.FlywayExecutor         : Database: jdbc:postgresql://postgres:5432/limited_goods_perf (PostgreSQL 16.14)
api2-1        | 2026-09-09T04:44:48.675Z  INFO 1 --- [limited-goods] [           main] o.f.core.internal.command.DbValidate     : Successfully validated 2 migrations (execution time 00:00.113s)
api2-1        | 2026-09-09T04:44:48.774Z  INFO 1 --- [limited-goods] [           main] o.f.core.internal.command.DbMigrate      : Current version of schema "public": 2
api1-1        | 2026-09-09T04:45:19.182Z  INFO 1 --- [limited-goods] [nio-8080-exec-3] c.limitedgoods.purchases.PurchaseTrace   : purchase_timing request_id=de57f4078b418cd897a963af4cf451ef sale=c9d27d0c-60e3-4fda-b485-60c995294350 order=a13390c8-5f48-4b62-a2eb-cdcb2c0255f7 outcome=success final_phase=transaction_completion total_ms=16.688209 after_lock_until_proxy_exit_ms=9.270478 stages_ms={transaction_entry=0.240619, request_preparation=0.027422, idempotency_lock_query=1.340369, idempotency_lookup=1.622249, sale_lookup_and_cache=1.421621, inventory_lock_query=2.766433, stock_validation=0.025599, user_limit_query=1.534549, order_persist=0.189963, items_persist_and_stock_changes=0.07853, reservation_persist=0.065825, response_queries_and_auto_flush=5.58849, transaction_completion=1.78654}
api1-1        | 2026-09-09T04:45:19.385Z  INFO 1 --- [limited-goods] [nio-8080-exec-4] c.limitedgoods.purchases.PurchaseTrace   : purchase_timing request_id=84806cc56821636392043c349a0c11b7 sale=c9d27d0c-60e3-4fda-b485-60c995294350 order=b30f88a4-e779-4720-acb6-f6c27f918d4c outcome=success final_phase=transaction_completion total_ms=17.952795 after_lock_until_proxy_exit_ms=10.578634 stages_ms={transaction_entry=0.430572, request_preparation=0.047371, idempotency_lock_query=1.665181, idempotency_lookup=1.448092, sale_lookup_and_cache=1.322145, inventory_lock_query=2.462022, stock_validation=0.056979, user_limit_query=1.623418, order_persist=0.233656, items_persist_and_stock_changes=0.081345, reservation_persist=0.127874, response_queries_and_auto_flush=6.399658, transaction_completion=2.054482}
api1-1        | 2026-09-09T04:45:19.484Z  INFO 1 --- [limited-goods] [nio-8080-exec-3] c.limitedgoods.purchases.PurchaseTrace   : purchase_timing request_id=f7e693b9b3683e3a4b6a4a71fd4ca719 sale=c9d27d0c-60e3-4fda-b485-60c995294350 order=2eb18a5a-08b8-4868-a401-36e632c57d8b outcome=success final_phase=transaction_completion total_ms=16.862093 after_lock_until_proxy_exit_ms=9.343737 stages_ms={transaction_entry=0.49223, request_preparation=0.03647, idempotency_lock_query=1.256647, idempotency_lookup=1.258344, sale_lookup_and_cache=1.782372, inventory_lock_query=2.692784, stock_validation=0.033053, user_limit_query=1.833818, order_persist=0.243745, items_persist_and_stock_changes=0.16204, reservation_persist=0.079562, response_queries_and_auto_flush=5.492375, transaction_completion=1.498653}
api2-1        | 2026-09-09T04:44:48.778Z  INFO 1 --- [limited-goods] [           main] o.f.core.internal.command.DbMigrate      : Schema "public" is up to date. No migration necessary.
api1-1        | 2026-09-09T04:45:20.179Z  INFO 1 --- [limited-goods] [nio-8080-exec-3] c.limitedgoods.purchases.PurchaseTrace   : purchase_timing request_id=25a8807c3efd3cd425269168bd751ef5 sale=c9d27d0c-60e3-4fda-b485-60c995294350 order=286c6b1f-24d0-4e67-a881-5a95b4212922 outcome=success final_phase=transaction_completion total_ms=13.140045 after_lock_until_proxy_exit_ms=7.415416 stages_ms={transaction_entry=0.786681, request_preparation=0.102716, idempotency_lock_query=1.1155, idempotency_lookup=0.819064, sale_lookup_and_cache=0.866674, inventory_lock_query=2.034665, stock_validation=0.018736, user_limit_query=1.045977, order_persist=0.168843, items_persist_and_stock_changes=0.078039, reservation_persist=0.059914, response_queries_and_auto_flush=4.657652, transaction_completion=1.385584}
worker-1      | 2026-09-09T04:43:39.889Z  INFO 1 --- [limited-goods] [nio-8080-exec-1] o.a.c.c.C.[Tomcat].[localhost].[/]       : Initializing Spring DispatcherServlet 'dispatcherServlet'
worker-1      | 2026-09-09T04:43:39.890Z  INFO 1 --- [limited-goods] [nio-8080-exec-1] o.s.web.servlet.DispatcherServlet        : Initializing Servlet 'dispatcherServlet'
worker-1      | 2026-09-09T04:43:39.891Z  INFO 1 --- [limited-goods] [nio-8080-exec-1] o.s.web.servlet.DispatcherServlet        : Completed initialization in 1 ms
worker-1      | 2026-09-09T04:43:44.939Z  INFO 1 --- [limited-goods] [ionShutdownHook] o.s.b.w.e.tomcat.GracefulShutdown        : Commencing graceful shutdown. Waiting for active requests to complete
worker-1      | 2026-09-09T04:43:44.942Z  INFO 1 --- [limited-goods] [tomcat-shutdown] o.s.b.w.e.tomcat.GracefulShutdown        : Graceful shutdown complete
worker-1      | 2026-09-09T04:43:45.004Z  INFO 1 --- [limited-goods] [ionShutdownHook] j.LocalContainerEntityManagerFactoryBean : Closing JPA EntityManagerFactory for persistence unit 'default'
api1-1        | 2026-09-09T04:45:20.347Z  INFO 1 --- [limited-goods] [nio-8080-exec-5] c.limitedgoods.purchases.PurchaseTrace   : purchase_timing request_id=b86e8a74c0e5a3d777513b1efbcb0bd3 sale=c9d27d0c-60e3-4fda-b485-60c995294350 order=a051bb1f-cb1a-4e94-bca1-fdda1d5c6dcd outcome=success final_phase=transaction_completion total_ms=80.559341 after_lock_until_proxy_exit_ms=9.31238 stages_ms={transaction_entry=0.591208, request_preparation=0.032843, idempotency_lock_query=0.792984, idempotency_lookup=0.710927, sale_lookup_and_cache=0.777024, inventory_lock_query=68.343638, stock_validation=0.040597999999999995, user_limit_query=1.996592, order_persist=0.305633, items_persist_and_stock_changes=0.141711, reservation_persist=0.088949, response_queries_and_auto_flush=5.358893, transaction_completion=1.378341}
api1-1        | 2026-09-09T04:45:20.678Z  INFO 1 --- [limited-goods] [nio-8080-exec-3] c.limitedgoods.purchases.PurchaseTrace   : purchase_timing request_id=06837d0aad473ad0b1666c3efb391ad6 sale=c9d27d0c-60e3-4fda-b485-60c995294350 order=be5f2b70-362b-478d-bede-e4cce3d4ab1e outcome=success final_phase=transaction_completion total_ms=11.499775 after_lock_until_proxy_exit_ms=7.153006 stages_ms={transaction_entry=0.343155, request_preparation=0.030138, idempotency_lock_query=0.888165, idempotency_lookup=0.741947, sale_lookup_and_cache=0.724423, inventory_lock_query=1.619512, stock_validation=0.019337, user_limit_query=0.984339, order_persist=0.143634, items_persist_and_stock_changes=0.067689, reservation_persist=0.064143, response_queries_and_auto_flush=4.552331, transaction_completion=1.320962}
api1-1        | 2026-09-09T04:45:20.785Z  INFO 1 --- [limited-goods] [nio-8080-exec-5] c.limitedgoods.purchases.PurchaseTrace   : purchase_timing request_id=7da0e583ae6be6991032068b39cd41f1 sale=c9d27d0c-60e3-4fda-b485-60c995294350 order=4aec1217-39a0-4dd3-b28e-a90579d69c6f outcome=success final_phase=transaction_completion total_ms=17.404187 after_lock_until_proxy_exit_ms=9.329762 stages_ms={transaction_entry=0.50271, request_preparation=0.092767, idempotency_lock_query=1.483932, idempotency_lookup=1.396977, sale_lookup_and_cache=1.394272, inventory_lock_query=3.205691, stock_validation=0.064152, user_limit_query=1.536624, order_persist=0.191465, items_persist_and_stock_changes=0.170456, reservation_persist=0.107074, response_queries_and_auto_flush=6.034321, transaction_completion=1.223746}
api2-1        | 2026-09-09T04:44:49.176Z  INFO 1 --- [limited-goods] [           main] o.hibernate.jpa.internal.util.LogHelper  : HHH000204: Processing PersistenceUnitInfo [name: default]
api2-1        | 2026-09-09T04:44:49.361Z  INFO 1 --- [limited-goods] [           main] org.hibernate.Version                    : HHH000412: Hibernate ORM core version 6.6.53.Final
api2-1        | 2026-09-09T04:44:49.391Z  INFO 1 --- [limited-goods] [           main] o.h.c.internal.RegionFactoryInitiator    : HHH000026: Second-level cache disabled
api1-1        | 2026-09-09T04:45:21.146Z  INFO 1 --- [limited-goods] [nio-8080-exec-1] c.limitedgoods.purchases.PurchaseTrace   : purchase_timing request_id=7254f3ac482efa0c837167d2dd054672 sale=c9d27d0c-60e3-4fda-b485-60c995294350 order=95795a95-84ad-4be3-a0c0-39d9f1f82229 outcome=success final_phase=transaction_completion total_ms=79.724774 after_lock_until_proxy_exit_ms=6.485149 stages_ms={transaction_entry=0.646253, request_preparation=0.035909, idempotency_lock_query=0.814234, idempotency_lookup=0.761533, sale_lookup_and_cache=0.84373, inventory_lock_query=70.139089, stock_validation=0.026529999999999998, user_limit_query=1.331081, order_persist=0.223476, items_persist_and_stock_changes=0.076727, reservation_persist=0.056197, response_queries_and_auto_flush=3.563221, transaction_completion=1.206794}
api1-1        | 2026-09-09T04:45:21.177Z  INFO 1 --- [limited-goods] [nio-8080-exec-4] c.limitedgoods.purchases.PurchaseTrace   : purchase_timing request_id=a466935574c17ae01cff5017bbc608f2 sale=c9d27d0c-60e3-4fda-b485-60c995294350 order=8d14e92c-4e19-4ced-8f1a-7a97e6dd1750 outcome=success final_phase=transaction_completion total_ms=11.421101 after_lock_until_proxy_exit_ms=6.586703 stages_ms={transaction_entry=0.246862, request_preparation=0.024877, idempotency_lock_query=0.966696, idempotency_lookup=0.946385, sale_lookup_and_cache=0.923263, inventory_lock_query=1.726706, stock_validation=0.022934000000000003, user_limit_query=1.245247, order_persist=0.208348, items_persist_and_stock_changes=0.060535, reservation_persist=0.052931, response_queries_and_auto_flush=3.847063, transaction_completion=1.149254}
api1-1        | 2026-09-09T04:45:21.379Z  INFO 1 --- [limited-goods] [nio-8080-exec-2] c.limitedgoods.purchases.PurchaseTrace   : purchase_timing request_id=031c2dc4ce5ad76d26fa79e6649e99bc sale=c9d27d0c-60e3-4fda-b485-60c995294350 order=ca9454ea-fd7f-4284-a0b2-19e4ba3256a6 outcome=success final_phase=transaction_completion total_ms=13.18669 after_lock_until_proxy_exit_ms=8.153954 stages_ms={transaction_entry=0.654299, request_preparation=0.035879, idempotency_lock_query=1.029704, idempotency_lookup=0.867256, sale_lookup_and_cache=0.741155, inventory_lock_query=1.704684, stock_validation=0.019217, user_limit_query=1.348262, order_persist=0.1519, items_persist_and_stock_changes=0.066187, reservation_persist=0.161498, response_queries_and_auto_flush=4.802527, transaction_completion=1.604122}
api1-1        | 2026-09-09T04:45:21.481Z  INFO 1 --- [limited-goods] [nio-8080-exec-5] c.limitedgoods.purchases.PurchaseTrace   : purchase_timing request_id=156d5307166e76fb76a259699d06b407 sale=c9d27d0c-60e3-4fda-b485-60c995294350 order=21a516d7-586b-4201-8f42-8d768eb46e67 outcome=success final_phase=transaction_completion total_ms=14.608374 after_lock_until_proxy_exit_ms=9.139904 stages_ms={transaction_entry=0.632387, request_preparation=0.037471, idempotency_lock_query=1.119357, idempotency_lookup=0.807153, sale_lookup_and_cache=1.109257, inventory_lock_query=1.763266, stock_validation=0.013255, user_limit_query=1.077033, order_persist=0.194151, items_persist_and_stock_changes=0.052971, reservation_persist=0.170165, response_queries_and_auto_flush=5.70029, transaction_completion=1.931618}
api1-1        | 2026-09-09T04:45:21.777Z  INFO 1 --- [limited-goods] [nio-8080-exec-4] c.limitedgoods.purchases.PurchaseTrace   : purchase_timing request_id=e41f782cc87d8e702037cdb8131e7a85 sale=c9d27d0c-60e3-4fda-b485-60c995294350 order=cfdc9d18-f7a2-4941-b9f6-527a54a464cb outcome=success final_phase=transaction_completion total_ms=11.477317 after_lock_until_proxy_exit_ms=6.59565 stages_ms={transaction_entry=0.295344, request_preparation=0.032702, idempotency_lock_query=0.924446, idempotency_lookup=1.198225, sale_lookup_and_cache=0.777244, inventory_lock_query=1.654006, stock_validation=0.014628, user_limit_query=1.073399, order_persist=0.136621, items_persist_and_stock_changes=0.118456, reservation_persist=0.100141, response_queries_and_auto_flush=4.024092, transaction_completion=1.128013}
api1-1        | 2026-09-09T04:45:21.978Z  INFO 1 --- [limited-goods] [nio-8080-exec-3] c.limitedgoods.purchases.PurchaseTrace   : purchase_timing request_id=264c6180a6e388c4c629142c3d414d5a sale=c9d27d0c-60e3-4fda-b485-60c995294350 order=fbab259e-b952-4893-9a0d-d287c5a7f899 outcome=success final_phase=transaction_completion total_ms=11.134023 after_lock_until_proxy_exit_ms=6.338128 stages_ms={transaction_entry=0.74395, request_preparation=0.05239, idempotency_lock_query=0.881794, idempotency_lookup=0.549579, sale_lookup_and_cache=1.035767, inventory_lock_query=1.532896, stock_validation=0.016331000000000002, user_limit_query=0.809826, order_persist=0.129978, items_persist_and_stock_changes=0.129928, reservation_persist=0.123005, response_queries_and_auto_flush=3.78785, transaction_completion=1.340729}
api2-1        | 2026-09-09T04:44:50.366Z  INFO 1 --- [limited-goods] [           main] o.s.o.j.p.SpringPersistenceUnitInfo      : No LoadTimeWeaver setup: ignoring JPA class transformer
api1-1        | 2026-09-09T04:45:22.081Z  INFO 1 --- [limited-goods] [nio-8080-exec-5] c.limitedgoods.purchases.PurchaseTrace   : purchase_timing request_id=e47b2bfd7a86c7187f22502cbf660a38 sale=c9d27d0c-60e3-4fda-b485-60c995294350 order=84b34092-dd93-48e6-8307-53b8f5c209c5 outcome=success final_phase=transaction_completion total_ms=14.217015 after_lock_until_proxy_exit_ms=7.836818 stages_ms={transaction_entry=0.558966, request_preparation=0.032261, idempotency_lock_query=1.495835, idempotency_lookup=1.187026, sale_lookup_and_cache=0.823772, inventory_lock_query=2.282718, stock_validation=0.023114, user_limit_query=1.232643, order_persist=0.187207, items_persist_and_stock_changes=0.05791, reservation_persist=0.28804, response_queries_and_auto_flush=4.73106, transaction_completion=1.316463}
worker-1      | 2026-09-09T04:43:45.007Z  INFO 1 --- [limited-goods] [ionShutdownHook] com.zaxxer.hikari.HikariDataSource       : HikariPool-1 - Shutdown initiated...
worker-1      | 2026-09-09T04:43:45.010Z  INFO 1 --- [limited-goods] [ionShutdownHook] com.zaxxer.hikari.HikariDataSource       : HikariPool-1 - Shutdown completed.
worker-1      | 
worker-1      |   .   ____          _            __ _ _
worker-1      |  /\\ / ___'_ __ _ _(_)_ __  __ _ \ \ \ \
worker-1      | ( ( )\___ | '_ | '_| | '_ \/ _` | \ \ \ \
api1-1        | 2026-09-09T04:45:22.180Z  INFO 1 --- [limited-goods] [nio-8080-exec-1] c.limitedgoods.purchases.PurchaseTrace   : purchase_timing request_id=b77020209b42fc38f171bddde7a352f5 sale=c9d27d0c-60e3-4fda-b485-60c995294350 order=f5c12d95-bc15-4206-a725-984a3d41e392 outcome=success final_phase=transaction_completion total_ms=13.329603 after_lock_until_proxy_exit_ms=7.267462 stages_ms={transaction_entry=0.85899, request_preparation=0.106413, idempotency_lock_query=1.030918, idempotency_lookup=0.785299, sale_lookup_and_cache=0.87486, inventory_lock_query=2.406042, stock_validation=0.02137, user_limit_query=1.75486, order_persist=0.233566, items_persist_and_stock_changes=0.059023, reservation_persist=0.072678, response_queries_and_auto_flush=3.883102, transaction_completion=1.242482}
api1-1        | 2026-09-09T04:45:22.277Z  INFO 1 --- [limited-goods] [nio-8080-exec-4] c.limitedgoods.purchases.PurchaseTrace   : purchase_timing request_id=41a063f2d84fe027020fe407bd941c06 sale=c9d27d0c-60e3-4fda-b485-60c995294350 order=b625b624-4740-4076-b1c5-bcef21b1dcd0 outcome=success final_phase=transaction_completion total_ms=10.663565 after_lock_until_proxy_exit_ms=6.198542 stages_ms={transaction_entry=0.334048, request_preparation=0.085132, idempotency_lock_query=0.852267, idempotency_lookup=0.697391, sale_lookup_and_cache=0.743249, inventory_lock_query=1.753567, stock_validation=0.01607, user_limit_query=1.168771, order_persist=0.199301, items_persist_and_stock_changes=0.064904, reservation_persist=0.048342, response_queries_and_auto_flush=3.342338, transaction_completion=1.358185}
api2-1        | 2026-09-09T04:44:50.567Z  INFO 1 --- [limited-goods] [           main] org.hibernate.orm.connections.pooling    : HHH10001005: Database info:
api2-1        | 	Database JDBC URL [Connecting through datasource 'HikariDataSource (HikariPool-1)']
api2-1        | 	Database driver: undefined/unknown
api2-1        | 	Database version: 16.14
worker-1      |  \\/  ___)| |_)| | | | | || (_| |  ) ) ) )
api2-1        | 	Autocommit mode: undefined/unknown
worker-1      |   '  |____| .__|_| |_|_| |_\__, | / / / /
worker-1      |  =========|_|==============|___/=/_/_/_/
worker-1      | 
worker-1      |  :: Spring Boot ::               (v3.5.16)
worker-1      | 
worker-1      | 2026-09-09T04:44:42.439Z  INFO 1 --- [limited-goods] [           main] com.limitedgoods.Application             : Starting Application v0.1.0 using Java 21.0.12 with PID 1 (/app/app.jar started by root in /app)
worker-1      | 2026-09-09T04:44:42.442Z  INFO 1 --- [limited-goods] [           main] com.limitedgoods.Application             : No active profile set, falling back to 1 default profile: "default"
worker-1      | 2026-09-09T04:44:46.946Z  INFO 1 --- [limited-goods] [           main] .s.d.r.c.RepositoryConfigurationDelegate : Multiple Spring Data modules found, entering strict repository configuration mode
worker-1      | 2026-09-09T04:44:46.948Z  INFO 1 --- [limited-goods] [           main] .s.d.r.c.RepositoryConfigurationDelegate : Bootstrapping Spring Data JPA repositories in DEFAULT mode.
worker-1      | 2026-09-09T04:44:47.054Z  INFO 1 --- [limited-goods] [           main] .s.d.r.c.RepositoryConfigurationDelegate : Finished Spring Data repository scanning in 13 ms. Found 0 JPA repository interfaces.
worker-1      | 2026-09-09T04:44:47.141Z  INFO 1 --- [limited-goods] [           main] .s.d.r.c.RepositoryConfigurationDelegate : Multiple Spring Data modules found, entering strict repository configuration mode
worker-1      | 2026-09-09T04:44:47.142Z  INFO 1 --- [limited-goods] [           main] .s.d.r.c.RepositoryConfigurationDelegate : Bootstrapping Spring Data Redis repositories in DEFAULT mode.
worker-1      | 2026-09-09T04:44:47.231Z  INFO 1 --- [limited-goods] [           main] .s.d.r.c.RepositoryConfigurationDelegate : Finished Spring Data repository scanning in 79 ms. Found 0 Redis repository interfaces.
worker-1      | 2026-09-09T04:44:49.767Z  INFO 1 --- [limited-goods] [           main] o.s.b.w.embedded.tomcat.TomcatWebServer  : Tomcat initialized with port 8080 (http)
worker-1      | 2026-09-09T04:44:49.839Z  INFO 1 --- [limited-goods] [           main] o.apache.catalina.core.StandardService   : Starting service [Tomcat]
worker-1      | 2026-09-09T04:44:49.840Z  INFO 1 --- [limited-goods] [           main] o.apache.catalina.core.StandardEngine    : Starting Servlet engine: [Apache Tomcat/10.1.55]
worker-1      | 2026-09-09T04:44:50.237Z  INFO 1 --- [limited-goods] [           main] o.a.c.c.C.[Tomcat].[localhost].[/]       : Initializing Spring embedded WebApplicationContext
worker-1      | 2026-09-09T04:44:50.238Z  INFO 1 --- [limited-goods] [           main] w.s.c.ServletWebServerApplicationContext : Root WebApplicationContext: initialization completed in 7604 ms
worker-1      | 2026-09-09T04:44:52.444Z  INFO 1 --- [limited-goods] [           main] com.zaxxer.hikari.HikariDataSource       : HikariPool-1 - Starting...
worker-1      | 2026-09-09T04:44:53.233Z  INFO 1 --- [limited-goods] [           main] com.zaxxer.hikari.pool.HikariPool        : HikariPool-1 - Added connection org.postgresql.jdbc.PgConnection@377e90b0
worker-1      | 2026-09-09T04:44:53.235Z  INFO 1 --- [limited-goods] [           main] com.zaxxer.hikari.HikariDataSource       : HikariPool-1 - Start completed.
worker-1      | 2026-09-09T04:44:53.339Z  INFO 1 --- [limited-goods] [           main] org.flywaydb.core.FlywayExecutor         : Database: jdbc:postgresql://postgres:5432/limited_goods_perf (PostgreSQL 16.14)
worker-1      | 2026-09-09T04:44:53.630Z  INFO 1 --- [limited-goods] [           main] o.f.core.internal.command.DbValidate     : Successfully validated 2 migrations (execution time 00:00.186s)
worker-1      | 2026-09-09T04:44:53.730Z  INFO 1 --- [limited-goods] [           main] o.f.core.internal.command.DbMigrate      : Current version of schema "public": 2
worker-1      | 2026-09-09T04:44:53.733Z  INFO 1 --- [limited-goods] [           main] o.f.core.internal.command.DbMigrate      : Schema "public" is up to date. No migration necessary.
worker-1      | 2026-09-09T04:44:54.243Z  INFO 1 --- [limited-goods] [           main] o.hibernate.jpa.internal.util.LogHelper  : HHH000204: Processing PersistenceUnitInfo [name: default]
worker-1      | 2026-09-09T04:44:54.440Z  INFO 1 --- [limited-goods] [           main] org.hibernate.Version                    : HHH000412: Hibernate ORM core version 6.6.53.Final
worker-1      | 2026-09-09T04:44:54.630Z  INFO 1 --- [limited-goods] [           main] o.h.c.internal.RegionFactoryInitiator    : HHH000026: Second-level cache disabled
worker-1      | 2026-09-09T04:44:55.744Z  INFO 1 --- [limited-goods] [           main] o.s.o.j.p.SpringPersistenceUnitInfo      : No LoadTimeWeaver setup: ignoring JPA class transformer
worker-1      | 2026-09-09T04:44:56.037Z  INFO 1 --- [limited-goods] [           main] org.hibernate.orm.connections.pooling    : HHH10001005: Database info:
worker-1      | 	Database JDBC URL [Connecting through datasource 'HikariDataSource (HikariPool-1)']
api2-1        | 	Isolation level: undefined/unknown
api2-1        | 	Minimum pool size: undefined/unknown
api2-1        | 	Maximum pool size: undefined/unknown
api1-1        | 2026-09-09T04:45:22.675Z  INFO 1 --- [limited-goods] [nio-8080-exec-6] c.limitedgoods.purchases.PurchaseTrace   : purchase_timing request_id=5b82451227d549336d1e5ab2381a6fb1 sale=c9d27d0c-60e3-4fda-b485-60c995294350 order=b62effc2-7b21-44a8-b648-793b6c48c44d outcome=success final_phase=transaction_completion total_ms=8.919846 after_lock_until_proxy_exit_ms=5.114732 stages_ms={transaction_entry=0.242403, request_preparation=0.033093, idempotency_lock_query=0.736997, idempotency_lookup=0.495195, sale_lookup_and_cache=0.800507, inventory_lock_query=1.497339, stock_validation=0.016912999999999997, user_limit_query=0.807982, order_persist=0.147501, items_persist_and_stock_changes=0.082568, reservation_persist=0.070735, response_queries_and_auto_flush=2.899635, transaction_completion=1.088978}
api1-1        | 2026-09-09T04:45:23.181Z  INFO 1 --- [limited-goods] [nio-8080-exec-2] c.limitedgoods.purchases.PurchaseTrace   : purchase_timing request_id=27206d2e0be8c3be0f083eedb014d76a sale=c9d27d0c-60e3-4fda-b485-60c995294350 order=2fec18dc-cad4-4bf0-8164-d3e582cb0fc5 outcome=success final_phase=transaction_completion total_ms=13.17656 after_lock_until_proxy_exit_ms=7.494987 stages_ms={transaction_entry=0.744713, request_preparation=0.065545, idempotency_lock_query=1.135605, idempotency_lookup=0.933463, sale_lookup_and_cache=0.690417, inventory_lock_query=2.112301, stock_validation=0.029786, user_limit_query=1.243565, order_persist=0.174003, items_persist_and_stock_changes=0.056558, reservation_persist=0.051979, response_queries_and_auto_flush=4.633465, transaction_completion=1.30516}
api1-1        | 2026-09-09T04:45:23.277Z  INFO 1 --- [limited-goods] [nio-8080-exec-5] c.limitedgoods.purchases.PurchaseTrace   : purchase_timing request_id=30016748d33dbb65733debb7f02b27ed sale=c9d27d0c-60e3-4fda-b485-60c995294350 order=550445a5-1715-4226-9793-609a9bf7da49 outcome=success final_phase=transaction_completion total_ms=11.368268 after_lock_until_proxy_exit_ms=6.818113 stages_ms={transaction_entry=0.591589, request_preparation=0.051198, idempotency_lock_query=0.729633, idempotency_lookup=0.5187, sale_lookup_and_cache=0.769106, inventory_lock_query=1.89056, stock_validation=0.017512999999999997, user_limit_query=0.975372, order_persist=0.156168, items_persist_and_stock_changes=0.050376, reservation_persist=0.047491, response_queries_and_auto_flush=4.337529, transaction_completion=1.233033}
api1-1        | 2026-09-09T04:45:23.377Z  INFO 1 --- [limited-goods] [nio-8080-exec-1] c.limitedgoods.purchases.PurchaseTrace   : purchase_timing request_id=929b02310ded770445b591c495161ed8 sale=c9d27d0c-60e3-4fda-b485-60c995294350 order=486ec0c9-d113-4f7c-867d-949970f4310c outcome=success final_phase=transaction_completion total_ms=11.312112 after_lock_until_proxy_exit_ms=6.15063 stages_ms={transaction_entry=0.241581, request_preparation=0.027062, idempotency_lock_query=1.360004, idempotency_lookup=0.920589, sale_lookup_and_cache=0.955062, inventory_lock_query=1.657365, stock_validation=0.012613, user_limit_query=0.891051, order_persist=0.110391, items_persist_and_stock_changes=0.049795, reservation_persist=0.045958, response_queries_and_auto_flush=3.840901, transaction_completion=1.19974}
api1-1        | 2026-09-09T04:45:23.677Z  INFO 1 --- [limited-goods] [nio-8080-exec-3] c.limitedgoods.purchases.PurchaseTrace   : purchase_timing request_id=e016576bb03eb33ebc45bd8bf00d9bf1 sale=c9d27d0c-60e3-4fda-b485-60c995294350 order=94e8ed3c-9cc9-460d-a2bd-bcc12f86a59e outcome=success final_phase=transaction_completion total_ms=10.76088 after_lock_until_proxy_exit_ms=5.927384 stages_ms={transaction_entry=0.240179, request_preparation=0.0263, idempotency_lock_query=0.958949, idempotency_lookup=0.90619, sale_lookup_and_cache=0.810387, inventory_lock_query=1.891992, stock_validation=0.01586, user_limit_query=0.989709, order_persist=0.168071, items_persist_and_stock_changes=0.048122, reservation_persist=0.048372, response_queries_and_auto_flush=3.378209, transaction_completion=1.27854}
api1-1        | 2026-09-09T04:45:23.777Z  INFO 1 --- [limited-goods] [nio-8080-exec-6] c.limitedgoods.purchases.PurchaseTrace   : purchase_timing request_id=e6a357c46a0416fc288c7e702e7b7d9a sale=c9d27d0c-60e3-4fda-b485-60c995294350 order=63586784-30d5-4ea6-984e-b44a229179df outcome=success final_phase=transaction_completion total_ms=10.554326 after_lock_until_proxy_exit_ms=6.164619 stages_ms={transaction_entry=0.268362, request_preparation=0.027943, idempotency_lock_query=0.992625, idempotency_lookup=0.712951, sale_lookup_and_cache=0.695918, inventory_lock_query=1.692499, stock_validation=0.021482, user_limit_query=1.229797, order_persist=0.131541, items_persist_and_stock_changes=0.049544, reservation_persist=0.047531, response_queries_and_auto_flush=3.612307, transaction_completion=1.071826}
api1-1        | 2026-09-09T04:45:23.875Z  INFO 1 --- [limited-goods] [nio-8080-exec-4] c.limitedgoods.purchases.PurchaseTrace   : purchase_timing request_id=e0fe6d6162b4cd321a03deafa735f498 sale=c9d27d0c-60e3-4fda-b485-60c995294350 order=d6967155-89ef-42ab-88b8-cdbb8217d24f outcome=success final_phase=transaction_completion total_ms=9.452715 after_lock_until_proxy_exit_ms=5.658383 stages_ms={transaction_entry=0.272621, request_preparation=0.028414, idempotency_lock_query=0.800207, idempotency_lookup=0.585888, sale_lookup_and_cache=0.669288, inventory_lock_query=1.438145, stock_validation=0.015238999999999999, user_limit_query=0.84853, order_persist=0.116372, items_persist_and_stock_changes=0.055355, reservation_persist=0.046519, response_queries_and_auto_flush=3.332462, transaction_completion=1.243675}
api1-1        | 2026-09-09T04:45:24.280Z  INFO 1 --- [limited-goods] [nio-8080-exec-6] c.limitedgoods.purchases.PurchaseTrace   : purchase_timing request_id=fed656685e65bb3607f4219e95604ff1 sale=c9d27d0c-60e3-4fda-b485-60c995294350 order=1db34121-ac64-490b-b584-ca284332145d outcome=success final_phase=transaction_completion total_ms=13.445323 after_lock_until_proxy_exit_ms=7.551435 stages_ms={transaction_entry=0.305092, request_preparation=0.050226, idempotency_lock_query=1.144434, idempotency_lookup=1.132391, sale_lookup_and_cache=0.909807, inventory_lock_query=2.352369, stock_validation=0.09469100000000001, user_limit_query=1.292046, order_persist=0.137853, items_persist_and_stock_changes=0.05222, reservation_persist=0.044775, response_queries_and_auto_flush=3.581708, transaction_completion=2.347711}
api1-1        | 2026-09-09T04:45:24.379Z  INFO 1 --- [limited-goods] [nio-8080-exec-2] c.limitedgoods.purchases.PurchaseTrace   : purchase_timing request_id=ecdb62881c3ec5a6bb492a01cc3bc400 sale=c9d27d0c-60e3-4fda-b485-60c995294350 order=b56f9b29-1b1c-4c2e-9dfb-888eeb23046b outcome=success final_phase=transaction_completion total_ms=12.833796 after_lock_until_proxy_exit_ms=7.672948 stages_ms={transaction_entry=0.2778, request_preparation=0.037502, idempotency_lock_query=0.981522, idempotency_lookup=0.987966, sale_lookup_and_cache=0.948781, inventory_lock_query=1.927578, stock_validation=0.014207, user_limit_query=1.2784, order_persist=0.160356, items_persist_and_stock_changes=0.048152, reservation_persist=0.045317, response_queries_and_auto_flush=4.569692, transaction_completion=1.556523}
api2-1        | 2026-09-09T04:44:52.760Z  INFO 1 --- [limited-goods] [           main] o.h.e.t.j.p.i.JtaPlatformInitiator       : HHH000489: No JTA platform available (set 'hibernate.transaction.jta.platform' to enable JTA platform integration)
api2-1        | 2026-09-09T04:44:52.796Z  INFO 1 --- [limited-goods] [           main] j.LocalContainerEntityManagerFactoryBean : Initialized JPA EntityManagerFactory for persistence unit 'default'
api2-1        | 2026-09-09T04:44:56.078Z  INFO 1 --- [limited-goods] [           main] o.s.b.a.e.web.EndpointLinksResolver      : Exposing 2 endpoints beneath base path '/actuator'
worker-1      | 	Database driver: undefined/unknown
api2-1        | 2026-09-09T04:44:56.274Z  INFO 1 --- [limited-goods] [           main] o.s.b.w.embedded.tomcat.TomcatWebServer  : Tomcat started on port 8080 (http) with context path '/'
worker-1      | 	Database version: 16.14
api2-1        | 2026-09-09T04:44:56.288Z  INFO 1 --- [limited-goods] [           main] com.limitedgoods.Application             : Started Application in 16.497 seconds (process running for 17.838)
worker-1      | 	Autocommit mode: undefined/unknown
api2-1        | 2026-09-09T04:44:56.579Z  INFO 1 --- [limited-goods] [nio-8080-exec-1] o.a.c.c.C.[Tomcat].[localhost].[/]       : Initializing Spring DispatcherServlet 'dispatcherServlet'
api2-1        | 2026-09-09T04:44:56.579Z  INFO 1 --- [limited-goods] [nio-8080-exec-1] o.s.web.servlet.DispatcherServlet        : Initializing Servlet 'dispatcherServlet'
api2-1        | 2026-09-09T04:44:56.581Z  INFO 1 --- [limited-goods] [nio-8080-exec-1] o.s.web.servlet.DispatcherServlet        : Completed initialization in 1 ms
api1-1        | 2026-09-09T04:45:24.484Z  INFO 1 --- [limited-goods] [nio-8080-exec-5] c.limitedgoods.purchases.PurchaseTrace   : purchase_timing request_id=3ba3ebb573f5510b9482e94a7a40abc8 sale=c9d27d0c-60e3-4fda-b485-60c995294350 order=0e82cc8a-241f-4aa7-ad78-477b95ab9501 outcome=success final_phase=transaction_completion total_ms=16.698504 after_lock_until_proxy_exit_ms=9.426222 stages_ms={transaction_entry=0.391457, request_preparation=0.045327, idempotency_lock_query=1.273962, idempotency_lookup=1.007012, sale_lookup_and_cache=1.353495, inventory_lock_query=3.202873, stock_validation=0.028093, user_limit_query=2.031159, order_persist=0.212275, items_persist_and_stock_changes=0.155507, reservation_persist=0.071056, response_queries_and_auto_flush=5.273343, transaction_completion=1.652945}
api1-1        | 2026-09-09T04:45:24.577Z  INFO 1 --- [limited-goods] [nio-8080-exec-6] c.limitedgoods.purchases.PurchaseTrace   : purchase_timing request_id=9be5f287f1f8de513cd31e3cca2e1ef4 sale=c9d27d0c-60e3-4fda-b485-60c995294350 order=3a200508-85de-45c6-9892-c3c1231f1a90 outcome=success final_phase=transaction_completion total_ms=11.408796 after_lock_until_proxy_exit_ms=6.645515 stages_ms={transaction_entry=0.24607, request_preparation=0.024867, idempotency_lock_query=0.927731, idempotency_lookup=0.636986, sale_lookup_and_cache=0.674547, inventory_lock_query=2.253461, stock_validation=0.020309, user_limit_query=0.888665, order_persist=0.118536, items_persist_and_stock_changes=0.050567, reservation_persist=0.043333, response_queries_and_auto_flush=4.10676, transaction_completion=1.416964}
api2-1        | 2026-09-09T04:45:16.688Z  INFO 1 --- [limited-goods] [nio-8080-exec-4] c.limitedgoods.purchases.PurchaseTrace   : purchase_timing request_id=eff82b37d56581a538ce98bc68badb22 sale=c9d27d0c-60e3-4fda-b485-60c995294350 order=2c6e1c96-a9c9-419c-bceb-0e67ab3ac2bd outcome=success final_phase=transaction_completion total_ms=703.157064 after_lock_until_proxy_exit_ms=505.408479 stages_ms={transaction_entry=1.100501, request_preparation=0.351191, idempotency_lock_query=100.486676, idempotency_lookup=77.743003, sale_lookup_and_cache=4.591206, inventory_lock_query=13.48192, stock_validation=0.295253, user_limit_query=408.351631, order_persist=0.583865, items_persist_and_stock_changes=0.219619, reservation_persist=0.264856, response_queries_and_auto_flush=94.090384, transaction_completion=1.596959}
api2-1        | 2026-09-09T04:45:16.772Z  INFO 1 --- [limited-goods] [nio-8080-exec-2] c.limitedgoods.purchases.PurchaseTrace   : purchase_timing request_id=a680ba1fd6f28ff1c04ee334383d156d sale=c9d27d0c-60e3-4fda-b485-60c995294350 order=b9cd968f-771b-472c-a44c-677d0778a6a2 outcome=success final_phase=transaction_completion total_ms=503.382002 after_lock_until_proxy_exit_ms=83.622762 stages_ms={transaction_entry=0.819906, request_preparation=0.043643, idempotency_lock_query=8.177653, idempotency_lookup=3.625291, sale_lookup_and_cache=1.207646, inventory_lock_query=405.885432, stock_validation=0.024867999999999998, user_limit_query=3.136328, order_persist=0.264365, items_persist_and_stock_changes=0.073229, reservation_persist=0.113397, response_queries_and_auto_flush=77.717877, transaction_completion=2.292367}
worker-1      | 	Isolation level: undefined/unknown
worker-1      | 	Minimum pool size: undefined/unknown
worker-1      | 	Maximum pool size: undefined/unknown
worker-1      | 2026-09-09T04:44:59.451Z  INFO 1 --- [limited-goods] [           main] o.h.e.t.j.p.i.JtaPlatformInitiator       : HHH000489: No JTA platform available (set 'hibernate.transaction.jta.platform' to enable JTA platform integration)
worker-1      | 2026-09-09T04:44:59.548Z  INFO 1 --- [limited-goods] [           main] j.LocalContainerEntityManagerFactoryBean : Initialized JPA EntityManagerFactory for persistence unit 'default'
worker-1      | 2026-09-09T04:45:04.042Z  INFO 1 --- [limited-goods] [           main] o.s.b.a.e.web.EndpointLinksResolver      : Exposing 2 endpoints beneath base path '/actuator'
worker-1      | 2026-09-09T04:45:04.341Z  INFO 1 --- [limited-goods] [           main] o.s.b.w.embedded.tomcat.TomcatWebServer  : Tomcat started on port 8080 (http) with context path '/'
api2-1        | 2026-09-09T04:45:16.873Z  INFO 1 --- [limited-goods] [nio-8080-exec-3] c.limitedgoods.purchases.PurchaseTrace   : purchase_timing request_id=f816a87d57fb5796bdb8822549a21a21 sale=c9d27d0c-60e3-4fda-b485-60c995294350 order=935f756d-7e2d-4d5a-a9b4-df42a2d7af11 outcome=success final_phase=transaction_completion total_ms=503.754123 after_lock_until_proxy_exit_ms=101.164984 stages_ms={transaction_entry=1.101953, request_preparation=0.111483, idempotency_lock_query=93.292861, idempotency_lookup=4.514821, sale_lookup_and_cache=2.030907, inventory_lock_query=301.537645, stock_validation=0.022553, user_limit_query=3.682821, order_persist=83.384638, items_persist_and_stock_changes=0.363695, reservation_persist=0.118005, response_queries_and_auto_flush=11.969419, transaction_completion=1.623322}
api2-1        | 2026-09-09T04:45:16.886Z  INFO 1 --- [limited-goods] [nio-8080-exec-1] c.limitedgoods.purchases.PurchaseTrace   : purchase_timing request_id=de17e047cab6993b76e0fe1447767b0c sale=c9d27d0c-60e3-4fda-b485-60c995294350 order=bb05d042-5f0a-4193-a6d6-f711bd57895c outcome=success final_phase=transaction_completion total_ms=216.408071 after_lock_until_proxy_exit_ms=12.230109 stages_ms={transaction_entry=0.821801, request_preparation=0.115841, idempotency_lock_query=11.819475, idempotency_lookup=3.437292, sale_lookup_and_cache=1.23608, inventory_lock_query=186.747774, stock_validation=0.019867000000000003, user_limit_query=2.45739, order_persist=0.225892, items_persist_and_stock_changes=0.100602, reservation_persist=0.08401, response_queries_and_auto_flush=7.937936, transaction_completion=1.404111}
api2-1        | 2026-09-09T04:45:16.968Z  INFO 1 --- [limited-goods] [nio-8080-exec-5] c.limitedgoods.purchases.PurchaseTrace   : purchase_timing request_id=befbbbdcb05f0ec22b16ccc7b142581a sale=c9d27d0c-60e3-4fda-b485-60c995294350 order=eaca0d7d-9023-4359-8beb-6398930fbfff outcome=success final_phase=transaction_completion total_ms=199.004783 after_lock_until_proxy_exit_ms=81.37565 stages_ms={transaction_entry=0.283601, request_preparation=0.036991, idempotency_lock_query=1.001121, idempotency_lookup=0.792303, sale_lookup_and_cache=1.132432, inventory_lock_query=114.383967, stock_validation=0.039455, user_limit_query=72.314752, order_persist=0.257431, items_persist_and_stock_changes=0.159685, reservation_persist=0.100703, response_queries_and_auto_flush=6.429705, transaction_completion=2.072637}
api2-1        | 2026-09-09T04:45:17.061Z  INFO 1 --- [limited-goods] [nio-8080-exec-2] c.limitedgoods.purchases.PurchaseTrace   : purchase_timing request_id=f8ccc350de2d100ab25e5982d81e0752 sale=c9d27d0c-60e3-4fda-b485-60c995294350 order=78c46448-0362-40c2-b6a5-f3c7c85f1710 outcome=success final_phase=transaction_completion total_ms=192.024597 after_lock_until_proxy_exit_ms=92.9785 stages_ms={transaction_entry=0.216934, request_preparation=0.037942, idempotency_lock_query=1.120613, idempotency_lookup=0.829943, sale_lookup_and_cache=0.939854, inventory_lock_query=95.902304, stock_validation=0.041229, user_limit_query=2.12209, order_persist=0.244707, items_persist_and_stock_changes=0.227295, reservation_persist=0.184953, response_queries_and_auto_flush=88.612284, transaction_completion=1.544449}
api2-1        | 2026-09-09T04:45:17.073Z  INFO 1 --- [limited-goods] [nio-8080-exec-4] c.limitedgoods.purchases.PurchaseTrace   : purchase_timing request_id=0433657b76af720f4a0e674b60e88696 sale=c9d27d0c-60e3-4fda-b485-60c995294350 order=6435283c-d585-4b0f-962e-e80dd3c38e74 outcome=success final_phase=transaction_completion total_ms=103.683498 after_lock_until_proxy_exit_ms=11.449628 stages_ms={transaction_entry=0.327335, request_preparation=0.054073, idempotency_lock_query=1.43045, idempotency_lookup=1.334018, sale_lookup_and_cache=1.248555, inventory_lock_query=87.840972, stock_validation=0.033885, user_limit_query=1.775338, order_persist=0.341903, items_persist_and_stock_changes=0.13123, reservation_persist=0.104831, response_queries_and_auto_flush=7.277172, transaction_completion=1.783736}
api2-1        | 2026-09-09T04:45:17.164Z  INFO 1 --- [limited-goods] [nio-8080-exec-3] c.limitedgoods.purchases.PurchaseTrace   : purchase_timing request_id=a1a0999398893aca5d56a855c547660a sale=c9d27d0c-60e3-4fda-b485-60c995294350 order=5f4b6698-c5aa-42e9-8045-7713bb75cd1e outcome=success final_phase=transaction_completion total_ms=95.865112 after_lock_until_proxy_exit_ms=89.524219 stages_ms={transaction_entry=0.3306, request_preparation=0.101233, idempotency_lock_query=1.485465, idempotency_lookup=0.771825, sale_lookup_and_cache=1.040567, inventory_lock_query=2.611484, stock_validation=0.030188, user_limit_query=1.625473, order_persist=0.302347, items_persist_and_stock_changes=0.090022, reservation_persist=0.069963, response_queries_and_auto_flush=85.547036, transaction_completion=1.858909}
api2-1        | 2026-09-09T04:45:17.260Z  INFO 1 --- [limited-goods] [nio-8080-exec-1] c.limitedgoods.purchases.PurchaseTrace   : purchase_timing request_id=432aa27e18610a6100386ddfd547854d sale=c9d27d0c-60e3-4fda-b485-60c995294350 order=85acf2f8-e154-4b3a-8929-a729618c094c outcome=success final_phase=transaction_completion total_ms=90.463499 after_lock_until_proxy_exit_ms=84.232264 stages_ms={transaction_entry=0.405014, request_preparation=0.057339, idempotency_lock_query=1.734289, idempotency_lookup=1.264624, sale_lookup_and_cache=1.022483, inventory_lock_query=1.747877, stock_validation=0.020058, user_limit_query=1.093, order_persist=0.220862, items_persist_and_stock_changes=0.113446, reservation_persist=0.079462, response_queries_and_auto_flush=80.724534, transaction_completion=1.980511}
worker-1      | 2026-09-09T04:45:04.531Z  INFO 1 --- [limited-goods] [           main] com.limitedgoods.Application             : Started Application in 24.192 seconds (process running for 26.123)
worker-1      | 2026-09-09T04:45:05.032Z  INFO 1 --- [limited-goods] [nio-8080-exec-2] o.a.c.c.C.[Tomcat].[localhost].[/]       : Initializing Spring DispatcherServlet 'dispatcherServlet'
worker-1      | 2026-09-09T04:45:05.032Z  INFO 1 --- [limited-goods] [nio-8080-exec-2] o.s.web.servlet.DispatcherServlet        : Initializing Servlet 'dispatcherServlet'
worker-1      | 2026-09-09T04:45:05.034Z  INFO 1 --- [limited-goods] [nio-8080-exec-2] o.s.web.servlet.DispatcherServlet        : Completed initialization in 1 ms
api1-1        | 2026-09-09T04:45:24.879Z  INFO 1 --- [limited-goods] [nio-8080-exec-4] c.limitedgoods.purchases.PurchaseTrace   : purchase_timing request_id=90b28fbc13e922512bd4f4c03c06d048 sale=c9d27d0c-60e3-4fda-b485-60c995294350 order=f1310457-94e3-4c49-b588-5265a6d01cac outcome=success final_phase=transaction_completion total_ms=12.797215 after_lock_until_proxy_exit_ms=9.097204 stages_ms={transaction_entry=0.253985, request_preparation=0.058542, idempotency_lock_query=0.812137, idempotency_lookup=0.679318, sale_lookup_and_cache=0.619803, inventory_lock_query=1.276497, stock_validation=0.011902999999999999, user_limit_query=0.474255, order_persist=0.121652, items_persist_and_stock_changes=0.043002, reservation_persist=0.04177, response_queries_and_auto_flush=2.929251, transaction_completion=5.4751}
api1-1        | 2026-09-09T04:45:24.977Z  INFO 1 --- [limited-goods] [nio-8080-exec-2] c.limitedgoods.purchases.PurchaseTrace   : purchase_timing request_id=e5b3f7ad9b96efd9ce4048c5b6eb1a7e sale=c9d27d0c-60e3-4fda-b485-60c995294350 order=9bcdc45a-61ac-494c-b397-de289ac00db8 outcome=success final_phase=transaction_completion total_ms=10.76594 after_lock_until_proxy_exit_ms=5.922363 stages_ms={transaction_entry=0.877927, request_preparation=0.145978, idempotency_lock_query=0.973118, idempotency_lookup=0.674076, sale_lookup_and_cache=0.787554, inventory_lock_query=1.385575, stock_validation=0.014437, user_limit_query=1.086454, order_persist=0.139186, items_persist_and_stock_changes=0.05778, reservation_persist=0.05723, response_queries_and_auto_flush=3.483498, transaction_completion=1.083127}
api2-1        | 2026-09-09T04:45:17.280Z  INFO 1 --- [limited-goods] [nio-8080-exec-3] c.limitedgoods.purchases.PurchaseTrace   : purchase_timing request_id=92bb037069bea31e2c2946040cdee95a sale=c9d27d0c-60e3-4fda-b485-60c995294350 order=0bc83062-c145-490a-a16a-9bbf6ea1cc4e outcome=success final_phase=transaction_completion total_ms=12.298858 after_lock_until_proxy_exit_ms=8.125192 stages_ms={transaction_entry=0.158172, request_preparation=0.027202, idempotency_lock_query=0.772443, idempotency_lookup=0.635461, sale_lookup_and_cache=0.922153, inventory_lock_query=1.659327, stock_validation=0.025919, user_limit_query=1.249987, order_persist=0.184382, items_persist_and_stock_changes=0.083239, reservation_persist=0.064433, response_queries_and_auto_flush=5.179049, transaction_completion=1.337091}
api2-1        | 2026-09-09T04:45:17.383Z  INFO 1 --- [limited-goods] [nio-8080-exec-1] c.limitedgoods.purchases.PurchaseTrace   : purchase_timing request_id=4d9f179c32e1e7b42ee8b18aaf5b4d97 sale=c9d27d0c-60e3-4fda-b485-60c995294350 order=7b476d93-167d-4488-8ced-9d0c5af09e33 outcome=success final_phase=transaction_completion total_ms=13.744631 after_lock_until_proxy_exit_ms=7.718006 stages_ms={transaction_entry=0.494233, request_preparation=0.070665, idempotency_lock_query=1.15156, idempotency_lookup=1.262468, sale_lookup_and_cache=0.855994, inventory_lock_query=2.192045, stock_validation=0.035659, user_limit_query=1.158151, order_persist=0.200623, items_persist_and_stock_changes=0.111312, reservation_persist=0.153022, response_queries_and_auto_flush=4.670918, transaction_completion=1.387981}
api2-1        | 2026-09-09T04:45:17.483Z  INFO 1 --- [limited-goods] [nio-8080-exec-3] c.limitedgoods.purchases.PurchaseTrace   : purchase_timing request_id=60fe5751a5cd88b5a872dbb197056b31 sale=c9d27d0c-60e3-4fda-b485-60c995294350 order=9451c152-e68c-4e74-875a-174139af4478 outcome=success final_phase=transaction_completion total_ms=14.244405 after_lock_until_proxy_exit_ms=8.466454 stages_ms={transaction_entry=0.332986, request_preparation=0.030689, idempotency_lock_query=1.152439, idempotency_lookup=0.863018, sale_lookup_and_cache=1.099201, inventory_lock_query=2.30035, stock_validation=0.026029, user_limit_query=1.353684, order_persist=0.327726, items_persist_and_stock_changes=0.11027, reservation_persist=0.120721, response_queries_and_auto_flush=4.894837, transaction_completion=1.632455}
api1-1        | 2026-09-09T04:45:25.076Z  INFO 1 --- [limited-goods] [nio-8080-exec-5] c.limitedgoods.purchases.PurchaseTrace   : purchase_timing request_id=778d25f4b8c8814f1e89011124f1a009 sale=c9d27d0c-60e3-4fda-b485-60c995294350 order=dd6bc71c-2d58-47d7-94c3-6cbd958c2ef8 outcome=success final_phase=transaction_completion total_ms=10.008413 after_lock_until_proxy_exit_ms=5.864042 stages_ms={transaction_entry=0.64979, request_preparation=0.136601, idempotency_lock_query=0.812331, idempotency_lookup=0.599394, sale_lookup_and_cache=0.529661, inventory_lock_query=1.416924, stock_validation=0.011382, user_limit_query=0.8854, order_persist=0.163131, items_persist_and_stock_changes=0.062911, reservation_persist=0.044184, response_queries_and_auto_flush=3.492957, transaction_completion=1.203747}
api1-1        | 2026-09-09T04:45:25.175Z  INFO 1 --- [limited-goods] [nio-8080-exec-6] c.limitedgoods.purchases.PurchaseTrace   : purchase_timing request_id=a916be0cb3edabacf7ef90008b775940 sale=c9d27d0c-60e3-4fda-b485-60c995294350 order=a1915361-147e-406c-9d47-9e9cacbadf4f outcome=success final_phase=transaction_completion total_ms=8.647737 after_lock_until_proxy_exit_ms=4.650758 stages_ms={transaction_entry=0.28281, request_preparation=0.032191, idempotency_lock_query=0.834854, idempotency_lookup=0.804525, sale_lookup_and_cache=0.634101, inventory_lock_query=1.408859, stock_validation=0.012814, user_limit_query=0.503621, order_persist=0.122183, items_persist_and_stock_changes=0.046629, reservation_persist=0.041319, response_queries_and_auto_flush=2.746443, transaction_completion=1.177388}
api1-1        | 2026-09-09T04:45:25.478Z  INFO 1 --- [limited-goods] [nio-8080-exec-2] c.limitedgoods.purchases.PurchaseTrace   : purchase_timing request_id=321eb762cef46ed8f748b9a8ed2a3cac sale=c9d27d0c-60e3-4fda-b485-60c995294350 order=e33d12bd-0e84-46d9-93b6-4c111271421c outcome=success final_phase=transaction_completion total_ms=11.963094 after_lock_until_proxy_exit_ms=6.799368 stages_ms={transaction_entry=0.494082, request_preparation=0.095242, idempotency_lock_query=1.070734, idempotency_lookup=0.819544, sale_lookup_and_cache=0.756363, inventory_lock_query=1.928202, stock_validation=0.020048, user_limit_query=1.427965, order_persist=0.194912, items_persist_and_stock_changes=0.076526, reservation_persist=0.118056, response_queries_and_auto_flush=3.788712, transaction_completion=1.172708}
api2-1        | 2026-09-09T04:45:17.584Z  INFO 1 --- [limited-goods] [nio-8080-exec-4] c.limitedgoods.purchases.PurchaseTrace   : purchase_timing request_id=fbd99452e9ddca6e08efb6b36d37b2a1 sale=c9d27d0c-60e3-4fda-b485-60c995294350 order=6679d30c-a115-4fa3-986b-72b95359cf30 outcome=success final_phase=transaction_completion total_ms=13.941425 after_lock_until_proxy_exit_ms=8.038737 stages_ms={transaction_entry=0.318238, request_preparation=0.034205, idempotency_lock_query=1.220979, idempotency_lookup=0.920368, sale_lookup_and_cache=1.190643, inventory_lock_query=2.218977, stock_validation=0.023403999999999998, user_limit_query=0.989339, order_persist=0.154595, items_persist_and_stock_changes=0.179994, reservation_persist=0.080824, response_queries_and_auto_flush=4.955662, transaction_completion=1.654197}
api2-1        | 2026-09-09T04:45:17.683Z  INFO 1 --- [limited-goods] [nio-8080-exec-5] c.limitedgoods.purchases.PurchaseTrace   : purchase_timing request_id=d541eaa09e39521e0eaaa5595c237058 sale=c9d27d0c-60e3-4fda-b485-60c995294350 order=0e45def3-df94-41cc-876e-f1dd0a77b746 outcome=success final_phase=transaction_completion total_ms=13.805628 after_lock_until_proxy_exit_ms=8.066341 stages_ms={transaction_entry=0.459076, request_preparation=0.052651, idempotency_lock_query=1.272258, idempotency_lookup=1.07863, sale_lookup_and_cache=0.92222, inventory_lock_query=1.955154, stock_validation=0.027061, user_limit_query=1.308388, order_persist=0.228245, items_persist_and_stock_changes=0.109099, reservation_persist=0.060205, response_queries_and_auto_flush=4.977073, transaction_completion=1.355568}
api2-1        | 2026-09-09T04:45:17.783Z  INFO 1 --- [limited-goods] [nio-8080-exec-2] c.limitedgoods.purchases.PurchaseTrace   : purchase_timing request_id=439dcbd05572f85eb7ebc0722bd27400 sale=c9d27d0c-60e3-4fda-b485-60c995294350 order=9bd936f6-2bdf-4aa6-9eee-423c60d0ccc8 outcome=success final_phase=transaction_completion total_ms=14.248493 after_lock_until_proxy_exit_ms=8.120814 stages_ms={transaction_entry=0.432365, request_preparation=0.049866, idempotency_lock_query=1.248944, idempotency_lookup=1.022462, sale_lookup_and_cache=0.889017, inventory_lock_query=2.485996, stock_validation=0.032332, user_limit_query=1.101112, order_persist=0.135068, items_persist_and_stock_changes=0.232474, reservation_persist=0.070164, response_queries_and_auto_flush=5.176484, transaction_completion=1.372209}
api2-1        | 2026-09-09T04:45:17.883Z  INFO 1 --- [limited-goods] [nio-8080-exec-1] c.limitedgoods.purchases.PurchaseTrace   : purchase_timing request_id=5e06bbed4b474b85b23f658ef01376b4 sale=c9d27d0c-60e3-4fda-b485-60c995294350 order=a686db7a-89ed-453a-842c-ac237e94c466 outcome=success final_phase=transaction_completion total_ms=14.358434 after_lock_until_proxy_exit_ms=7.875519 stages_ms={transaction_entry=0.296746, request_preparation=0.079121, idempotency_lock_query=1.30927, idempotency_lookup=1.040116, sale_lookup_and_cache=1.038473, inventory_lock_query=2.720041, stock_validation=0.029526, user_limit_query=1.531777, order_persist=0.206104, items_persist_and_stock_changes=0.133895, reservation_persist=0.089982, response_queries_and_auto_flush=3.938009, transaction_completion=1.945374}
api2-1        | 2026-09-09T04:45:17.980Z  INFO 1 --- [limited-goods] [nio-8080-exec-3] c.limitedgoods.purchases.PurchaseTrace   : purchase_timing request_id=890fa5e72368c14af6c0601c340811ca sale=c9d27d0c-60e3-4fda-b485-60c995294350 order=a144f1d2-6d25-456e-8998-5c2c9abe8b41 outcome=success final_phase=transaction_completion total_ms=12.859221 after_lock_until_proxy_exit_ms=6.661458 stages_ms={transaction_entry=0.302217, request_preparation=0.032261, idempotency_lock_query=1.611379, idempotency_lookup=1.259902, sale_lookup_and_cache=1.005179, inventory_lock_query=1.987636, stock_validation=0.02608, user_limit_query=1.031539, order_persist=0.157401, items_persist_and_stock_changes=0.060345, reservation_persist=0.054444, response_queries_and_auto_flush=3.925124, transaction_completion=1.405714}
api2-1        | 2026-09-09T04:45:18.078Z  INFO 1 --- [limited-goods] [nio-8080-exec-4] c.limitedgoods.purchases.PurchaseTrace   : purchase_timing request_id=a2cca420531cbebd9e732f6ad6bcf1b9 sale=c9d27d0c-60e3-4fda-b485-60c995294350 order=b4483f48-fd17-4216-a06b-5333a7eb0d80 outcome=success final_phase=transaction_completion total_ms=11.67508 after_lock_until_proxy_exit_ms=6.916543 stages_ms={transaction_entry=0.294232, request_preparation=0.031049, idempotency_lock_query=1.149554, idempotency_lookup=0.662247, sale_lookup_and_cache=0.640603, inventory_lock_query=1.981713, stock_validation=0.020771, user_limit_query=1.101589, order_persist=0.21468, items_persist_and_stock_changes=0.133815, reservation_persist=0.065064, response_queries_and_auto_flush=3.985189, transaction_completion=1.394574}
api2-1        | 2026-09-09T04:45:18.570Z  INFO 1 --- [limited-goods] [nio-8080-exec-1] c.limitedgoods.purchases.PurchaseTrace   : purchase_timing request_id=44e3a401b3d230353c0aa61d7a3bacf6 sale=c9d27d0c-60e3-4fda-b485-60c995294350 order=c0c980a6-8198-4547-ae99-35db36cba8ae outcome=success final_phase=transaction_completion total_ms=103.428773 after_lock_until_proxy_exit_ms=11.733812 stages_ms={transaction_entry=0.293701, request_preparation=0.03162, idempotency_lock_query=1.320301, idempotency_lookup=1.152711, sale_lookup_and_cache=0.990631, inventory_lock_query=87.907029, stock_validation=0.028744, user_limit_query=2.446261, order_persist=0.391037, items_persist_and_stock_changes=0.124117, reservation_persist=0.150858, response_queries_and_auto_flush=7.190738, transaction_completion=1.401025}
api2-1        | 2026-09-09T04:45:18.760Z  INFO 1 --- [limited-goods] [nio-8080-exec-5] c.limitedgoods.purchases.PurchaseTrace   : purchase_timing request_id=0fa7526aba8ec29b503d1a8ca95061ca sale=c9d27d0c-60e3-4fda-b485-60c995294350 order=3f98dacb-a6de-4c3e-b2e3-1a6409c49009 outcome=success final_phase=transaction_completion total_ms=593.650027 after_lock_until_proxy_exit_ms=9.866707 stages_ms={transaction_entry=0.282539, request_preparation=0.04167, idempotency_lock_query=0.988878, idempotency_lookup=1.019997, sale_lookup_and_cache=0.693243, inventory_lock_query=580.757374, stock_validation=0.02613, user_limit_query=1.570518, order_persist=0.28827, items_persist_and_stock_changes=0.095983, reservation_persist=0.082498, response_queries_and_auto_flush=5.9402, transaction_completion=1.862727}
api2-1        | 2026-09-09T04:45:18.773Z  INFO 1 --- [limited-goods] [nio-8080-exec-3] c.limitedgoods.purchases.PurchaseTrace   : purchase_timing request_id=e332237e1815b0ffa9833db7250495f2 sale=c9d27d0c-60e3-4fda-b485-60c995294350 order=faa942ed-2d54-4b4e-8e72-42d3546bd850 outcome=success final_phase=transaction_completion total_ms=506.234607 after_lock_until_proxy_exit_ms=11.771783 stages_ms={transaction_entry=0.384705, request_preparation=0.103447, idempotency_lock_query=1.280174, idempotency_lookup=0.662575, sale_lookup_and_cache=0.692873, inventory_lock_query=491.340163, stock_validation=0.03162, user_limit_query=2.092212, order_persist=0.248645, items_persist_and_stock_changes=0.189602, reservation_persist=0.080283, response_queries_and_auto_flush=7.105355, transaction_completion=2.022953}
api2-1        | 2026-09-09T04:45:18.791Z  INFO 1 --- [limited-goods] [nio-8080-exec-4] c.limitedgoods.purchases.PurchaseTrace   : purchase_timing request_id=3ca0fce5dccd38196965e0f7f967135d sale=c9d27d0c-60e3-4fda-b485-60c995294350 order=43d6195e-a1a1-4ff0-ac23-a3c2a8b34e79 outcome=success final_phase=transaction_completion total_ms=424.466458 after_lock_until_proxy_exit_ms=17.412973 stages_ms={transaction_entry=0.288601, request_preparation=0.027643, idempotency_lock_query=1.352403, idempotency_lookup=0.981223, sale_lookup_and_cache=1.114658, inventory_lock_query=403.289799, stock_validation=0.032541, user_limit_query=1.836276, order_persist=0.279284, items_persist_and_stock_changes=0.080573, reservation_persist=0.062099, response_queries_and_auto_flush=13.41444, transaction_completion=1.706918}
api2-1        | 2026-09-09T04:45:18.866Z  INFO 1 --- [limited-goods] [nio-8080-exec-1] c.limitedgoods.purchases.PurchaseTrace   : purchase_timing request_id=c9687736b44b306aac07e32687ddd596 sale=c9d27d0c-60e3-4fda-b485-60c995294350 order=ee9f2462-a4ce-4033-8c2d-1ad8966dc8f3 outcome=success final_phase=transaction_completion total_ms=197.149892 after_lock_until_proxy_exit_ms=12.061719 stages_ms={transaction_entry=0.329139, request_preparation=0.038042, idempotency_lock_query=1.166868, idempotency_lookup=0.632627, sale_lookup_and_cache=0.714985, inventory_lock_query=182.207043, stock_validation=0.034446, user_limit_query=4.461368, order_persist=0.254156, items_persist_and_stock_changes=0.10476, reservation_persist=0.077858, response_queries_and_auto_flush=5.517383, transaction_completion=1.611217}
api2-1        | 2026-09-09T04:45:19.052Z  INFO 1 --- [limited-goods] [nio-8080-exec-3] c.limitedgoods.purchases.PurchaseTrace   : purchase_timing request_id=674b8940caa2391b106f3aa86c8bdce5 sale=c9d27d0c-60e3-4fda-b485-60c995294350 order=66f8bacb-4fb1-479e-b2c6-de9f29d2f9f0 outcome=success final_phase=transaction_completion total_ms=185.474651 after_lock_until_proxy_exit_ms=7.103532 stages_ms={transaction_entry=0.260808, request_preparation=0.040807, idempotency_lock_query=1.140347, idempotency_lookup=1.051409, sale_lookup_and_cache=1.26307, inventory_lock_query=174.61582, stock_validation=0.032643, user_limit_query=1.444028, order_persist=0.193389, items_persist_and_stock_changes=0.053492, reservation_persist=0.113427, response_queries_and_auto_flush=3.882802, transaction_completion=1.382609}
api2-1        | 2026-09-09T04:45:19.278Z  INFO 1 --- [limited-goods] [nio-8080-exec-2] c.limitedgoods.purchases.PurchaseTrace   : purchase_timing request_id=d2b82a4089defeb5e234fd50b9a0231d sale=c9d27d0c-60e3-4fda-b485-60c995294350 order=75284bcc-6d53-4a94-84fc-0c2c64e4a802 outcome=success final_phase=transaction_completion total_ms=11.218085 after_lock_until_proxy_exit_ms=6.646077 stages_ms={transaction_entry=0.34566, request_preparation=0.044525, idempotency_lock_query=1.047237, idempotency_lookup=0.735846, sale_lookup_and_cache=0.819855, inventory_lock_query=1.579336, stock_validation=0.016511, user_limit_query=1.097705, order_persist=0.170125, items_persist_and_stock_changes=0.052179, reservation_persist=0.049846, response_queries_and_auto_flush=4.141128, transaction_completion=1.118132}
api2-1        | 2026-09-09T04:45:19.642Z  INFO 1 --- [limited-goods] [nio-8080-exec-5] c.limitedgoods.purchases.PurchaseTrace   : purchase_timing request_id=0a9679de1cd8a81249edce2dc99f5976 sale=c9d27d0c-60e3-4fda-b485-60c995294350 order=cfb63264-c8bf-45cf-835d-5364a1ebdcc8 outcome=success final_phase=transaction_completion total_ms=76.057887 after_lock_until_proxy_exit_ms=9.819815 stages_ms={transaction_entry=0.331874, request_preparation=0.038463, idempotency_lock_query=1.001303, idempotency_lookup=0.7184, sale_lookup_and_cache=0.804427, inventory_lock_query=63.345739, stock_validation=0.042841000000000004, user_limit_query=1.87605, order_persist=0.250739, items_persist_and_stock_changes=0.23058, reservation_persist=0.085303, response_queries_and_auto_flush=5.928159, transaction_completion=1.404009}
api2-1        | 2026-09-09T04:45:19.678Z  INFO 1 --- [limited-goods] [nio-8080-exec-2] c.limitedgoods.purchases.PurchaseTrace   : purchase_timing request_id=e9825c3ac71851172cddded618f9bcc0 sale=c9d27d0c-60e3-4fda-b485-60c995294350 order=94afdaf9-372c-42d2-bbf4-7fe8c1a10e11 outcome=success final_phase=transaction_completion total_ms=12.048412 after_lock_until_proxy_exit_ms=7.874133 stages_ms={transaction_entry=0.237253, request_preparation=0.022904, idempotency_lock_query=0.973909, idempotency_lookup=0.585317, sale_lookup_and_cache=0.763056, inventory_lock_query=1.592271, stock_validation=0.017372000000000002, user_limit_query=0.981026, order_persist=0.173361, items_persist_and_stock_changes=0.06823, reservation_persist=0.047852, response_queries_and_auto_flush=4.761828, transaction_completion=1.824033}
api1-1        | 2026-09-09T04:45:25.582Z  INFO 1 --- [limited-goods] [nio-8080-exec-5] c.limitedgoods.purchases.PurchaseTrace   : purchase_timing request_id=3be6151c9a5884045d7d27263cc2d8c4 sale=c9d27d0c-60e3-4fda-b485-60c995294350 order=6196f197-70db-4a58-b2c4-12e534e35a1e outcome=success final_phase=transaction_completion total_ms=13.792958 after_lock_until_proxy_exit_ms=7.263707 stages_ms={transaction_entry=0.364556, request_preparation=0.037632, idempotency_lock_query=1.346559, idempotency_lookup=1.055074, sale_lookup_and_cache=0.938512, inventory_lock_query=2.787459, stock_validation=0.020279000000000002, user_limit_query=1.593733, order_persist=0.170345, items_persist_and_stock_changes=0.045066, reservation_persist=0.044485, response_queries_and_auto_flush=4.1227, transaction_completion=1.266558}
api1-1        | 2026-09-09T04:45:25.774Z  INFO 1 --- [limited-goods] [nio-8080-exec-4] c.limitedgoods.purchases.PurchaseTrace   : purchase_timing request_id=d05a04bbf9a2ff58252f589b914c1983 sale=c9d27d0c-60e3-4fda-b485-60c995294350 order=214f8cfe-6dd5-495a-9e9c-aa326e51aba9 outcome=success final_phase=transaction_completion total_ms=8.666292 after_lock_until_proxy_exit_ms=4.77293 stages_ms={transaction_entry=0.253744, request_preparation=0.025088, idempotency_lock_query=0.802141, idempotency_lookup=0.683424, sale_lookup_and_cache=0.689647, inventory_lock_query=1.440209, stock_validation=0.018756, user_limit_query=0.568164, order_persist=0.117174, items_persist_and_stock_changes=0.044004, reservation_persist=0.093258, response_queries_and_auto_flush=2.69255, transaction_completion=1.238133}
api1-1        | 2026-09-09T04:45:25.877Z  INFO 1 --- [limited-goods] [nio-8080-exec-3] c.limitedgoods.purchases.PurchaseTrace   : purchase_timing request_id=41ed14dbf0a190ef3cce60f620ef7fd4 sale=c9d27d0c-60e3-4fda-b485-60c995294350 order=3d261ff1-f424-4392-b52e-7db30c3c2439 outcome=success final_phase=transaction_completion total_ms=10.720422 after_lock_until_proxy_exit_ms=7.068231 stages_ms={transaction_entry=0.22523, request_preparation=0.06805, idempotency_lock_query=0.895619, idempotency_lookup=0.524461, sale_lookup_and_cache=0.609053, inventory_lock_query=1.330118, stock_validation=0.016642, user_limit_query=0.881202, order_persist=0.124698, items_persist_and_stock_changes=0.042912, reservation_persist=0.092286, response_queries_and_auto_flush=4.498276, transaction_completion=1.411875}
api1-1        | 2026-09-09T04:45:26.076Z  INFO 1 --- [limited-goods] [nio-8080-exec-1] c.limitedgoods.purchases.PurchaseTrace   : purchase_timing request_id=e46cdfbb453249f0ab2f7b22abbbcd1d sale=c9d27d0c-60e3-4fda-b485-60c995294350 order=7b5d201b-2448-4e48-9afd-4a85a2deaf6a outcome=success final_phase=transaction_completion total_ms=9.782643 after_lock_until_proxy_exit_ms=5.763061 stages_ms={transaction_entry=0.250849, request_preparation=0.024016, idempotency_lock_query=0.710906, idempotency_lookup=0.515895, sale_lookup_and_cache=1.008504, inventory_lock_query=1.509783, stock_validation=0.014727, user_limit_query=0.923322, order_persist=0.1205, items_persist_and_stock_changes=0.046018, reservation_persist=0.040828, response_queries_and_auto_flush=3.482138, transaction_completion=1.135157}
api2-1        | 2026-09-09T04:45:19.778Z  INFO 1 --- [limited-goods] [nio-8080-exec-1] c.limitedgoods.purchases.PurchaseTrace   : purchase_timing request_id=bbb723c78b2a49804cd09a1250226607 sale=c9d27d0c-60e3-4fda-b485-60c995294350 order=6de1e865-aba8-49cf-80e1-8a433ddf06a3 outcome=success final_phase=transaction_completion total_ms=12.246911 after_lock_until_proxy_exit_ms=6.679783 stages_ms={transaction_entry=0.922058, request_preparation=0.105702, idempotency_lock_query=1.003977, idempotency_lookup=0.691031, sale_lookup_and_cache=0.824404, inventory_lock_query=2.020396, stock_validation=0.029075999999999998, user_limit_query=1.0583, order_persist=0.157831, items_persist_and_stock_changes=0.054464, reservation_persist=0.048152, response_queries_and_auto_flush=4.1534, transaction_completion=1.17812}
api2-1        | 2026-09-09T04:45:19.878Z  INFO 1 --- [limited-goods] [nio-8080-exec-3] c.limitedgoods.purchases.PurchaseTrace   : purchase_timing request_id=adc25e354a302e0c1cf5e6d9e1c5df52 sale=c9d27d0c-60e3-4fda-b485-60c995294350 order=9eb79a38-e039-40a1-9d29-05b9b0f8b597 outcome=success final_phase=transaction_completion total_ms=11.524543 after_lock_until_proxy_exit_ms=7.13873 stages_ms={transaction_entry=0.604815, request_preparation=0.032752, idempotency_lock_query=0.801821, idempotency_lookup=0.791942, sale_lookup_and_cache=0.723752, inventory_lock_query=1.431192, stock_validation=0.0163, user_limit_query=1.172398, order_persist=0.167059, items_persist_and_stock_changes=0.055156, reservation_persist=0.048653, response_queries_and_auto_flush=4.560879, transaction_completion=1.117824}
api1-1        | 2026-09-09T04:45:26.477Z  INFO 1 --- [limited-goods] [nio-8080-exec-5] c.limitedgoods.purchases.PurchaseTrace   : purchase_timing request_id=4555aed7e7a94f26c4cc6263671e04e1 sale=c9d27d0c-60e3-4fda-b485-60c995294350 order=8b0169dc-05d0-4107-86e6-48a5dc7918fc outcome=success final_phase=transaction_completion total_ms=10.455406 after_lock_until_proxy_exit_ms=5.833866 stages_ms={transaction_entry=0.579295, request_preparation=0.076636, idempotency_lock_query=0.782923, idempotency_lookup=0.781763, sale_lookup_and_cache=0.742087, inventory_lock_query=1.659377, stock_validation=0.014728, user_limit_query=0.950324, order_persist=0.156209, items_persist_and_stock_changes=0.056077, reservation_persist=0.044114, response_queries_and_auto_flush=3.168668, transaction_completion=1.443205}
api1-1        | 2026-09-09T04:45:26.586Z  INFO 1 --- [limited-goods] [nio-8080-exec-1] c.limitedgoods.purchases.PurchaseTrace   : purchase_timing request_id=c327bb10ad3096632210307ad85f5275 sale=c9d27d0c-60e3-4fda-b485-60c995294350 order=e17c40c7-87ee-476c-acf7-0ff6b7a67248 outcome=success final_phase=transaction_completion total_ms=19.118602 after_lock_until_proxy_exit_ms=11.091712 stages_ms={transaction_entry=0.36149, request_preparation=0.034055, idempotency_lock_query=1.414038, idempotency_lookup=1.065874, sale_lookup_and_cache=1.129677, inventory_lock_query=4.02386, stock_validation=0.030048000000000002, user_limit_query=3.248769, order_persist=0.301075, items_persist_and_stock_changes=0.068581, reservation_persist=0.04709, response_queries_and_auto_flush=5.779553, transaction_completion=1.614492}
api2-1        | 2026-09-09T04:45:19.978Z  INFO 1 --- [limited-goods] [nio-8080-exec-2] c.limitedgoods.purchases.PurchaseTrace   : purchase_timing request_id=492abef4d9a77437c1ce8b9441400cca sale=c9d27d0c-60e3-4fda-b485-60c995294350 order=9c09fe08-2d5e-4207-97d1-3a2a0959440e outcome=success final_phase=transaction_completion total_ms=11.179242 after_lock_until_proxy_exit_ms=5.716625 stages_ms={transaction_entry=0.545903, request_preparation=0.033674, idempotency_lock_query=1.218764, idempotency_lookup=0.70191, sale_lookup_and_cache=0.994509, inventory_lock_query=1.968899, stock_validation=0.020641, user_limit_query=1.051897, order_persist=0.189883, items_persist_and_stock_changes=0.069953, reservation_persist=0.122404, response_queries_and_auto_flush=3.1318, transaction_completion=1.129005}
api2-1        | 2026-09-09T04:45:20.076Z  INFO 1 --- [limited-goods] [nio-8080-exec-4] c.limitedgoods.purchases.PurchaseTrace   : purchase_timing request_id=969335e1be277eedca25f0722494772e sale=c9d27d0c-60e3-4fda-b485-60c995294350 order=b88e0364-b12f-4bcb-b43c-a0134b7608e8 outcome=success final_phase=transaction_completion total_ms=9.605251 after_lock_until_proxy_exit_ms=5.785546 stages_ms={transaction_entry=0.233856, request_preparation=0.022864, idempotency_lock_query=0.945626, idempotency_lookup=0.702181, sale_lookup_and_cache=0.564007, inventory_lock_query=1.351522, stock_validation=0.015047999999999999, user_limit_query=1.046578, order_persist=0.142512, items_persist_and_stock_changes=0.053773, reservation_persist=0.123516, response_queries_and_auto_flush=2.771331, transaction_completion=1.632437}
api2-1        | 2026-09-09T04:45:20.441Z  INFO 1 --- [limited-goods] [nio-8080-exec-2] c.limitedgoods.purchases.PurchaseTrace   : purchase_timing request_id=2040af0c66ccd760d0485d3e9f4df0ee sale=c9d27d0c-60e3-4fda-b485-60c995294350 order=e0230934-beb5-4117-be05-63289febdc0b outcome=success final_phase=transaction_completion total_ms=75.104968 after_lock_until_proxy_exit_ms=6.717375 stages_ms={transaction_entry=0.233606, request_preparation=0.025309, idempotency_lock_query=0.789066, idempotency_lookup=0.610335, sale_lookup_and_cache=0.794326, inventory_lock_query=65.935452, stock_validation=0.070664, user_limit_query=1.193129, order_persist=0.227765, items_persist_and_stock_changes=0.058371, reservation_persist=0.049224, response_queries_and_auto_flush=3.809984, transaction_completion=1.307737}
api2-1        | 2026-09-09T04:45:20.477Z  INFO 1 --- [limited-goods] [nio-8080-exec-4] c.limitedgoods.purchases.PurchaseTrace   : purchase_timing request_id=d2b3072ef968a24f98df4ff726bb805b sale=c9d27d0c-60e3-4fda-b485-60c995294350 order=2f6be096-ea07-48b1-b1ae-6bae8fa2331d outcome=success final_phase=transaction_completion total_ms=10.83749 after_lock_until_proxy_exit_ms=6.115836 stages_ms={transaction_entry=0.276889, request_preparation=0.035458, idempotency_lock_query=0.824932, idempotency_lookup=0.643421, sale_lookup_and_cache=0.806416, inventory_lock_query=2.134838, stock_validation=0.013975999999999999, user_limit_query=0.947039, order_persist=0.162911, items_persist_and_stock_changes=0.44527, reservation_persist=0.063962, response_queries_and_auto_flush=3.092205, transaction_completion=1.390173}
api2-1        | 2026-09-09T04:45:20.647Z  INFO 1 --- [limited-goods] [nio-8080-exec-1] c.limitedgoods.purchases.PurchaseTrace   : purchase_timing request_id=3526910079086e9ac23a48677b2a597b sale=c9d27d0c-60e3-4fda-b485-60c995294350 order=a18d822a-d80f-4e18-8a81-8f47929451b9 outcome=success final_phase=transaction_completion total_ms=81.539573 after_lock_until_proxy_exit_ms=7.544083 stages_ms={transaction_entry=0.308699, request_preparation=0.033254, idempotency_lock_query=1.20981, idempotency_lookup=0.923913, sale_lookup_and_cache=1.025708, inventory_lock_query=70.494677, stock_validation=0.02122, user_limit_query=1.061818, order_persist=0.250849, items_persist_and_stock_changes=0.06831, reservation_persist=0.055967, response_queries_and_auto_flush=4.463503, transaction_completion=1.621845}
api2-1        | 2026-09-09T04:45:20.879Z  INFO 1 --- [limited-goods] [nio-8080-exec-4] c.limitedgoods.purchases.PurchaseTrace   : purchase_timing request_id=4b8c514e9f8e9e8a0c7d8a640f54cb9e sale=c9d27d0c-60e3-4fda-b485-60c995294350 order=2e5989f5-4dbb-47b1-804a-1fd793d923b2 outcome=success final_phase=transaction_completion total_ms=12.889839 after_lock_until_proxy_exit_ms=7.716873 stages_ms={transaction_entry=0.23046, request_preparation=0.094851, idempotency_lock_query=0.854492, idempotency_lookup=0.817479, sale_lookup_and_cache=0.949514, inventory_lock_query=2.226671, stock_validation=0.019718000000000003, user_limit_query=1.13734, order_persist=0.167059, items_persist_and_stock_changes=0.063661, reservation_persist=0.04721, response_queries_and_auto_flush=4.800075, transaction_completion=1.481309}
api2-1        | 2026-09-09T04:45:20.978Z  INFO 1 --- [limited-goods] [nio-8080-exec-3] c.limitedgoods.purchases.PurchaseTrace   : purchase_timing request_id=3f2ab1157ea4dcb5b8e4e169f4d97195 sale=c9d27d0c-60e3-4fda-b485-60c995294350 order=a22be102-6ba5-498f-b412-63638905dbe7 outcome=success final_phase=transaction_completion total_ms=11.781177 after_lock_until_proxy_exit_ms=6.905138 stages_ms={transaction_entry=0.30348, request_preparation=0.034335, idempotency_lock_query=1.292137, idempotency_lookup=0.931077, sale_lookup_and_cache=0.743409, inventory_lock_query=1.572042, stock_validation=0.014317, user_limit_query=1.173418, order_persist=0.191806, items_persist_and_stock_changes=0.047711, reservation_persist=0.102576, response_queries_and_auto_flush=4.119363, transaction_completion=1.255506}
api2-1        | 2026-09-09T04:45:21.276Z  INFO 1 --- [limited-goods] [nio-8080-exec-4] c.limitedgoods.purchases.PurchaseTrace   : purchase_timing request_id=f2c900563b4b42e3331f074ae49607d6 sale=c9d27d0c-60e3-4fda-b485-60c995294350 order=a4e8dd08-1901-4539-b977-bb2ca4969328 outcome=success final_phase=transaction_completion total_ms=9.379775 after_lock_until_proxy_exit_ms=5.675824 stages_ms={transaction_entry=0.226322, request_preparation=0.029326, idempotency_lock_query=0.987366, idempotency_lookup=0.69135, sale_lookup_and_cache=0.563274, inventory_lock_query=1.206493, stock_validation=0.011342, user_limit_query=0.821217, order_persist=0.195834, items_persist_and_stock_changes=0.052681, reservation_persist=0.04232, response_queries_and_auto_flush=3.190741, transaction_completion=1.361509}
api2-1        | 2026-09-09T04:45:21.645Z  INFO 1 --- [limited-goods] [nio-8080-exec-5] c.limitedgoods.purchases.PurchaseTrace   : purchase_timing request_id=c116c05f1b6e434f887fcb7281e68986 sale=c9d27d0c-60e3-4fda-b485-60c995294350 order=68af244b-4b41-45c1-ae6c-2ebdd8c68c10 outcome=success final_phase=transaction_completion total_ms=79.450951 after_lock_until_proxy_exit_ms=6.834604 stages_ms={transaction_entry=0.28331, request_preparation=0.027513, idempotency_lock_query=0.834773, idempotency_lookup=0.648748, sale_lookup_and_cache=0.740564, inventory_lock_query=70.082652, stock_validation=0.023745000000000002, user_limit_query=1.035033, order_persist=0.300894, items_persist_and_stock_changes=0.061808, reservation_persist=0.10985, response_queries_and_auto_flush=3.994004, transaction_completion=1.308057}
api2-1        | 2026-09-09T04:45:21.744Z  INFO 1 --- [limited-goods] [nio-8080-exec-4] c.limitedgoods.purchases.PurchaseTrace   : purchase_timing request_id=0aa4c1af9e3c2a7987b5a487252f485b sale=c9d27d0c-60e3-4fda-b485-60c995294350 order=ae4b0123-9c18-46cd-b914-f398438b82ec outcome=success final_phase=transaction_completion total_ms=77.869803 after_lock_until_proxy_exit_ms=5.94016 stages_ms={transaction_entry=0.291857, request_preparation=0.074993, idempotency_lock_query=0.937799, idempotency_lookup=0.741986, sale_lookup_and_cache=0.631776, inventory_lock_query=69.251623, stock_validation=0.017193, user_limit_query=1.029766, order_persist=0.126431, items_persist_and_stock_changes=0.042872, reservation_persist=0.042, response_queries_and_auto_flush=3.319327, transaction_completion=1.36218}
api2-1        | 2026-09-09T04:45:21.875Z  INFO 1 --- [limited-goods] [nio-8080-exec-5] c.limitedgoods.purchases.PurchaseTrace   : purchase_timing request_id=6d69176af071b9a9c25cf721fb906e25 sale=c9d27d0c-60e3-4fda-b485-60c995294350 order=436c5404-feb1-4ea8-96f1-e73ce0c88994 outcome=success final_phase=transaction_completion total_ms=8.936868 after_lock_until_proxy_exit_ms=5.308362 stages_ms={transaction_entry=0.279534, request_preparation=0.027823, idempotency_lock_query=0.682913, idempotency_lookup=0.416034, sale_lookup_and_cache=0.46067, inventory_lock_query=1.762443, stock_validation=0.021121, user_limit_query=0.770121, order_persist=0.159895, items_persist_and_stock_changes=0.046569, reservation_persist=0.042441, response_queries_and_auto_flush=2.86562, transaction_completion=1.401684}
api2-1        | 2026-09-09T04:45:22.376Z  INFO 1 --- [limited-goods] [nio-8080-exec-3] c.limitedgoods.purchases.PurchaseTrace   : purchase_timing request_id=826268b1c543a100eae89e45be339485 sale=c9d27d0c-60e3-4fda-b485-60c995294350 order=3203cd3d-bf84-4f78-b02b-96dc359dc733 outcome=success final_phase=transaction_completion total_ms=9.47214 after_lock_until_proxy_exit_ms=5.035633 stages_ms={transaction_entry=0.758346, request_preparation=0.093839, idempotency_lock_query=0.918896, idempotency_lookup=0.556981, sale_lookup_and_cache=0.689946, inventory_lock_query=1.41886, stock_validation=0.013446, user_limit_query=0.613021, order_persist=0.231341, items_persist_and_stock_changes=0.053923, reservation_persist=0.044545, response_queries_and_auto_flush=2.953907, transaction_completion=1.125089}
api2-1        | 2026-09-09T04:45:22.473Z  INFO 1 --- [limited-goods] [nio-8080-exec-5] c.limitedgoods.purchases.PurchaseTrace   : purchase_timing request_id=17ede20e8b07cf9cf04cf9ada29e3a5b sale=c9d27d0c-60e3-4fda-b485-60c995294350 order=710302ec-7819-42fa-8f8d-338148f19ccb outcome=success final_phase=transaction_completion total_ms=7.827 after_lock_until_proxy_exit_ms=4.781526 stages_ms={transaction_entry=0.229638, request_preparation=0.02072, idempotency_lock_query=0.723782, idempotency_lookup=0.402599, sale_lookup_and_cache=0.511987, inventory_lock_query=1.157028, stock_validation=0.0107, user_limit_query=0.473905, order_persist=0.105011, items_persist_and_stock_changes=0.044364, reservation_persist=0.04163, response_queries_and_auto_flush=2.872913, transaction_completion=1.232723}
api2-1        | 2026-09-09T04:45:22.577Z  INFO 1 --- [limited-goods] [nio-8080-exec-4] c.limitedgoods.purchases.PurchaseTrace   : purchase_timing request_id=fc372db1752f898e94d483107e4d34b6 sale=c9d27d0c-60e3-4fda-b485-60c995294350 order=41c96d31-dc0b-4551-85bc-f4e464121ef0 outcome=success final_phase=transaction_completion total_ms=10.905678 after_lock_until_proxy_exit_ms=5.958644 stages_ms={transaction_entry=0.348656, request_preparation=0.085974, idempotency_lock_query=1.573524, idempotency_lookup=0.650301, sale_lookup_and_cache=0.92715, inventory_lock_query=1.36208, stock_validation=0.015561, user_limit_query=0.609863, order_persist=0.108978, items_persist_and_stock_changes=0.098908, reservation_persist=0.053412, response_queries_and_auto_flush=3.694633, transaction_completion=1.376638}
api2-1        | 2026-09-09T04:45:22.776Z  INFO 1 --- [limited-goods] [nio-8080-exec-5] c.limitedgoods.purchases.PurchaseTrace   : purchase_timing request_id=c6ca7d2a2a3de03594d3484377702950 sale=c9d27d0c-60e3-4fda-b485-60c995294350 order=8c4d68dc-9daa-4b0b-81db-3edf51d4e437 outcome=success final_phase=transaction_completion total_ms=10.095249 after_lock_until_proxy_exit_ms=5.984573 stages_ms={transaction_entry=0.254395, request_preparation=0.03145, idempotency_lock_query=0.996613, idempotency_lookup=0.63442, sale_lookup_and_cache=0.685609, inventory_lock_query=1.50852, stock_validation=0.013236, user_limit_query=0.58189, order_persist=0.133575, items_persist_and_stock_changes=0.051227, reservation_persist=0.040928, response_queries_and_auto_flush=3.972312, transaction_completion=1.191074}
api1-1        | 2026-09-09T04:45:26.874Z  INFO 1 --- [limited-goods] [nio-8080-exec-5] c.limitedgoods.purchases.PurchaseTrace   : purchase_timing request_id=71b092563d4fb5ab7436c942744ebe0e sale=c9d27d0c-60e3-4fda-b485-60c995294350 order=f3ca4b72-5dca-49a9-a410-203e8a369884 outcome=success final_phase=transaction_completion total_ms=8.011182 after_lock_until_proxy_exit_ms=4.765667 stages_ms={transaction_entry=0.253184, request_preparation=0.024737, idempotency_lock_query=0.731236, idempotency_lookup=0.401436, sale_lookup_and_cache=0.498682, inventory_lock_query=1.336731, stock_validation=0.012554000000000001, user_limit_query=0.501397, order_persist=0.128676, items_persist_and_stock_changes=0.056848, reservation_persist=0.164154, response_queries_and_auto_flush=2.669585, transaction_completion=1.231962}
api1-1        | 2026-09-09T04:45:27.175Z  INFO 1 --- [limited-goods] [nio-8080-exec-4] c.limitedgoods.purchases.PurchaseTrace   : purchase_timing request_id=f4c7cfa24431af27dacd3760aa4e41d0 sale=c9d27d0c-60e3-4fda-b485-60c995294350 order=d75b526c-b82c-486d-b541-af665a100972 outcome=success final_phase=transaction_completion total_ms=9.285194 after_lock_until_proxy_exit_ms=5.126647 stages_ms={transaction_entry=0.226783, request_preparation=0.045507, idempotency_lock_query=0.746235, idempotency_lookup=0.66064, sale_lookup_and_cache=0.897633, inventory_lock_query=1.58231, stock_validation=0.014116, user_limit_query=0.738301, order_persist=0.111223, items_persist_and_stock_changes=0.039615, reservation_persist=0.038945, response_queries_and_auto_flush=3.035835, transaction_completion=1.148051}
api1-1        | 2026-09-09T04:45:27.376Z  INFO 1 --- [limited-goods] [nio-8080-exec-3] c.limitedgoods.purchases.PurchaseTrace   : purchase_timing request_id=3a1ad6c4e14a86a786df7ae61496374e sale=c9d27d0c-60e3-4fda-b485-60c995294350 order=2e44fc59-6445-45b8-84c8-23e5a7d7fe32 outcome=success final_phase=transaction_completion total_ms=10.672872 after_lock_until_proxy_exit_ms=6.092088 stages_ms={transaction_entry=0.877807, request_preparation=0.086615, idempotency_lock_query=0.913934, idempotency_lookup=0.656483, sale_lookup_and_cache=0.569968, inventory_lock_query=1.476248, stock_validation=0.017362, user_limit_query=1.208527, order_persist=0.129587, items_persist_and_stock_changes=0.067209, reservation_persist=0.040898, response_queries_and_auto_flush=3.295971, transaction_completion=1.332263}
api1-1        | 2026-09-09T04:45:27.784Z  INFO 1 --- [limited-goods] [nio-8080-exec-1] c.limitedgoods.purchases.PurchaseTrace   : purchase_timing request_id=43a18b69bcc442166db75f226b58d6b2 sale=c9d27d0c-60e3-4fda-b485-60c995294350 order=d6bb4f2b-21c2-49b2-9354-f0507cdee9f8 outcome=success final_phase=transaction_completion total_ms=16.762056 after_lock_until_proxy_exit_ms=10.069722 stages_ms={transaction_entry=0.881192, request_preparation=0.081175, idempotency_lock_query=1.111321, idempotency_lookup=0.870171, sale_lookup_and_cache=0.866304, inventory_lock_query=2.883904, stock_validation=0.12043999999999999, user_limit_query=1.803132, order_persist=0.262461, items_persist_and_stock_changes=0.059914, reservation_persist=0.046008, response_queries_and_auto_flush=6.166622, transaction_completion=1.609412}
api2-1        | 2026-09-09T04:45:22.878Z  INFO 1 --- [limited-goods] [nio-8080-exec-4] c.limitedgoods.purchases.PurchaseTrace   : purchase_timing request_id=fbfe452fad9dad07bad4ba8f41799c76 sale=c9d27d0c-60e3-4fda-b485-60c995294350 order=83a3e41d-c371-4ab7-bf6c-f915bc69072b outcome=success final_phase=transaction_completion total_ms=11.497207 after_lock_until_proxy_exit_ms=6.838232 stages_ms={transaction_entry=0.298832, request_preparation=0.028023, idempotency_lock_query=0.956376, idempotency_lookup=0.720295, sale_lookup_and_cache=0.734983, inventory_lock_query=1.921898, stock_validation=0.032292, user_limit_query=0.942938, order_persist=0.231281, items_persist_and_stock_changes=0.221683, reservation_persist=0.080564, response_queries_and_auto_flush=4.099617, transaction_completion=1.228425}
api2-1        | 2026-09-09T04:45:22.977Z  INFO 1 --- [limited-goods] [nio-8080-exec-1] c.limitedgoods.purchases.PurchaseTrace   : purchase_timing request_id=0a385876d9d9e5fd8de26fcd02de3410 sale=c9d27d0c-60e3-4fda-b485-60c995294350 order=9fbefd2b-cef6-40c9-9a8b-9d15b7a93382 outcome=success final_phase=transaction_completion total_ms=10.359725 after_lock_until_proxy_exit_ms=5.600068 stages_ms={transaction_entry=0.607383, request_preparation=0.171797, idempotency_lock_query=1.026858, idempotency_lookup=0.617639, sale_lookup_and_cache=0.648509, inventory_lock_query=1.687861, stock_validation=0.012584, user_limit_query=0.93246, order_persist=0.120049, items_persist_and_stock_changes=0.210923, reservation_persist=0.08409, response_queries_and_auto_flush=3.169199, transaction_completion=1.070373}
api2-1        | 2026-09-09T04:45:23.076Z  INFO 1 --- [limited-goods] [nio-8080-exec-3] c.limitedgoods.purchases.PurchaseTrace   : purchase_timing request_id=a26117860ab1d62b0a7244b1852fa2b2 sale=c9d27d0c-60e3-4fda-b485-60c995294350 order=71a3feaa-ccc7-40c7-9e7a-bf7b0f4e8e6e outcome=success final_phase=transaction_completion total_ms=9.933312 after_lock_until_proxy_exit_ms=6.179706 stages_ms={transaction_entry=0.241772, request_preparation=0.021511, idempotency_lock_query=0.841136, idempotency_lookup=0.384774, sale_lookup_and_cache=0.599815, inventory_lock_query=1.665018, stock_validation=0.017394, user_limit_query=0.708692, order_persist=0.374455, items_persist_and_stock_changes=0.061086, reservation_persist=0.046048, response_queries_and_auto_flush=3.466117, transaction_completion=1.505494}
api1-1        | 2026-09-09T04:45:28.174Z  INFO 1 --- [limited-goods] [nio-8080-exec-3] c.limitedgoods.purchases.PurchaseTrace   : purchase_timing request_id=7cc4e6665b44a02e3e271b3bb6ddc5ac sale=c9d27d0c-60e3-4fda-b485-60c995294350 order=30e4bd98-0983-4129-8c8e-580283fa9aee outcome=success final_phase=transaction_completion total_ms=9.648036 after_lock_until_proxy_exit_ms=4.985387 stages_ms={transaction_entry=0.576741, request_preparation=0.100551, idempotency_lock_query=0.844912, idempotency_lookup=0.807973, sale_lookup_and_cache=0.698233, inventory_lock_query=1.63461, stock_validation=0.013086, user_limit_query=0.730444, order_persist=0.1102, items_persist_and_stock_changes=0.038965, reservation_persist=0.040617, response_queries_and_auto_flush=2.903672, transaction_completion=1.148032}
api1-1        | 2026-09-09T04:45:28.273Z  INFO 1 --- [limited-goods] [nio-8080-exec-6] c.limitedgoods.purchases.PurchaseTrace   : purchase_timing request_id=d9e9244b5e75274e7c9b8ff8d12a40ac sale=c9d27d0c-60e3-4fda-b485-60c995294350 order=22f219ec-2ab9-47c0-ab8d-1f4251fb1a72 outcome=success final_phase=transaction_completion total_ms=8.374715 after_lock_until_proxy_exit_ms=4.964286 stages_ms={transaction_entry=0.22551, request_preparation=0.018255, idempotency_lock_query=0.720946, idempotency_lookup=0.450359, sale_lookup_and_cache=0.60245, inventory_lock_query=1.39367, stock_validation=0.013266, user_limit_query=0.549539, order_persist=0.189522, items_persist_and_stock_changes=0.054113, reservation_persist=0.039195, response_queries_and_auto_flush=2.932146, transaction_completion=1.185744}
api1-1        | 2026-09-09T04:45:28.638Z  INFO 1 --- [limited-goods] [nio-8080-exec-2] c.limitedgoods.purchases.PurchaseTrace   : purchase_timing request_id=fd16f8dc572095914e08a2e3e1f4e5a6 sale=c9d27d0c-60e3-4fda-b485-60c995294350 order=450b367f-950b-4230-83e2-57b546b296c0 outcome=success final_phase=transaction_completion total_ms=73.484335 after_lock_until_proxy_exit_ms=8.442797 stages_ms={transaction_entry=0.250268, request_preparation=0.035387, idempotency_lock_query=0.73836, idempotency_lookup=0.654088, sale_lookup_and_cache=0.600318, inventory_lock_query=62.764529, stock_validation=0.025199, user_limit_query=1.53081, order_persist=0.220881, items_persist_and_stock_changes=0.045638, reservation_persist=0.042561, response_queries_and_auto_flush=4.674043, transaction_completion=1.902253}
api1-1        | 2026-09-09T04:45:28.673Z  INFO 1 --- [limited-goods] [nio-8080-exec-5] c.limitedgoods.purchases.PurchaseTrace   : purchase_timing request_id=03e8e3da67d9cbff70d891b94c978f1c sale=c9d27d0c-60e3-4fda-b485-60c995294350 order=f6b7cebc-8fb8-49c7-9aad-135913323bb7 outcome=success final_phase=transaction_completion total_ms=8.391015 after_lock_until_proxy_exit_ms=4.641859 stages_ms={transaction_entry=0.271328, request_preparation=0.02637, idempotency_lock_query=0.713001, idempotency_lookup=0.470096, sale_lookup_and_cache=0.792263, inventory_lock_query=1.476488, stock_validation=0.013456000000000001, user_limit_query=0.622848, order_persist=0.111323, items_persist_and_stock_changes=0.040227, reservation_persist=0.038914, response_queries_and_auto_flush=2.739199, transaction_completion=1.075502}
api1-1        | 2026-09-09T04:45:28.775Z  INFO 1 --- [limited-goods] [nio-8080-exec-6] c.limitedgoods.purchases.PurchaseTrace   : purchase_timing request_id=68e5f4c8aa4586654c235e997fcd8308 sale=c9d27d0c-60e3-4fda-b485-60c995294350 order=01b1ef04-b123-4eaa-8218-bbad28a71b70 outcome=success final_phase=transaction_completion total_ms=10.941194 after_lock_until_proxy_exit_ms=6.216185 stages_ms={transaction_entry=0.311414, request_preparation=0.024026, idempotency_lock_query=0.957478, idempotency_lookup=0.596599, sale_lookup_and_cache=0.671482, inventory_lock_query=2.164551, stock_validation=0.017684000000000002, user_limit_query=0.939834, order_persist=0.189642, items_persist_and_stock_changes=0.117965, reservation_persist=0.096965, response_queries_and_auto_flush=3.505442, transaction_completion=1.348112}
api1-1        | 2026-09-09T04:45:29.173Z  INFO 1 --- [limited-goods] [nio-8080-exec-3] c.limitedgoods.purchases.PurchaseTrace   : purchase_timing request_id=ea12383db168bb755fd39204294c6161 sale=c9d27d0c-60e3-4fda-b485-60c995294350 order=d7a112d1-bdce-47dc-b251-3156188b19de outcome=success final_phase=transaction_completion total_ms=9.034209 after_lock_until_proxy_exit_ms=5.06019 stages_ms={transaction_entry=0.542605, request_preparation=0.024928, idempotency_lock_query=0.677812, idempotency_lookup=0.441161, sale_lookup_and_cache=0.672503, inventory_lock_query=1.616122, stock_validation=0.0212, user_limit_query=0.709944, order_persist=0.126331, items_persist_and_stock_changes=0.039014, reservation_persist=0.037722, response_queries_and_auto_flush=2.854053, transaction_completion=1.270814}
api1-1        | 2026-09-09T04:45:29.272Z  INFO 1 --- [limited-goods] [nio-8080-exec-5] c.limitedgoods.purchases.PurchaseTrace   : purchase_timing request_id=721e248a4e55282b0755d4c0a47d2f15 sale=c9d27d0c-60e3-4fda-b485-60c995294350 order=b08d094c-3421-4f09-8f53-a380e607bcfd outcome=success final_phase=transaction_completion total_ms=8.331177 after_lock_until_proxy_exit_ms=4.435227 stages_ms={transaction_entry=0.653316, request_preparation=0.024397, idempotency_lock_query=0.65601, idempotency_lookup=0.576169, sale_lookup_and_cache=0.629461, inventory_lock_query=1.356938, stock_validation=0.010750000000000001, user_limit_query=0.390814, order_persist=0.125409, items_persist_and_stock_changes=0.05222, reservation_persist=0.037201, response_queries_and_auto_flush=2.626189, transaction_completion=1.192303}
api1-1        | 2026-09-09T04:45:29.374Z  INFO 1 --- [limited-goods] [nio-8080-exec-1] c.limitedgoods.purchases.PurchaseTrace   : purchase_timing request_id=31308437d8037b2204aec9af046758e0 sale=c9d27d0c-60e3-4fda-b485-60c995294350 order=3ca0c016-d24e-470d-aa90-5d2ebaf9174a outcome=success final_phase=transaction_completion total_ms=9.277492 after_lock_until_proxy_exit_ms=4.927977 stages_ms={transaction_entry=0.710053, request_preparation=0.183961, idempotency_lock_query=0.887613, idempotency_lookup=0.65509, sale_lookup_and_cache=0.574856, inventory_lock_query=1.338303, stock_validation=0.012773999999999999, user_limit_query=0.852636, order_persist=0.156669, items_persist_and_stock_changes=0.090753, reservation_persist=0.087917, response_queries_and_auto_flush=2.596372, transaction_completion=1.130495}
api1-1        | 2026-09-09T04:45:29.773Z  INFO 1 --- [limited-goods] [nio-8080-exec-4] c.limitedgoods.purchases.PurchaseTrace   : purchase_timing request_id=5685c27179d4950c323a74ea48bf0714 sale=c9d27d0c-60e3-4fda-b485-60c995294350 order=30b76ff3-8121-4e54-b047-e283bcb1b45d outcome=success final_phase=transaction_completion total_ms=9.257906 after_lock_until_proxy_exit_ms=5.120196 stages_ms={transaction_entry=0.320501, request_preparation=0.032292, idempotency_lock_query=0.664717, idempotency_lookup=0.489934, sale_lookup_and_cache=0.898764, inventory_lock_query=1.732063, stock_validation=0.014608, user_limit_query=0.598281, order_persist=0.195563, items_persist_and_stock_changes=0.054704, reservation_persist=0.08932, response_queries_and_auto_flush=2.831382, transaction_completion=1.335777}
api2-1        | 2026-09-09T04:45:23.475Z  INFO 1 --- [limited-goods] [nio-8080-exec-1] c.limitedgoods.purchases.PurchaseTrace   : purchase_timing request_id=33a16d5c0dd99e129f298abfbe6591e9 sale=c9d27d0c-60e3-4fda-b485-60c995294350 order=a7a7fba6-2d6e-4c56-9d67-f62b90022310 outcome=success final_phase=transaction_completion total_ms=8.676772 after_lock_until_proxy_exit_ms=5.26551 stages_ms={transaction_entry=0.224739, request_preparation=0.074453, idempotency_lock_query=0.801499, idempotency_lookup=0.589946, sale_lookup_and_cache=0.466, inventory_lock_query=1.255196, stock_validation=0.013927, user_limit_query=0.723381, order_persist=0.130158, items_persist_and_stock_changes=0.048222, reservation_persist=0.185664, response_queries_and_auto_flush=2.897681, transaction_completion=1.265906}
api2-1        | 2026-09-09T04:45:23.575Z  INFO 1 --- [limited-goods] [nio-8080-exec-3] c.limitedgoods.purchases.PurchaseTrace   : purchase_timing request_id=2e624da363e8986ae768ab0ddd6021f8 sale=c9d27d0c-60e3-4fda-b485-60c995294350 order=5e7c1e7e-852a-49a0-a6dd-339a3d9385ba outcome=success final_phase=transaction_completion total_ms=9.454906 after_lock_until_proxy_exit_ms=5.171822 stages_ms={transaction_entry=0.325862, request_preparation=0.028194, idempotency_lock_query=1.015697, idempotency_lookup=0.877056, sale_lookup_and_cache=0.548476, inventory_lock_query=1.48826, stock_validation=0.017303, user_limit_query=0.69656, order_persist=0.228086, items_persist_and_stock_changes=0.184292, reservation_persist=0.060015, response_queries_and_auto_flush=2.764146, transaction_completion=1.220959}
api2-1        | 2026-09-09T04:45:23.976Z  INFO 1 --- [limited-goods] [nio-8080-exec-2] c.limitedgoods.purchases.PurchaseTrace   : purchase_timing request_id=8c7b664adf1424d48f6796c27a892343 sale=c9d27d0c-60e3-4fda-b485-60c995294350 order=c3d67639-af37-46de-97a0-cf92e22b86b1 outcome=success final_phase=transaction_completion total_ms=10.566551 after_lock_until_proxy_exit_ms=5.492635 stages_ms={transaction_entry=0.339478, request_preparation=0.035167, idempotency_lock_query=1.130848, idempotency_lookup=0.674268, sale_lookup_and_cache=1.091265, inventory_lock_query=1.803852, stock_validation=0.018536, user_limit_query=0.767594, order_persist=0.133766, items_persist_and_stock_changes=0.043232, reservation_persist=0.037582, response_queries_and_auto_flush=3.09189, transaction_completion=1.399073}
redis-1       | 1:signal-handler (1788928932) Received SIGTERM scheduling shutdown...
redis-1       | 1:M 09 Sep 2026 04:42:12.670 * User requested shutdown...
redis-1       | 1:M 09 Sep 2026 04:42:12.670 * Saving the final RDB snapshot before exiting.
redis-1       | 1:M 09 Sep 2026 04:42:12.674 * DB saved on disk
redis-1       | 1:M 09 Sep 2026 04:42:12.674 # Redis is now ready to exit, bye bye...
api2-1        | 2026-09-09T04:45:24.074Z  INFO 1 --- [limited-goods] [nio-8080-exec-1] c.limitedgoods.purchases.PurchaseTrace   : purchase_timing request_id=3818f1ed2819eddbd3ce5af7cba506ed sale=c9d27d0c-60e3-4fda-b485-60c995294350 order=93425af4-8725-4d5d-949b-1dac4b703f9d outcome=success final_phase=transaction_completion total_ms=7.702242 after_lock_until_proxy_exit_ms=4.209114 stages_ms={transaction_entry=0.581249, request_preparation=0.028555, idempotency_lock_query=0.616066, idempotency_lookup=0.488712, sale_lookup_and_cache=0.464727, inventory_lock_query=1.314089, stock_validation=0.011663000000000001, user_limit_query=0.477932, order_persist=0.094901, items_persist_and_stock_changes=0.04743, reservation_persist=0.03648, response_queries_and_auto_flush=2.383139, transaction_completion=1.157299}
api2-1        | 2026-09-09T04:45:24.182Z  INFO 1 --- [limited-goods] [nio-8080-exec-3] c.limitedgoods.purchases.PurchaseTrace   : purchase_timing request_id=a56e3ad30c2c71d2a6160e5a8ba9730f sale=c9d27d0c-60e3-4fda-b485-60c995294350 order=c7a23e48-e695-492e-8e46-8b48d4380d0a outcome=success final_phase=transaction_completion total_ms=15.126354 after_lock_until_proxy_exit_ms=8.674108 stages_ms={transaction_entry=0.774609, request_preparation=0.079892, idempotency_lock_query=0.992904, idempotency_lookup=0.84306, sale_lookup_and_cache=1.107743, inventory_lock_query=2.655861, stock_validation=0.031580000000000004, user_limit_query=1.07917, order_persist=0.243785, items_persist_and_stock_changes=0.080995, reservation_persist=0.082407, response_queries_and_auto_flush=5.658942, transaction_completion=1.495406}
api2-1        | 2026-09-09T04:45:24.674Z  INFO 1 --- [limited-goods] [nio-8080-exec-2] c.limitedgoods.purchases.PurchaseTrace   : purchase_timing request_id=a43cb41a1cb6032d0a583fcefa1cfffa sale=c9d27d0c-60e3-4fda-b485-60c995294350 order=6912163f-ea71-4b14-b5e5-ec73bf9deee7 outcome=success final_phase=transaction_completion total_ms=8.018717 after_lock_until_proxy_exit_ms=4.501223 stages_ms={transaction_entry=0.272561, request_preparation=0.025849, idempotency_lock_query=0.754821, idempotency_lookup=0.660561, sale_lookup_and_cache=0.594665, inventory_lock_query=1.209158, stock_validation=0.011691, user_limit_query=0.56536, order_persist=0.122795, items_persist_and_stock_changes=0.042741, reservation_persist=0.038063, response_queries_and_auto_flush=2.512916, transaction_completion=1.207536}
api2-1        | 2026-09-09T04:45:24.774Z  INFO 1 --- [limited-goods] [nio-8080-exec-1] c.limitedgoods.purchases.PurchaseTrace   : purchase_timing request_id=919da0d4d83a2546f0ff43be6202d777 sale=c9d27d0c-60e3-4fda-b485-60c995294350 order=d7faf06f-0ba6-45f5-85c8-7e8608a676a2 outcome=success final_phase=transaction_completion total_ms=8.563626 after_lock_until_proxy_exit_ms=4.563682 stages_ms={transaction_entry=0.527166, request_preparation=0.027162, idempotency_lock_query=0.777402, idempotency_lookup=0.673667, sale_lookup_and_cache=0.708311, inventory_lock_query=1.286537, stock_validation=0.014667999999999999, user_limit_query=0.519672, order_persist=0.111583, items_persist_and_stock_changes=0.053011, reservation_persist=0.038333, response_queries_and_auto_flush=2.667802, transaction_completion=1.158312}
api2-1        | 2026-09-09T04:45:25.282Z  INFO 1 --- [limited-goods] [nio-8080-exec-1] c.limitedgoods.purchases.PurchaseTrace   : purchase_timing request_id=8b3843b3c59f7c2e0f60b5c1ac3cdad0 sale=c9d27d0c-60e3-4fda-b485-60c995294350 order=67a9bfde-f3fe-4c23-b0ba-f9dd5e0790ab outcome=success final_phase=transaction_completion total_ms=14.372966 after_lock_until_proxy_exit_ms=8.626127 stages_ms={transaction_entry=0.36636, request_preparation=0.039856, idempotency_lock_query=1.088106, idempotency_lookup=0.758769, sale_lookup_and_cache=0.783696, inventory_lock_query=2.711134, stock_validation=0.024547, user_limit_query=1.168931, order_persist=2.168411, items_persist_and_stock_changes=0.088058, reservation_persist=0.042671, response_queries_and_auto_flush=3.694412, transaction_completion=1.438015}
api1-1        | 2026-09-09T04:45:29.874Z  INFO 1 --- [limited-goods] [nio-8080-exec-3] c.limitedgoods.purchases.PurchaseTrace   : purchase_timing request_id=7e0fea0adefcd518850f9061411a0e9e sale=c9d27d0c-60e3-4fda-b485-60c995294350 order=e7a2492d-636a-4b0f-9a8f-69382407c38c outcome=success final_phase=transaction_completion total_ms=8.614849 after_lock_until_proxy_exit_ms=4.90266 stages_ms={transaction_entry=0.72881, request_preparation=0.036179, idempotency_lock_query=0.722918, idempotency_lookup=0.582382, sale_lookup_and_cache=0.555759, inventory_lock_query=1.086492, stock_validation=0.011622, user_limit_query=0.366409, order_persist=0.119839, items_persist_and_stock_changes=0.040897, reservation_persist=0.040888, response_queries_and_auto_flush=2.886245, transaction_completion=1.436409}
api1-1        | 2026-09-09T04:45:30.076Z  INFO 1 --- [limited-goods] [nio-8080-exec-6] c.limitedgoods.purchases.PurchaseTrace   : purchase_timing request_id=8e26d4b687aff1d167e16d6dcdbf365c sale=c9d27d0c-60e3-4fda-b485-60c995294350 order=626bdc59-0fce-4a03-bbf5-c047a0470ed1 outcome=success final_phase=transaction_completion total_ms=10.661051 after_lock_until_proxy_exit_ms=6.268004 stages_ms={transaction_entry=0.616105, request_preparation=0.063391, idempotency_lock_query=0.820946, idempotency_lookup=0.592429, sale_lookup_and_cache=0.881992, inventory_lock_query=1.418615, stock_validation=0.015761, user_limit_query=0.555689, order_persist=0.107374, items_persist_and_stock_changes=0.040177, reservation_persist=0.038333, response_queries_and_auto_flush=3.737649, transaction_completion=1.77259}
api1-1        | 2026-09-09T04:45:30.373Z  INFO 1 --- [limited-goods] [nio-8080-exec-4] c.limitedgoods.purchases.PurchaseTrace   : purchase_timing request_id=5af2c802e3b92a297ec784d20b21acee sale=c9d27d0c-60e3-4fda-b485-60c995294350 order=5bb5bb5e-46b4-4450-bd06-b326c7c6d819 outcome=success final_phase=transaction_completion total_ms=8.447337 after_lock_until_proxy_exit_ms=4.411553 stages_ms={transaction_entry=0.28347, request_preparation=0.021691, idempotency_lock_query=0.823578, idempotency_lookup=0.787094, sale_lookup_and_cache=0.650618, inventory_lock_query=1.469504, stock_validation=0.013245, user_limit_query=0.447032, order_persist=0.105281, items_persist_and_stock_changes=0.0364, reservation_persist=0.040397, response_queries_and_auto_flush=2.535946, transaction_completion=1.233081}
redis-1       | 1:C 09 Sep 2026 04:42:14.125 * oO0OoO0OoO0Oo Redis is starting oO0OoO0OoO0Oo
redis-1       | 1:C 09 Sep 2026 04:42:14.125 * Redis version=7.4.9, bits=64, commit=00000000, modified=0, pid=1, just started
redis-1       | 1:C 09 Sep 2026 04:42:14.125 * Configuration loaded
redis-1       | 1:M 09 Sep 2026 04:42:14.125 * monotonic clock: POSIX clock_gettime
redis-1       | 1:M 09 Sep 2026 04:42:14.203 * Running mode=standalone, port=6379.
redis-1       | 1:M 09 Sep 2026 04:42:14.204 * Server initialized
redis-1       | 1:M 09 Sep 2026 04:42:14.205 * Loading RDB produced by version 7.4.9
api2-1        | 2026-09-09T04:45:25.376Z  INFO 1 --- [limited-goods] [nio-8080-exec-5] c.limitedgoods.purchases.PurchaseTrace   : purchase_timing request_id=b3559cec5353b18518c4038caad6e7b4 sale=c9d27d0c-60e3-4fda-b485-60c995294350 order=5e54b644-aa85-4db8-b2d3-07bfd8c888e2 outcome=success final_phase=transaction_completion total_ms=9.370696 after_lock_until_proxy_exit_ms=5.379558 stages_ms={transaction_entry=0.322766, request_preparation=0.05218, idempotency_lock_query=1.036538, idempotency_lookup=0.634342, sale_lookup_and_cache=0.601066, inventory_lock_query=1.344727, stock_validation=0.013626000000000001, user_limit_query=0.500325, order_persist=0.165155, items_persist_and_stock_changes=0.050106, reservation_persist=0.038664, response_queries_and_auto_flush=3.222621, transaction_completion=1.38858}
api2-1        | 2026-09-09T04:45:25.674Z  INFO 1 --- [limited-goods] [nio-8080-exec-4] c.limitedgoods.purchases.PurchaseTrace   : purchase_timing request_id=cd04c5feb1114f3d46b3c3e658041688 sale=c9d27d0c-60e3-4fda-b485-60c995294350 order=8f5613e2-fb47-47e5-9318-6537ff14ce1b outcome=success final_phase=transaction_completion total_ms=8.732167 after_lock_until_proxy_exit_ms=4.814329 stages_ms={transaction_entry=0.317176, request_preparation=0.035147, idempotency_lock_query=0.673786, idempotency_lookup=0.373593, sale_lookup_and_cache=0.53472, inventory_lock_query=1.984077, stock_validation=0.015509, user_limit_query=0.62863, order_persist=0.175245, items_persist_and_stock_changes=0.044495, reservation_persist=0.039285, response_queries_and_auto_flush=2.814002, transaction_completion=1.096502}
api2-1        | 2026-09-09T04:45:25.976Z  INFO 1 --- [limited-goods] [nio-8080-exec-1] c.limitedgoods.purchases.PurchaseTrace   : purchase_timing request_id=21c2692be1db3449537d7ee3f1c135fc sale=c9d27d0c-60e3-4fda-b485-60c995294350 order=bbbbe9d2-6c0f-443b-b2c5-4adc2a03ce85 outcome=success final_phase=transaction_completion total_ms=9.605744 after_lock_until_proxy_exit_ms=4.514336 stages_ms={transaction_entry=0.900659, request_preparation=0.115601, idempotency_lock_query=0.839261, idempotency_lookup=0.459217, sale_lookup_and_cache=0.719124, inventory_lock_query=2.058037, stock_validation=0.017263, user_limit_query=0.537555, order_persist=0.143514, items_persist_and_stock_changes=0.054013, reservation_persist=0.039185, response_queries_and_auto_flush=2.544847, transaction_completion=1.177468}
api2-1        | 2026-09-09T04:45:26.175Z  INFO 1 --- [limited-goods] [nio-8080-exec-3] c.limitedgoods.purchases.PurchaseTrace   : purchase_timing request_id=26974f26df4893538ca2d8df726168f8 sale=c9d27d0c-60e3-4fda-b485-60c995294350 order=d2ce5820-7b50-4934-b1fe-f4d5ab87998d outcome=success final_phase=transaction_completion total_ms=9.433875 after_lock_until_proxy_exit_ms=5.185688 stages_ms={transaction_entry=0.601918, request_preparation=0.033935, idempotency_lock_query=0.910077, idempotency_lookup=0.657464, sale_lookup_and_cache=0.687833, inventory_lock_query=1.357231, stock_validation=0.011962, user_limit_query=0.513801, order_persist=0.111122, items_persist_and_stock_changes=0.04707, reservation_persist=0.037512, response_queries_and_auto_flush=3.264171, transaction_completion=1.199779}
api2-1        | 2026-09-09T04:45:26.274Z  INFO 1 --- [limited-goods] [nio-8080-exec-2] c.limitedgoods.purchases.PurchaseTrace   : purchase_timing request_id=9c0ed3ea49e6d8dd4d95719afca0cd11 sale=c9d27d0c-60e3-4fda-b485-60c995294350 order=2f8d2ad9-ca3f-455b-8800-e9a616bf0c6b outcome=success final_phase=transaction_completion total_ms=8.452576 after_lock_until_proxy_exit_ms=4.95531 stages_ms={transaction_entry=0.312727, request_preparation=0.023415, idempotency_lock_query=0.774438, idempotency_lookup=0.682844, sale_lookup_and_cache=0.607108, inventory_lock_query=1.096974, stock_validation=0.011743, user_limit_query=0.438366, order_persist=0.14115, items_persist_and_stock_changes=0.042701, reservation_persist=0.040037, response_queries_and_auto_flush=3.097153, transaction_completion=1.18392}
api2-1        | 2026-09-09T04:45:26.374Z  INFO 1 --- [limited-goods] [nio-8080-exec-1] c.limitedgoods.purchases.PurchaseTrace   : purchase_timing request_id=2c6f9fd290134c366c87602a7677b724 sale=c9d27d0c-60e3-4fda-b485-60c995294350 order=12af97d7-efa1-4a92-a61c-a3709784b2b2 outcome=success final_phase=transaction_completion total_ms=8.521266 after_lock_until_proxy_exit_ms=4.543564 stages_ms={transaction_entry=0.31411, request_preparation=0.040227, idempotency_lock_query=0.812929, idempotency_lookup=0.78466, sale_lookup_and_cache=0.694996, inventory_lock_query=1.331492, stock_validation=0.014847999999999998, user_limit_query=0.535902, order_persist=0.12061, items_persist_and_stock_changes=0.073591, reservation_persist=0.045547, response_queries_and_auto_flush=2.620973, transaction_completion=1.131381}
api2-1        | 2026-09-09T04:45:26.675Z  INFO 1 --- [limited-goods] [nio-8080-exec-3] c.limitedgoods.purchases.PurchaseTrace   : purchase_timing request_id=da050d385bf8b6f02a1265f426b230f4 sale=c9d27d0c-60e3-4fda-b485-60c995294350 order=b09d41f6-6d3e-4361-8262-b816394ec7f7 outcome=success final_phase=transaction_completion total_ms=9.013093 after_lock_until_proxy_exit_ms=5.540636 stages_ms={transaction_entry=0.2778, request_preparation=0.025118, idempotency_lock_query=0.736716, idempotency_lookup=0.607509, sale_lookup_and_cache=0.699686, inventory_lock_query=1.125778, stock_validation=0.012976000000000001, user_limit_query=0.645211, order_persist=0.19902, items_persist_and_stock_changes=0.051668, reservation_persist=0.043714, response_queries_and_auto_flush=3.028931, transaction_completion=1.558966}
api2-1        | 2026-09-09T04:45:26.774Z  INFO 1 --- [limited-goods] [nio-8080-exec-2] c.limitedgoods.purchases.PurchaseTrace   : purchase_timing request_id=16204911fc7eb2b075df713184064ee0 sale=c9d27d0c-60e3-4fda-b485-60c995294350 order=8429434f-d6ce-44d2-b5a1-ea8dc66ce492 outcome=success final_phase=transaction_completion total_ms=8.822197 after_lock_until_proxy_exit_ms=4.720538 stages_ms={transaction_entry=0.294752, request_preparation=0.024046, idempotency_lock_query=0.846212, idempotency_lookup=0.633731, sale_lookup_and_cache=0.762225, inventory_lock_query=1.541274, stock_validation=0.012634000000000001, user_limit_query=0.515013, order_persist=0.141179, items_persist_and_stock_changes=0.050908, reservation_persist=0.038202, response_queries_and_auto_flush=2.684795, transaction_completion=1.277226}
api2-1        | 2026-09-09T04:45:26.976Z  INFO 1 --- [limited-goods] [nio-8080-exec-4] c.limitedgoods.purchases.PurchaseTrace   : purchase_timing request_id=c80e30143d86b8cbe39cb1228fbd7212 sale=c9d27d0c-60e3-4fda-b485-60c995294350 order=9df0d7f3-d2ff-4fc8-8ded-79118bbb5092 outcome=success final_phase=transaction_completion total_ms=9.326764 after_lock_until_proxy_exit_ms=4.891166 stages_ms={transaction_entry=0.831628, request_preparation=0.059894, idempotency_lock_query=0.839272, idempotency_lookup=0.758979, sale_lookup_and_cache=0.590748, inventory_lock_query=1.355558, stock_validation=0.013725, user_limit_query=0.409913, order_persist=0.170355, items_persist_and_stock_changes=0.046719, reservation_persist=0.037282, response_queries_and_auto_flush=2.816826, transaction_completion=1.395865}
api2-1        | 2026-09-09T04:45:27.074Z  INFO 1 --- [limited-goods] [nio-8080-exec-3] c.limitedgoods.purchases.PurchaseTrace   : purchase_timing request_id=cab6cae055841e518a18c6b28fa8cf85 sale=c9d27d0c-60e3-4fda-b485-60c995294350 order=fb98e0d2-6eec-4069-a87b-3c288c1ecead outcome=success final_phase=transaction_completion total_ms=8.266858 after_lock_until_proxy_exit_ms=5.128197 stages_ms={transaction_entry=0.362612, request_preparation=0.022583, idempotency_lock_query=0.726497, idempotency_lookup=0.493111, sale_lookup_and_cache=0.493292, inventory_lock_query=1.040806, stock_validation=0.011122, user_limit_query=0.682842, order_persist=0.218437, items_persist_and_stock_changes=0.109769, reservation_persist=0.063512, response_queries_and_auto_flush=2.918651, transaction_completion=1.123624}
api2-1        | 2026-09-09T04:45:27.276Z  INFO 1 --- [limited-goods] [nio-8080-exec-5] c.limitedgoods.purchases.PurchaseTrace   : purchase_timing request_id=69b97949bd34f2cbc03d9fe5a83a3dc3 sale=c9d27d0c-60e3-4fda-b485-60c995294350 order=9f0c419c-456b-402f-a2e4-7cb644dc7791 outcome=success final_phase=transaction_completion total_ms=11.136557 after_lock_until_proxy_exit_ms=4.758843 stages_ms={transaction_entry=1.934633, request_preparation=0.084401, idempotency_lock_query=0.816007, idempotency_lookup=0.566532, sale_lookup_and_cache=0.620244, inventory_lock_query=2.356508, stock_validation=0.014469, user_limit_query=0.507067, order_persist=0.125159, items_persist_and_stock_changes=0.048913, reservation_persist=0.067178, response_queries_and_auto_flush=2.545027, transaction_completion=1.450419}
api2-1        | 2026-09-09T04:45:27.475Z  INFO 1 --- [limited-goods] [nio-8080-exec-1] c.limitedgoods.purchases.PurchaseTrace   : purchase_timing request_id=b6281f7df2f5bd57c552fd1030903db5 sale=c9d27d0c-60e3-4fda-b485-60c995294350 order=d2966e2d-b8bc-4222-b21d-954709acd143 outcome=success final_phase=transaction_completion total_ms=8.678115 after_lock_until_proxy_exit_ms=5.41186 stages_ms={transaction_entry=0.243034, request_preparation=0.022203, idempotency_lock_query=0.767605, idempotency_lookup=0.497349, sale_lookup_and_cache=0.600376, inventory_lock_query=1.135938, stock_validation=0.013356, user_limit_query=0.507769, order_persist=0.205352, items_persist_and_stock_changes=0.050205, reservation_persist=0.039346, response_queries_and_auto_flush=3.455286, transaction_completion=1.140296}
api2-1        | 2026-09-09T04:45:27.575Z  INFO 1 --- [limited-goods] [nio-8080-exec-5] c.limitedgoods.purchases.PurchaseTrace   : purchase_timing request_id=05809ba1305eeaf45afc6addf14bd2e3 sale=c9d27d0c-60e3-4fda-b485-60c995294350 order=9803d0ff-b357-4839-a2c5-a09b5b428869 outcome=success final_phase=transaction_completion total_ms=9.622506 after_lock_until_proxy_exit_ms=5.534394 stages_ms={transaction_entry=0.244026, request_preparation=0.051999, idempotency_lock_query=0.89176, idempotency_lookup=0.648339, sale_lookup_and_cache=0.731887, inventory_lock_query=1.520852, stock_validation=0.01555, user_limit_query=0.572483, order_persist=0.128014, items_persist_and_stock_changes=0.040778, reservation_persist=0.037822, response_queries_and_auto_flush=3.297945, transaction_completion=1.441051}
api2-1        | 2026-09-09T04:45:27.680Z  INFO 1 --- [limited-goods] [nio-8080-exec-4] c.limitedgoods.purchases.PurchaseTrace   : purchase_timing request_id=38ca4020c866dee814024a7757b6256a sale=c9d27d0c-60e3-4fda-b485-60c995294350 order=a707f5b3-8505-4572-8f93-28811f63c4ed outcome=success final_phase=transaction_completion total_ms=13.312599 after_lock_until_proxy_exit_ms=7.913905 stages_ms={transaction_entry=0.815726, request_preparation=0.060796, idempotency_lock_query=0.739833, idempotency_lookup=0.511305, sale_lookup_and_cache=0.932138, inventory_lock_query=2.3408, stock_validation=0.027112, user_limit_query=0.865641, order_persist=0.344928, items_persist_and_stock_changes=0.0735, reservation_persist=0.066968, response_queries_and_auto_flush=5.151954, transaction_completion=1.381898}
api2-1        | 2026-09-09T04:45:27.873Z  INFO 1 --- [limited-goods] [nio-8080-exec-3] c.limitedgoods.purchases.PurchaseTrace   : purchase_timing request_id=0c2db85598e034b473a9a386122f3b2d sale=c9d27d0c-60e3-4fda-b485-60c995294350 order=b58453f8-3398-472b-b2c5-48c584d51ed4 outcome=success final_phase=transaction_completion total_ms=7.626286 after_lock_until_proxy_exit_ms=4.798509 stages_ms={transaction_entry=0.237263, request_preparation=0.022342, idempotency_lock_query=0.65472, idempotency_lookup=0.4035, sale_lookup_and_cache=0.440621, inventory_lock_query=1.069542, stock_validation=0.011120999999999999, user_limit_query=0.341812, order_persist=0.138665, items_persist_and_stock_changes=0.048282, reservation_persist=0.035879, response_queries_and_auto_flush=3.177164, transaction_completion=1.045375}
redis-1       | 1:M 09 Sep 2026 04:42:14.205 * RDB age 2 seconds
redis-1       | 1:M 09 Sep 2026 04:42:14.205 * RDB memory usage when created 0.95 Mb
redis-1       | 1:M 09 Sep 2026 04:42:14.205 * Done loading RDB, keys loaded: 0, keys expired: 0.
api2-1        | 2026-09-09T04:45:27.973Z  INFO 1 --- [limited-goods] [nio-8080-exec-2] c.limitedgoods.purchases.PurchaseTrace   : purchase_timing request_id=5ceabafe0e2be86cc1498eb6222e1e36 sale=c9d27d0c-60e3-4fda-b485-60c995294350 order=02e05c81-c7c0-4698-a775-4f5ddf278671 outcome=success final_phase=transaction_completion total_ms=8.295574 after_lock_until_proxy_exit_ms=4.53179 stages_ms={transaction_entry=0.266879, request_preparation=0.023345, idempotency_lock_query=1.055795, idempotency_lookup=0.679346, sale_lookup_and_cache=0.598112, inventory_lock_query=1.140577, stock_validation=0.015289, user_limit_query=0.473034, order_persist=0.183209, items_persist_and_stock_changes=0.043053, reservation_persist=0.03681, response_queries_and_auto_flush=2.563212, transaction_completion=1.216913}
redis-1       | 1:M 09 Sep 2026 04:42:14.205 * DB loaded from disk: 0.000 seconds
api2-1        | 2026-09-09T04:45:28.072Z  INFO 1 --- [limited-goods] [nio-8080-exec-1] c.limitedgoods.purchases.PurchaseTrace   : purchase_timing request_id=e34b1034430dad82d0f180c56918b8da sale=c9d27d0c-60e3-4fda-b485-60c995294350 order=5e59bc3d-c8c6-4744-bf99-5159c05351b2 outcome=success final_phase=transaction_completion total_ms=7.46531 after_lock_until_proxy_exit_ms=4.136315 stages_ms={transaction_entry=0.263985, request_preparation=0.079541, idempotency_lock_query=0.79069, idempotency_lookup=0.540321, sale_lookup_and_cache=0.538788, inventory_lock_query=1.116272, stock_validation=0.011661999999999999, user_limit_query=0.355548, order_persist=0.115411, items_persist_and_stock_changes=0.048502, reservation_persist=0.038263, response_queries_and_auto_flush=2.495182, transaction_completion=1.071145}
api2-1        | 2026-09-09T04:45:28.373Z  INFO 1 --- [limited-goods] [nio-8080-exec-5] c.limitedgoods.purchases.PurchaseTrace   : purchase_timing request_id=cbdb7ce160d95c6b3167f7fad1e469d9 sale=c9d27d0c-60e3-4fda-b485-60c995294350 order=5ac7da35-9e8d-4624-9a9e-6f5970f7f767 outcome=success final_phase=transaction_completion total_ms=8.054584 after_lock_until_proxy_exit_ms=4.261445 stages_ms={transaction_entry=0.218537, request_preparation=0.01594, idempotency_lock_query=0.781822, idempotency_lookup=0.59712, sale_lookup_and_cache=0.519092, inventory_lock_query=1.660919, stock_validation=0.01611, user_limit_query=0.529181, order_persist=0.128074, items_persist_and_stock_changes=0.040287, reservation_persist=0.03637, response_queries_and_auto_flush=2.391064, transaction_completion=1.120068}
api2-1        | 2026-09-09T04:45:28.474Z  INFO 1 --- [limited-goods] [nio-8080-exec-4] c.limitedgoods.purchases.PurchaseTrace   : purchase_timing request_id=7121416fff91b7b576f5731ee2cfd918 sale=c9d27d0c-60e3-4fda-b485-60c995294350 order=b2c60912-8433-498b-a2e4-4ccfbc72fbde outcome=success final_phase=transaction_completion total_ms=8.894949 after_lock_until_proxy_exit_ms=5.360001 stages_ms={transaction_entry=0.378854, request_preparation=0.090322, idempotency_lock_query=0.820626, idempotency_lookup=0.50839, sale_lookup_and_cache=0.451362, inventory_lock_query=1.285834, stock_validation=0.015470999999999999, user_limit_query=0.526334, order_persist=0.147351, items_persist_and_stock_changes=0.059554, reservation_persist=0.043162, response_queries_and_auto_flush=3.326891, transaction_completion=1.240798}
api2-1        | 2026-09-09T04:45:28.875Z  INFO 1 --- [limited-goods] [nio-8080-exec-5] c.limitedgoods.purchases.PurchaseTrace   : purchase_timing request_id=c0c8e7768c00c75faff640cde021d1d4 sale=c9d27d0c-60e3-4fda-b485-60c995294350 order=7c548c23-1b03-4b06-890b-e78c8154da38 outcome=success final_phase=transaction_completion total_ms=10.484941 after_lock_until_proxy_exit_ms=6.259476 stages_ms={transaction_entry=0.297447, request_preparation=0.027894, idempotency_lock_query=0.876923, idempotency_lookup=0.774877, sale_lookup_and_cache=0.655833, inventory_lock_query=1.593733, stock_validation=0.020569, user_limit_query=0.771002, order_persist=0.179192, items_persist_and_stock_changes=0.082518, reservation_persist=0.065855, response_queries_and_auto_flush=3.496834, transaction_completion=1.642264}
api2-1        | 2026-09-09T04:45:28.973Z  INFO 1 --- [limited-goods] [nio-8080-exec-4] c.limitedgoods.purchases.PurchaseTrace   : purchase_timing request_id=e1225d47a2e2e3533c9a9a07d70c7662 sale=c9d27d0c-60e3-4fda-b485-60c995294350 order=1890f3dc-908c-4c0e-8dfa-f88d2f0c9c6a outcome=success final_phase=transaction_completion total_ms=8.424115 after_lock_until_proxy_exit_ms=4.533105 stages_ms={transaction_entry=0.267941, request_preparation=0.021982, idempotency_lock_query=0.794886, idempotency_lookup=0.59845, sale_lookup_and_cache=0.776672, inventory_lock_query=1.431691, stock_validation=0.016581, user_limit_query=0.453876, order_persist=0.109278, items_persist_and_stock_changes=0.040157, reservation_persist=0.112274, response_queries_and_auto_flush=2.459389, transaction_completion=1.340938}
api2-1        | 2026-09-09T04:45:29.071Z  INFO 1 --- [limited-goods] [nio-8080-exec-1] c.limitedgoods.purchases.PurchaseTrace   : purchase_timing request_id=95e8d7b2fd97de028019ff0906d83b4a sale=c9d27d0c-60e3-4fda-b485-60c995294350 order=097a6a57-8fec-4c7c-89ab-6ddf9c613dfa outcome=success final_phase=transaction_completion total_ms=7.264263 after_lock_until_proxy_exit_ms=3.946346 stages_ms={transaction_entry=0.2674, request_preparation=0.022282, idempotency_lock_query=0.684705, idempotency_lookup=0.540181, sale_lookup_and_cache=0.525582, inventory_lock_query=1.278048, stock_validation=0.010239, user_limit_query=0.390024, order_persist=0.145557, items_persist_and_stock_changes=0.03656, reservation_persist=0.033494, response_queries_and_auto_flush=2.283284, transaction_completion=1.046907}
api2-1        | 2026-09-09T04:45:29.474Z  INFO 1 --- [limited-goods] [nio-8080-exec-1] c.limitedgoods.purchases.PurchaseTrace   : purchase_timing request_id=a0f6bd68bb911be80cf0194e6a68708c sale=c9d27d0c-60e3-4fda-b485-60c995294350 order=ce2fe34d-4e52-44a3-9ab8-02b9d1141be1 outcome=success final_phase=transaction_completion total_ms=9.108009 after_lock_until_proxy_exit_ms=5.030443 stages_ms={transaction_entry=0.230629, request_preparation=0.015901, idempotency_lock_query=0.97619, idempotency_lookup=0.645332, sale_lookup_and_cache=0.618478, inventory_lock_query=1.591948, stock_validation=0.020699, user_limit_query=0.649038, order_persist=0.113156, items_persist_and_stock_changes=0.037592, reservation_persist=0.035237, response_queries_and_auto_flush=2.701902, transaction_completion=1.471907}
api2-1        | 2026-09-09T04:45:29.575Z  INFO 1 --- [limited-goods] [nio-8080-exec-5] c.limitedgoods.purchases.PurchaseTrace   : purchase_timing request_id=8bb63c888d0beb9e969cd5f966d41d01 sale=c9d27d0c-60e3-4fda-b485-60c995294350 order=632411d6-0cdd-4dcb-a7ac-caee6baf64bc outcome=success final_phase=transaction_completion total_ms=10.201753 after_lock_until_proxy_exit_ms=5.439903 stages_ms={transaction_entry=0.367611, request_preparation=0.032662, idempotency_lock_query=1.212591, idempotency_lookup=0.607939, sale_lookup_and_cache=0.756083, inventory_lock_query=1.785825, stock_validation=0.014488000000000001, user_limit_query=0.451762, order_persist=0.109659, items_persist_and_stock_changes=0.044264, reservation_persist=0.034296, response_queries_and_auto_flush=3.432094, transaction_completion=1.352479}
redis-1       | 1:M 09 Sep 2026 04:42:14.205 * Ready to accept connections tcp
api1-1        | 2026-09-09T04:45:30.475Z  INFO 1 --- [limited-goods] [nio-8080-exec-3] c.limitedgoods.purchases.PurchaseTrace   : purchase_timing request_id=20c6dff091a31fce1d6c63c618280369 sale=c9d27d0c-60e3-4fda-b485-60c995294350 order=9071157a-3989-416b-8c20-0567e6454d5e outcome=success final_phase=transaction_completion total_ms=9.866054 after_lock_until_proxy_exit_ms=5.958322 stages_ms={transaction_entry=0.661551, request_preparation=0.029546, idempotency_lock_query=0.683634, idempotency_lookup=0.510654, sale_lookup_and_cache=0.486759, inventory_lock_query=1.536209, stock_validation=0.015569999999999999, user_limit_query=0.489212, order_persist=0.243394, items_persist_and_stock_changes=0.085784, reservation_persist=0.072969, response_queries_and_auto_flush=3.625243, transaction_completion=1.425529}
api2-1        | 2026-09-09T04:45:29.675Z  INFO 1 --- [limited-goods] [nio-8080-exec-2] c.limitedgoods.purchases.PurchaseTrace   : purchase_timing request_id=3c41a76c98ee115840d12db8f880ff15 sale=c9d27d0c-60e3-4fda-b485-60c995294350 order=38ce01e1-0e19-4365-805e-f4e200d4263e outcome=success final_phase=transaction_completion total_ms=9.550973 after_lock_until_proxy_exit_ms=5.870605 stages_ms={transaction_entry=0.247542, request_preparation=0.02129, idempotency_lock_query=0.722959, idempotency_lookup=0.569476, sale_lookup_and_cache=0.662624, inventory_lock_query=1.457159, stock_validation=0.016912999999999997, user_limit_query=0.55113, order_persist=0.10502, items_persist_and_stock_changes=0.037812, reservation_persist=0.034826, response_queries_and_auto_flush=3.703854, transaction_completion=1.420368}
api2-1        | 2026-09-09T04:45:29.975Z  INFO 1 --- [limited-goods] [nio-8080-exec-3] c.limitedgoods.purchases.PurchaseTrace   : purchase_timing request_id=6ae37963772c4f58623d5122f7176a41 sale=c9d27d0c-60e3-4fda-b485-60c995294350 order=7523044a-55ad-4e77-9d3a-2dbe53c65864 outcome=success final_phase=transaction_completion total_ms=10.658176 after_lock_until_proxy_exit_ms=5.556447 stages_ms={transaction_entry=1.068748, request_preparation=0.103437, idempotency_lock_query=1.083107, idempotency_lookup=0.656842, sale_lookup_and_cache=0.576339, inventory_lock_query=1.613727, stock_validation=0.021902, user_limit_query=0.841855, order_persist=0.12609, items_persist_and_stock_changes=0.114038, reservation_persist=0.039395, response_queries_and_auto_flush=2.9783, transaction_completion=1.434396}
api2-1        | 2026-09-09T04:45:30.172Z  INFO 1 --- [limited-goods] [nio-8080-exec-5] c.limitedgoods.purchases.PurchaseTrace   : purchase_timing request_id=7f7e32f970be1f566cb1074f526c9e49 sale=c9d27d0c-60e3-4fda-b485-60c995294350 order=9547d9bf-0331-4119-8a88-727ed2c34d08 outcome=success final_phase=transaction_completion total_ms=8.460451 after_lock_until_proxy_exit_ms=4.982471 stages_ms={transaction_entry=0.258172, request_preparation=0.02079, idempotency_lock_query=0.654096, idempotency_lookup=0.38318, sale_lookup_and_cache=0.683081, inventory_lock_query=1.479643, stock_validation=0.014638, user_limit_query=0.537305, order_persist=0.181606, items_persist_and_stock_changes=0.067819, reservation_persist=0.069373, response_queries_and_auto_flush=2.959623, transaction_completion=1.151125}
api1-1        | 2026-09-09T04:45:30.575Z  INFO 1 --- [limited-goods] [nio-8080-exec-5] c.limitedgoods.purchases.PurchaseTrace   : purchase_timing request_id=00add41b182fd1eba08567714273a64d sale=c9d27d0c-60e3-4fda-b485-60c995294350 order=3278dc39-4d54-47ab-a49e-fba442ef9b6c outcome=success final_phase=transaction_completion total_ms=9.185367 after_lock_until_proxy_exit_ms=4.791386 stages_ms={transaction_entry=0.657654, request_preparation=0.148152, idempotency_lock_query=0.892473, idempotency_lookup=0.623349, sale_lookup_and_cache=0.658365, inventory_lock_query=1.414469, stock_validation=0.011812000000000001, user_limit_query=0.439027, order_persist=0.113928, items_persist_and_stock_changes=0.036028, reservation_persist=0.035217, response_queries_and_auto_flush=2.806421, transaction_completion=1.348472}
api2-1        | 2026-09-09T04:45:30.271Z  INFO 1 --- [limited-goods] [nio-8080-exec-4] c.limitedgoods.purchases.PurchaseTrace   : purchase_timing request_id=72914961ff0226c0c3dac5384c8ebf14 sale=c9d27d0c-60e3-4fda-b485-60c995294350 order=90862cb1-f9b2-4da4-90a8-658de6e032ca outcome=success final_phase=transaction_completion total_ms=6.644321 after_lock_until_proxy_exit_ms=3.784337 stages_ms={transaction_entry=0.217675, request_preparation=0.014889, idempotency_lock_query=0.68746, idempotency_lookup=0.420482, sale_lookup_and_cache=0.429459, inventory_lock_query=1.09039, stock_validation=0.010569, user_limit_query=0.346682, order_persist=0.130118, items_persist_and_stock_changes=0.037031, reservation_persist=0.033494, response_queries_and_auto_flush=2.058345, transaction_completion=1.167727}
api1-1        | 2026-09-09T04:45:31.074Z  INFO 1 --- [limited-goods] [nio-8080-exec-3] c.limitedgoods.purchases.PurchaseTrace   : purchase_timing request_id=b2047f64aaa0074786fa862ce9baf368 sale=c9d27d0c-60e3-4fda-b485-60c995294350 order=c98a3b29-c049-44ce-9f6d-12bbab1d21bc outcome=success final_phase=transaction_completion total_ms=9.461633 after_lock_until_proxy_exit_ms=5.069907 stages_ms={transaction_entry=0.863555, request_preparation=0.102366, idempotency_lock_query=1.044433, idempotency_lookup=0.630633, sale_lookup_and_cache=0.458444, inventory_lock_query=1.292615, stock_validation=0.013967, user_limit_query=0.611595, order_persist=0.147381, items_persist_and_stock_changes=0.059373, reservation_persist=0.040448, response_queries_and_auto_flush=3.070276, transaction_completion=1.126547}
api1-1        | 2026-09-09T04:45:31.181Z  INFO 1 --- [limited-goods] [nio-8080-exec-5] c.limitedgoods.purchases.PurchaseTrace   : purchase_timing request_id=0672b3b4e4e29cfac2d849e165457864 sale=c9d27d0c-60e3-4fda-b485-60c995294350 order=1b862671-b1a8-4401-b4fc-7b16a337ecdd outcome=success final_phase=transaction_completion total_ms=15.211148 after_lock_until_proxy_exit_ms=5.394998 stages_ms={transaction_entry=0.79211, request_preparation=0.148604, idempotency_lock_query=0.973647, idempotency_lookup=0.737946, sale_lookup_and_cache=0.624993, inventory_lock_query=6.539952, stock_validation=0.023676, user_limit_query=0.695996, order_persist=0.182718, items_persist_and_stock_changes=0.04162, reservation_persist=0.041689, response_queries_and_auto_flush=3.254176, transaction_completion=1.154021}
api1-1        | 2026-09-09T04:45:31.272Z  INFO 1 --- [limited-goods] [nio-8080-exec-1] c.limitedgoods.purchases.PurchaseTrace   : purchase_timing request_id=af86c20763ae0903b3684a5784ff23de sale=c9d27d0c-60e3-4fda-b485-60c995294350 order=fd0b7e3c-8098-448d-a5e3-0e83d1762380 outcome=success final_phase=transaction_completion total_ms=8.12807 after_lock_until_proxy_exit_ms=5.030733 stages_ms={transaction_entry=0.2518, request_preparation=0.065986, idempotency_lock_query=0.711437, idempotency_lookup=0.432484, sale_lookup_and_cache=0.554578, inventory_lock_query=1.081633, stock_validation=0.011301, user_limit_query=0.663385, order_persist=0.099951, items_persist_and_stock_changes=0.035307, reservation_persist=0.036049, response_queries_and_auto_flush=3.113027, transaction_completion=1.071132}
api1-1        | 2026-09-09T04:45:31.574Z  INFO 1 --- [limited-goods] [nio-8080-exec-2] c.limitedgoods.purchases.PurchaseTrace   : purchase_timing request_id=211a81e65cd02d8319e5f811e655dbeb sale=c9d27d0c-60e3-4fda-b485-60c995294350 order=ca511c1e-e48b-4bc0-a396-ec4d54eca3e0 outcome=success final_phase=transaction_completion total_ms=9.190115 after_lock_until_proxy_exit_ms=5.261432 stages_ms={transaction_entry=0.224809, request_preparation=0.015229, idempotency_lock_query=0.905175, idempotency_lookup=0.741966, sale_lookup_and_cache=0.58744, inventory_lock_query=1.454765, stock_validation=0.015508999999999998, user_limit_query=0.946826, order_persist=0.118336, items_persist_and_stock_changes=0.040667, reservation_persist=0.03638, response_queries_and_auto_flush=2.8845, transaction_completion=1.218513}
api1-1        | 2026-09-09T04:45:31.674Z  INFO 1 --- [limited-goods] [nio-8080-exec-6] c.limitedgoods.purchases.PurchaseTrace   : purchase_timing request_id=99f8a2ffb5a4d6d8767f756f29d57d6c sale=c9d27d0c-60e3-4fda-b485-60c995294350 order=f5fb074b-b152-4a6b-930e-442c0dba5a24 outcome=success final_phase=transaction_completion total_ms=10.135068 after_lock_until_proxy_exit_ms=6.825717 stages_ms={transaction_entry=0.277369, request_preparation=0.02638, idempotency_lock_query=0.753227, idempotency_lookup=0.518889, sale_lookup_and_cache=0.587962, inventory_lock_query=1.145905, stock_validation=0.014117000000000001, user_limit_query=0.511304, order_persist=0.193539, items_persist_and_stock_changes=0.160746, reservation_persist=0.105411, response_queries_and_auto_flush=4.268052, transaction_completion=1.572167}
api1-1        | 2026-09-09T04:45:31.773Z  INFO 1 --- [limited-goods] [nio-8080-exec-1] c.limitedgoods.purchases.PurchaseTrace   : purchase_timing request_id=2a3643e753fa342582cef05652e64cf4 sale=c9d27d0c-60e3-4fda-b485-60c995294350 order=bae901ea-9324-4500-a9ee-c1f44eb3b5c8 outcome=success final_phase=transaction_completion total_ms=8.265293 after_lock_until_proxy_exit_ms=4.78776 stages_ms={transaction_entry=0.229508, request_preparation=0.016441, idempotency_lock_query=0.836777, idempotency_lookup=0.53995, sale_lookup_and_cache=0.48791, inventory_lock_query=1.367769, stock_validation=0.01578, user_limit_query=0.553715, order_persist=0.164804, items_persist_and_stock_changes=0.049915, reservation_persist=0.037762, response_queries_and_auto_flush=2.537129, transaction_completion=1.427833}
api1-1        | 2026-09-09T04:45:31.973Z  INFO 1 --- [limited-goods] [nio-8080-exec-4] c.limitedgoods.purchases.PurchaseTrace   : purchase_timing request_id=9735b6f3803fb206c01ae5686cfcdd10 sale=c9d27d0c-60e3-4fda-b485-60c995294350 order=ffd16a0b-b2d2-462b-a33e-fd1b8ae0cd27 outcome=success final_phase=transaction_completion total_ms=8.815521 after_lock_until_proxy_exit_ms=5.058757 stages_ms={transaction_entry=0.332654, request_preparation=0.025098, idempotency_lock_query=0.907982, idempotency_lookup=0.562052, sale_lookup_and_cache=0.599342, inventory_lock_query=1.330177, stock_validation=0.014176000000000001, user_limit_query=0.521164, order_persist=0.117805, items_persist_and_stock_changes=0.036529, reservation_persist=0.03637, response_queries_and_auto_flush=2.951037, transaction_completion=1.381135}
api1-1        | 2026-09-09T04:45:32.373Z  INFO 1 --- [limited-goods] [nio-8080-exec-5] c.limitedgoods.purchases.PurchaseTrace   : purchase_timing request_id=61944af79d5245205c1182938a72b89f sale=c9d27d0c-60e3-4fda-b485-60c995294350 order=24b8b1db-6bea-4ef3-b728-ed47c91e3ee8 outcome=success final_phase=transaction_completion total_ms=8.750377 after_lock_until_proxy_exit_ms=4.439055 stages_ms={transaction_entry=1.027609, request_preparation=0.072268, idempotency_lock_query=0.858438, idempotency_lookup=0.578993, sale_lookup_and_cache=0.504593, inventory_lock_query=1.269772, stock_validation=0.012103, user_limit_query=0.436602, order_persist=0.105582, items_persist_and_stock_changes=0.038844, reservation_persist=0.036018, response_queries_and_auto_flush=2.540365, transaction_completion=1.26919}
api2-1        | 2026-09-09T04:45:30.672Z  INFO 1 --- [limited-goods] [nio-8080-exec-2] c.limitedgoods.purchases.PurchaseTrace   : purchase_timing request_id=8101e8b5446db5546f526c031e9edd51 sale=c9d27d0c-60e3-4fda-b485-60c995294350 order=e5d87443-b4a9-4a0a-9957-ebb060b0d4d1 outcome=success final_phase=transaction_completion total_ms=7.095903 after_lock_until_proxy_exit_ms=4.240848 stages_ms={transaction_entry=0.378092, request_preparation=0.025007, idempotency_lock_query=0.628208, idempotency_lookup=0.408829, sale_lookup_and_cache=0.429569, inventory_lock_query=0.985781, stock_validation=0.011161, user_limit_query=0.333265, order_persist=0.113767, items_persist_and_stock_changes=0.043162, reservation_persist=0.033124, response_queries_and_auto_flush=2.481292, transaction_completion=1.224646}
api2-1        | 2026-09-09T04:45:30.774Z  INFO 1 --- [limited-goods] [nio-8080-exec-3] c.limitedgoods.purchases.PurchaseTrace   : purchase_timing request_id=980156415b8c1c03db0c322a7450575d sale=c9d27d0c-60e3-4fda-b485-60c995294350 order=b0f245a8-f594-4f7d-ac06-04380c9f444e outcome=success final_phase=transaction_completion total_ms=9.393565 after_lock_until_proxy_exit_ms=5.063887 stages_ms={transaction_entry=0.634261, request_preparation=0.03661, idempotency_lock_query=0.745021, idempotency_lookup=0.709984, sale_lookup_and_cache=0.584765, inventory_lock_query=1.620089, stock_validation=0.015751, user_limit_query=0.517757, order_persist=0.117394, items_persist_and_stock_changes=0.043152, reservation_persist=0.06292, response_queries_and_auto_flush=2.994411, transaction_completion=1.31145}
api2-1        | 2026-09-09T04:45:30.872Z  INFO 1 --- [limited-goods] [nio-8080-exec-1] c.limitedgoods.purchases.PurchaseTrace   : purchase_timing request_id=d032a41ff1956239de571b754b3aa2f9 sale=c9d27d0c-60e3-4fda-b485-60c995294350 order=936478fd-8ad1-44a9-a3fe-62a399878ae6 outcome=success final_phase=transaction_completion total_ms=7.524048 after_lock_until_proxy_exit_ms=4.185812 stages_ms={transaction_entry=0.216924, request_preparation=0.01601, idempotency_lock_query=0.726977, idempotency_lookup=0.520432, sale_lookup_and_cache=0.628398, inventory_lock_query=1.229996, stock_validation=0.012774, user_limit_query=0.389102, order_persist=0.103788, items_persist_and_stock_changes=0.046419, reservation_persist=0.033363, response_queries_and_auto_flush=2.404296, transaction_completion=1.195569}
api2-1        | 2026-09-09T04:45:30.975Z  INFO 1 --- [limited-goods] [nio-8080-exec-2] c.limitedgoods.purchases.PurchaseTrace   : purchase_timing request_id=73263843ac917f6a5234bab1d78507ca sale=c9d27d0c-60e3-4fda-b485-60c995294350 order=4d3ac67f-e1a3-48ae-b4d5-7a7110775396 outcome=success final_phase=transaction_completion total_ms=10.221212 after_lock_until_proxy_exit_ms=5.581414 stages_ms={transaction_entry=0.29361, request_preparation=0.023374, idempotency_lock_query=1.313455, idempotency_lookup=0.556411, sale_lookup_and_cache=0.583874, inventory_lock_query=1.870156, stock_validation=0.018154, user_limit_query=0.505705, order_persist=0.119508, items_persist_and_stock_changes=0.039185, reservation_persist=0.06841, response_queries_and_auto_flush=3.414873, transaction_completion=1.414497}
api1-1        | 2026-09-09T04:45:32.472Z  INFO 1 --- [limited-goods] [nio-8080-exec-1] c.limitedgoods.purchases.PurchaseTrace   : purchase_timing request_id=e817097a066cf2099bf9de05af171d37 sale=c9d27d0c-60e3-4fda-b485-60c995294350 order=70af2dc7-0c8c-4548-83e3-9f33057f1cc2 outcome=success final_phase=transaction_completion total_ms=8.34264 after_lock_until_proxy_exit_ms=4.114456 stages_ms={transaction_entry=0.654237, request_preparation=0.128766, idempotency_lock_query=1.130276, idempotency_lookup=0.510524, sale_lookup_and_cache=0.541092, inventory_lock_query=1.264261, stock_validation=0.015519, user_limit_query=0.584415, order_persist=0.110531, items_persist_and_stock_changes=0.038243, reservation_persist=0.03689, response_queries_and_auto_flush=2.256012, transaction_completion=1.071874}
api1-1        | 2026-09-09T04:45:32.673Z  INFO 1 --- [limited-goods] [nio-8080-exec-5] c.limitedgoods.purchases.PurchaseTrace   : purchase_timing request_id=50a9b5da55533dc8fcc797e724224129 sale=c9d27d0c-60e3-4fda-b485-60c995294350 order=ba584470-aecb-4db0-b5d5-6eceeb2a4050 outcome=success final_phase=transaction_completion total_ms=8.184568 after_lock_until_proxy_exit_ms=4.727135 stages_ms={transaction_entry=0.232293, request_preparation=0.016471, idempotency_lock_query=0.800215, idempotency_lookup=0.600906, sale_lookup_and_cache=0.608682, inventory_lock_query=1.199047, stock_validation=0.011049999999999999, user_limit_query=0.436054, order_persist=0.127874, items_persist_and_stock_changes=0.053131, reservation_persist=0.039906, response_queries_and_auto_flush=2.82181, transaction_completion=1.237129}
api2-1        | 2026-09-09T04:45:31.373Z  INFO 1 --- [limited-goods] [nio-8080-exec-3] c.limitedgoods.purchases.PurchaseTrace   : purchase_timing request_id=4a9e585258eb0a45210bb5c3420e3775 sale=c9d27d0c-60e3-4fda-b485-60c995294350 order=e948f153-b53a-4d23-a738-a46797b8f2c5 outcome=success final_phase=transaction_completion total_ms=8.32696 after_lock_until_proxy_exit_ms=4.860931 stages_ms={transaction_entry=0.546071, request_preparation=0.033925, idempotency_lock_query=0.683564, idempotency_lookup=0.381428, sale_lookup_and_cache=0.710434, inventory_lock_query=1.111058, stock_validation=0.012945, user_limit_query=0.511275, order_persist=0.182668, items_persist_and_stock_changes=0.04729, reservation_persist=0.034606, response_queries_and_auto_flush=2.677927, transaction_completion=1.393769}
api1-1        | 2026-09-09T04:45:32.774Z  INFO 1 --- [limited-goods] [nio-8080-exec-6] c.limitedgoods.purchases.PurchaseTrace   : purchase_timing request_id=e05869a5341fc77a6b21e56c0155a201 sale=c9d27d0c-60e3-4fda-b485-60c995294350 order=e47d58e5-d21d-42a1-bcb2-b1b0d28edee2 outcome=success final_phase=transaction_completion total_ms=9.27778 after_lock_until_proxy_exit_ms=5.026082 stages_ms={transaction_entry=0.229017, request_preparation=0.01592, idempotency_lock_query=0.96447, idempotency_lookup=0.768756, sale_lookup_and_cache=0.808509, inventory_lock_query=1.465838, stock_validation=0.014047, user_limit_query=0.507077, order_persist=0.129717, items_persist_and_stock_changes=0.039575, reservation_persist=0.036851, response_queries_and_auto_flush=3.002492, transaction_completion=1.295511}
api1-1        | 2026-09-09T04:45:32.976Z  INFO 1 --- [limited-goods] [nio-8080-exec-3] c.limitedgoods.purchases.PurchaseTrace   : purchase_timing request_id=acb7ad932a14472cfff90a4cdc6bd25e sale=c9d27d0c-60e3-4fda-b485-60c995294350 order=e2dc09b9-3091-4e74-ace8-103acc3a01d0 outcome=success final_phase=transaction_completion total_ms=10.40833 after_lock_until_proxy_exit_ms=5.907035 stages_ms={transaction_entry=0.353915, request_preparation=0.030027, idempotency_lock_query=0.944893, idempotency_lookup=0.726825, sale_lookup_and_cache=0.809685, inventory_lock_query=1.636992, stock_validation=0.015429, user_limit_query=0.543096, order_persist=0.113647, items_persist_and_stock_changes=0.038844, reservation_persist=0.073981, response_queries_and_auto_flush=3.92664, transaction_completion=1.194356}
api1-1        | 2026-09-09T04:45:33.074Z  INFO 1 --- [limited-goods] [nio-8080-exec-2] c.limitedgoods.purchases.PurchaseTrace   : purchase_timing request_id=b7319bdbf1156e9cb6abfd17dc6e14f5 sale=c9d27d0c-60e3-4fda-b485-60c995294350 order=d3b1c5f4-39e9-45b7-b47d-e98da2d8195a outcome=success final_phase=transaction_completion total_ms=9.104953 after_lock_until_proxy_exit_ms=5.296061 stages_ms={transaction_entry=0.579224, request_preparation=0.023245, idempotency_lock_query=0.684545, idempotency_lookup=0.459957, sale_lookup_and_cache=0.595395, inventory_lock_query=1.466967, stock_validation=0.013416, user_limit_query=0.693042, order_persist=0.141189, items_persist_and_stock_changes=0.038574, reservation_persist=0.037271, response_queries_and_auto_flush=3.142663, transaction_completion=1.229465}
api1-1        | 2026-09-09T04:45:33.173Z  INFO 1 --- [limited-goods] [nio-8080-exec-5] c.limitedgoods.purchases.PurchaseTrace   : purchase_timing request_id=aea88a545b8c0f7bf113f49b2b5587ff sale=c9d27d0c-60e3-4fda-b485-60c995294350 order=898e3687-7b57-4063-aad0-87408d68e943 outcome=success final_phase=transaction_completion total_ms=8.137539 after_lock_until_proxy_exit_ms=4.417313 stages_ms={transaction_entry=0.28337, request_preparation=0.023465, idempotency_lock_query=0.783006, idempotency_lookup=0.698851, sale_lookup_and_cache=0.59332, inventory_lock_query=1.338745, stock_validation=0.016351, user_limit_query=0.482892, order_persist=0.111353, items_persist_and_stock_changes=0.043733, reservation_persist=0.035568, response_queries_and_auto_flush=2.410886, transaction_completion=1.315999}
api1-1        | 2026-09-09T04:45:33.477Z  INFO 1 --- [limited-goods] [nio-8080-exec-4] c.limitedgoods.purchases.PurchaseTrace   : purchase_timing request_id=12e75767e9ef7f3f9ed7cea70026ed7a sale=c9d27d0c-60e3-4fda-b485-60c995294350 order=4e9a913a-d81c-4546-ad08-6c387739c5cc outcome=success final_phase=transaction_completion total_ms=11.591093 after_lock_until_proxy_exit_ms=6.903445 stages_ms={transaction_entry=0.347783, request_preparation=0.029717, idempotency_lock_query=0.911256, idempotency_lookup=0.703572, sale_lookup_and_cache=0.738469, inventory_lock_query=1.957763, stock_validation=0.027503, user_limit_query=0.814163, order_persist=0.328166, items_persist_and_stock_changes=0.063861, reservation_persist=0.045768, response_queries_and_auto_flush=4.212545, transaction_completion=1.410527}
api1-1        | 2026-09-09T04:45:33.671Z  INFO 1 --- [limited-goods] [nio-8080-exec-5] c.limitedgoods.purchases.PurchaseTrace   : purchase_timing request_id=3f15a133d4148e01e539ea4bfdb3d5e7 sale=c9d27d0c-60e3-4fda-b485-60c995294350 order=ce8aee7e-ab70-4787-a7b2-46bb2b953ae9 outcome=success final_phase=transaction_completion total_ms=6.916441 after_lock_until_proxy_exit_ms=4.061497 stages_ms={transaction_entry=0.252972, request_preparation=0.021912, idempotency_lock_query=0.711126, idempotency_lookup=0.388862, sale_lookup_and_cache=0.500665, inventory_lock_query=0.979778, stock_validation=0.010839999999999999, user_limit_query=0.332635, order_persist=0.164714, items_persist_and_stock_changes=0.040488, reservation_persist=0.034656, response_queries_and_auto_flush=2.27071, transaction_completion=1.207083}
api1-1        | 2026-09-09T04:45:33.872Z  INFO 1 --- [limited-goods] [nio-8080-exec-1] c.limitedgoods.purchases.PurchaseTrace   : purchase_timing request_id=3142822f0c85247dcb12f05dffaea229 sale=c9d27d0c-60e3-4fda-b485-60c995294350 order=3245074b-da45-4e9c-b815-18f01f64692d outcome=success final_phase=transaction_completion total_ms=8.335999 after_lock_until_proxy_exit_ms=4.721986 stages_ms={transaction_entry=0.670477, request_preparation=0.074081, idempotency_lock_query=0.630385, idempotency_lookup=0.560317, sale_lookup_and_cache=0.592952, inventory_lock_query=1.086021, stock_validation=0.011031000000000001, user_limit_query=0.400093, order_persist=0.100682, items_persist_and_stock_changes=0.04204, reservation_persist=0.035788, response_queries_and_auto_flush=2.957741, transaction_completion=1.174391}
api2-1        | 2026-09-09T04:45:31.472Z  INFO 1 --- [limited-goods] [nio-8080-exec-1] c.limitedgoods.purchases.PurchaseTrace   : purchase_timing request_id=d75c1ebd5a3ac2d12fa73aea73a1544c sale=c9d27d0c-60e3-4fda-b485-60c995294350 order=8ccabbdb-0b96-459f-ba4b-e6dd32d55e00 outcome=success final_phase=transaction_completion total_ms=7.102275 after_lock_until_proxy_exit_ms=3.871563 stages_ms={transaction_entry=0.641804, request_preparation=0.024587, idempotency_lock_query=0.713992, idempotency_lookup=0.438607, sale_lookup_and_cache=0.437844, inventory_lock_query=0.974168, stock_validation=0.011011, user_limit_query=0.34617, order_persist=0.164855, items_persist_and_stock_changes=0.044955, reservation_persist=0.069212, response_queries_and_auto_flush=2.175098, transaction_completion=1.059972}
api2-1        | 2026-09-09T04:45:31.874Z  INFO 1 --- [limited-goods] [nio-8080-exec-1] c.limitedgoods.purchases.PurchaseTrace   : purchase_timing request_id=4d98c71457de6e41c5c5fa633ede8312 sale=c9d27d0c-60e3-4fda-b485-60c995294350 order=f0b44eb9-f71d-44a9-9472-7fdb5b607bce outcome=success final_phase=transaction_completion total_ms=8.911465 after_lock_until_proxy_exit_ms=5.025634 stages_ms={transaction_entry=0.285515, request_preparation=0.023054, idempotency_lock_query=0.999494, idempotency_lookup=0.707752, sale_lookup_and_cache=0.697259, inventory_lock_query=1.173268, stock_validation=0.015019, user_limit_query=0.380986, order_persist=0.109599, items_persist_and_stock_changes=0.034285, reservation_persist=0.032142, response_queries_and_auto_flush=2.988176, transaction_completion=1.464916}
api2-1        | 2026-09-09T04:45:32.074Z  INFO 1 --- [limited-goods] [nio-8080-exec-4] c.limitedgoods.purchases.PurchaseTrace   : purchase_timing request_id=b159111f775debc4f3d3876ffd778e5d sale=c9d27d0c-60e3-4fda-b485-60c995294350 order=9d96ac29-0131-44f2-8ff6-dccfcfaff97e outcome=success final_phase=transaction_completion total_ms=8.729637 after_lock_until_proxy_exit_ms=5.023209 stages_ms={transaction_entry=0.232854, request_preparation=0.014918, idempotency_lock_query=0.785901, idempotency_lookup=0.514349, sale_lookup_and_cache=0.748506, inventory_lock_query=1.410531, stock_validation=0.017754000000000002, user_limit_query=0.553425, order_persist=0.120009, items_persist_and_stock_changes=0.048252, reservation_persist=0.034165, response_queries_and_auto_flush=2.971406, transaction_completion=1.277567}
api2-1        | 2026-09-09T04:45:32.173Z  INFO 1 --- [limited-goods] [nio-8080-exec-3] c.limitedgoods.purchases.PurchaseTrace   : purchase_timing request_id=e12be78b7fc522ea1e5c011b30f9924b sale=c9d27d0c-60e3-4fda-b485-60c995294350 order=5f37f6f0-2c46-422f-865a-7c1c6088a83a outcome=success final_phase=transaction_completion total_ms=9.01367 after_lock_until_proxy_exit_ms=4.888152 stages_ms={transaction_entry=0.244627, request_preparation=0.022313, idempotency_lock_query=0.766701, idempotency_lookup=0.622428, sale_lookup_and_cache=0.806579, inventory_lock_query=1.666907, stock_validation=0.023075000000000002, user_limit_query=0.63931, order_persist=0.162981, items_persist_and_stock_changes=0.034415, reservation_persist=0.032913, response_queries_and_auto_flush=2.797074, transaction_completion=1.194347}
api2-1        | 2026-09-09T04:45:32.273Z  INFO 1 --- [limited-goods] [nio-8080-exec-5] c.limitedgoods.purchases.PurchaseTrace   : purchase_timing request_id=9ff783b1c4a2012c8145324732b012f8 sale=c9d27d0c-60e3-4fda-b485-60c995294350 order=e0e7501f-3539-478e-864e-5c90a5da5cb8 outcome=success final_phase=transaction_completion total_ms=9.049047 after_lock_until_proxy_exit_ms=4.953097 stages_ms={transaction_entry=0.259105, request_preparation=0.017172, idempotency_lock_query=1.032208, idempotency_lookup=0.585677, sale_lookup_and_cache=0.608702, inventory_lock_query=1.593677, stock_validation=0.018646, user_limit_query=0.767675, order_persist=0.176306, items_persist_and_stock_changes=0.03672, reservation_persist=0.035688, response_queries_and_auto_flush=2.742089, transaction_completion=1.175382}
api2-1        | 2026-09-09T04:45:32.572Z  INFO 1 --- [limited-goods] [nio-8080-exec-4] c.limitedgoods.purchases.PurchaseTrace   : purchase_timing request_id=57b045e2e2aa34f69a36cfda56a9f48c sale=c9d27d0c-60e3-4fda-b485-60c995294350 order=d286ce4e-ee92-47b3-87e5-5c7615da7a81 outcome=success final_phase=transaction_completion total_ms=7.815245 after_lock_until_proxy_exit_ms=4.536171 stages_ms={transaction_entry=0.215081, request_preparation=0.014678, idempotency_lock_query=0.724933, idempotency_lookup=0.484063, sale_lookup_and_cache=0.547644, inventory_lock_query=1.293266, stock_validation=0.013585999999999999, user_limit_query=0.442775, order_persist=0.125169, items_persist_and_stock_changes=0.033974, reservation_persist=0.032262, response_queries_and_auto_flush=2.605739, transaction_completion=1.282075}
api2-1        | 2026-09-09T04:45:32.872Z  INFO 1 --- [limited-goods] [nio-8080-exec-1] c.limitedgoods.purchases.PurchaseTrace   : purchase_timing request_id=b675617dd73095fed0c226f875abafe2 sale=c9d27d0c-60e3-4fda-b485-60c995294350 order=c38f7e78-12b7-471e-b43e-75833321ec4c outcome=success final_phase=transaction_completion total_ms=7.724911 after_lock_until_proxy_exit_ms=4.576337 stages_ms={transaction_entry=0.536994, request_preparation=0.023024, idempotency_lock_query=0.544278, idempotency_lookup=0.344296, sale_lookup_and_cache=0.406426, inventory_lock_query=1.294387, stock_validation=0.018966, user_limit_query=0.503201, order_persist=0.115831, items_persist_and_stock_changes=0.03672, reservation_persist=0.03169, response_queries_and_auto_flush=2.670323, transaction_completion=1.198775}
api1-1        | 2026-09-09T04:45:34.072Z  INFO 1 --- [limited-goods] [nio-8080-exec-2] c.limitedgoods.purchases.PurchaseTrace   : purchase_timing request_id=342c265af68ebcb09cfc10c136e538a7 sale=c9d27d0c-60e3-4fda-b485-60c995294350 order=b22d234f-f553-4376-b7c0-a9fa52ac4e21 outcome=success final_phase=transaction_completion total_ms=7.461348 after_lock_until_proxy_exit_ms=4.270953 stages_ms={transaction_entry=0.584375, request_preparation=0.070424, idempotency_lock_query=0.573422, idempotency_lookup=0.388641, sale_lookup_and_cache=0.451752, inventory_lock_query=1.122211, stock_validation=0.011592, user_limit_query=0.341582, order_persist=0.138213, items_persist_and_stock_changes=0.034777, reservation_persist=0.034245, response_queries_and_auto_flush=2.561775, transaction_completion=1.148339}
api1-1        | 2026-09-09T04:45:34.174Z  INFO 1 --- [limited-goods] [nio-8080-exec-5] c.limitedgoods.purchases.PurchaseTrace   : purchase_timing request_id=a95bfe003c3a800101bdc7b652112c98 sale=c9d27d0c-60e3-4fda-b485-60c995294350 order=3f24720c-9ed7-4058-8a37-a965a4e95a1f outcome=success final_phase=transaction_completion total_ms=9.81215 after_lock_until_proxy_exit_ms=5.473897 stages_ms={transaction_entry=0.254335, request_preparation=0.04755, idempotency_lock_query=0.950042, idempotency_lookup=0.751652, sale_lookup_and_cache=0.713762, inventory_lock_query=1.621533, stock_validation=0.018966, user_limit_query=0.69282, order_persist=0.154444, items_persist_and_stock_changes=0.042922, reservation_persist=0.038303, response_queries_and_auto_flush=3.008558, transaction_completion=1.517263}
api1-1        | 2026-09-09T04:45:34.341Z  INFO 1 --- [limited-goods] [nio-8080-exec-1] c.limitedgoods.purchases.PurchaseTrace   : purchase_timing request_id=78818f4c6e32003ec93e5de4c698d821 sale=c9d27d0c-60e3-4fda-b485-60c995294350 order=c88e7218-bc91-42d2-abe2-1a0ecc48445d outcome=success final_phase=transaction_completion total_ms=75.993852 after_lock_until_proxy_exit_ms=8.966208 stages_ms={transaction_entry=0.302377, request_preparation=0.020679, idempotency_lock_query=0.741585, idempotency_lookup=1.080109, sale_lookup_and_cache=0.432958, inventory_lock_query=64.451038, stock_validation=0.021852000000000003, user_limit_query=1.616963, order_persist=0.202897, items_persist_and_stock_changes=0.066627, reservation_persist=0.050597, response_queries_and_auto_flush=5.681745, transaction_completion=1.324425}
api2-1        | 2026-09-09T04:45:33.274Z  INFO 1 --- [limited-goods] [nio-8080-exec-4] c.limitedgoods.purchases.PurchaseTrace   : purchase_timing request_id=b58433603b01de0fa02705908efaca72 sale=c9d27d0c-60e3-4fda-b485-60c995294350 order=666a2b96-0e59-4264-ab44-8c6354cdba70 outcome=success final_phase=transaction_completion total_ms=9.116193 after_lock_until_proxy_exit_ms=4.736282 stages_ms={transaction_entry=0.942395, request_preparation=0.078279, idempotency_lock_query=0.856287, idempotency_lookup=0.489383, sale_lookup_and_cache=0.634901, inventory_lock_query=1.379157, stock_validation=0.015921, user_limit_query=0.564788, order_persist=0.168922, items_persist_and_stock_changes=0.036459, reservation_persist=0.033234, response_queries_and_auto_flush=2.703785, transaction_completion=1.212682}
api1-1        | 2026-09-09T04:45:34.582Z  INFO 1 --- [limited-goods] [nio-8080-exec-5] c.limitedgoods.purchases.PurchaseTrace   : purchase_timing request_id=1e447d2d01acad67c5d137db8faa41ca sale=c9d27d0c-60e3-4fda-b485-60c995294350 order=6d758f8a-43f7-423c-bd07-0c4e5735cb62 outcome=success final_phase=transaction_completion total_ms=16.250219 after_lock_until_proxy_exit_ms=8.819821 stages_ms={transaction_entry=0.468784, request_preparation=0.04217, idempotency_lock_query=1.158477, idempotency_lookup=2.252355, sale_lookup_and_cache=0.928221, inventory_lock_query=2.581543, stock_validation=0.021411, user_limit_query=1.728516, order_persist=0.487269, items_persist_and_stock_changes=0.151248, reservation_persist=0.135959, response_queries_and_auto_flush=4.852633, transaction_completion=1.441633}
api1-1        | 2026-09-09T04:45:34.673Z  INFO 1 --- [limited-goods] [nio-8080-exec-1] c.limitedgoods.purchases.PurchaseTrace   : purchase_timing request_id=a7e79173fc7dd7f22faee3158431e87d sale=c9d27d0c-60e3-4fda-b485-60c995294350 order=fbc2f762-1e6f-4b94-8757-640363f60ac5 outcome=success final_phase=transaction_completion total_ms=8.396602 after_lock_until_proxy_exit_ms=4.798371 stages_ms={transaction_entry=0.29383, request_preparation=0.023786, idempotency_lock_query=0.826075, idempotency_lookup=0.656221, sale_lookup_and_cache=0.521645, inventory_lock_query=1.277756, stock_validation=0.018635, user_limit_query=0.579306, order_persist=0.140708, items_persist_and_stock_changes=0.076155, reservation_persist=0.036911, response_queries_and_auto_flush=2.80957, transaction_completion=1.136004}
api1-1        | 2026-09-09T04:45:34.974Z  INFO 1 --- [limited-goods] [nio-8080-exec-4] c.limitedgoods.purchases.PurchaseTrace   : purchase_timing request_id=8cd7c39a92e7f55cc237fc2ad201b6a0 sale=c9d27d0c-60e3-4fda-b485-60c995294350 order=9c4c565a-55e8-4f50-9b3c-5952cc39e0a6 outcome=success final_phase=transaction_completion total_ms=10.46558 after_lock_until_proxy_exit_ms=5.317091 stages_ms={transaction_entry=0.927168, request_preparation=0.082327, idempotency_lock_query=0.914322, idempotency_lookup=0.743239, sale_lookup_and_cache=0.712629, inventory_lock_query=1.769124, stock_validation=0.012373, user_limit_query=1.315389, order_persist=0.112104, items_persist_and_stock_changes=0.033935, reservation_persist=0.034085, response_queries_and_auto_flush=2.631288, transaction_completion=1.177597}
api2-1        | 2026-09-09T04:45:33.374Z  INFO 1 --- [limited-goods] [nio-8080-exec-1] c.limitedgoods.purchases.PurchaseTrace   : purchase_timing request_id=ed2fe140bde7941d45e9564b2184bb4d sale=c9d27d0c-60e3-4fda-b485-60c995294350 order=58cf786b-46b3-4be0-97f5-2bc593f38468 outcome=success final_phase=transaction_completion total_ms=9.120722 after_lock_until_proxy_exit_ms=4.985065 stages_ms={transaction_entry=0.368553, request_preparation=0.029746, idempotency_lock_query=0.894857, idempotency_lookup=0.601877, sale_lookup_and_cache=0.63932, inventory_lock_query=1.602055, stock_validation=0.014979, user_limit_query=0.400734, order_persist=0.102025, items_persist_and_stock_changes=0.038523, reservation_persist=0.0316, response_queries_and_auto_flush=3.091195, transaction_completion=1.305258}
api2-1        | 2026-09-09T04:45:33.573Z  INFO 1 --- [limited-goods] [nio-8080-exec-4] c.limitedgoods.purchases.PurchaseTrace   : purchase_timing request_id=180864a9998372cb4b64fec3a0e7fb30 sale=c9d27d0c-60e3-4fda-b485-60c995294350 order=48053bf8-2428-4d75-9d43-bd1e99da72ac outcome=success final_phase=transaction_completion total_ms=8.688937 after_lock_until_proxy_exit_ms=4.882539 stages_ms={transaction_entry=0.219479, request_preparation=0.034726, idempotency_lock_query=0.737916, idempotency_lookup=0.569905, sale_lookup_and_cache=0.765971, inventory_lock_query=1.480084, stock_validation=0.022893, user_limit_query=0.4824, order_persist=0.184121, items_persist_and_stock_changes=0.044105, reservation_persist=0.030708, response_queries_and_auto_flush=2.797826, transaction_completion=1.318803}
api1-1        | 2026-09-09T04:45:35.076Z  INFO 1 --- [limited-goods] [nio-8080-exec-2] c.limitedgoods.purchases.PurchaseTrace   : purchase_timing request_id=6ddfe6f6ffbafd650d16f7061aa766a4 sale=c9d27d0c-60e3-4fda-b485-60c995294350 order=7440b763-eead-46ef-b943-24e07b967604 outcome=success final_phase=transaction_completion total_ms=11.782912 after_lock_until_proxy_exit_ms=6.75021 stages_ms={transaction_entry=0.884008, request_preparation=0.070704, idempotency_lock_query=0.705426, idempotency_lookup=1.161465, sale_lookup_and_cache=0.499264, inventory_lock_query=1.712416, stock_validation=0.016361, user_limit_query=1.19735, order_persist=0.181827, items_persist_and_stock_changes=0.043192, reservation_persist=0.03642, response_queries_and_auto_flush=4.078448, transaction_completion=1.196031}
api1-1        | 2026-09-09T04:45:35.276Z  INFO 1 --- [limited-goods] [nio-8080-exec-6] c.limitedgoods.purchases.PurchaseTrace   : purchase_timing request_id=2d77d1845754c4bc7e79bfbeb952990b sale=c9d27d0c-60e3-4fda-b485-60c995294350 order=e0774b5f-98c9-4ed4-80bc-17c8ccfa51e0 outcome=success final_phase=transaction_completion total_ms=11.602377 after_lock_until_proxy_exit_ms=7.217304 stages_ms={transaction_entry=0.265997, request_preparation=0.016171, idempotency_lock_query=0.941425, idempotency_lookup=0.596489, sale_lookup_and_cache=0.760921, inventory_lock_query=1.805453, stock_validation=0.028103000000000003, user_limit_query=0.920647, order_persist=0.29358, items_persist_and_stock_changes=0.053582, reservation_persist=0.045016, response_queries_and_auto_flush=3.625614, transaction_completion=2.249379}
api1-1        | 2026-09-09T04:45:35.575Z  INFO 1 --- [limited-goods] [nio-8080-exec-4] c.limitedgoods.purchases.PurchaseTrace   : purchase_timing request_id=fb4c52af1d9c38ab76969929d97a13a7 sale=c9d27d0c-60e3-4fda-b485-60c995294350 order=5605dc04-e3b5-4078-8f41-b6034a74ab9d outcome=success final_phase=transaction_completion total_ms=9.537809 after_lock_until_proxy_exit_ms=5.448152 stages_ms={transaction_entry=0.418809, request_preparation=0.029416, idempotency_lock_query=1.06476, idempotency_lookup=0.722957, sale_lookup_and_cache=0.629232, inventory_lock_query=1.225064, stock_validation=0.012575, user_limit_query=0.542003, order_persist=0.126371, items_persist_and_stock_changes=0.048492, reservation_persist=0.037472, response_queries_and_auto_flush=3.362883, transaction_completion=1.317775}
api1-1        | 2026-09-09T04:45:35.773Z  INFO 1 --- [limited-goods] [nio-8080-exec-5] c.limitedgoods.purchases.PurchaseTrace   : purchase_timing request_id=d7f5608933e32fa41c1133a52b5b8bcd sale=c9d27d0c-60e3-4fda-b485-60c995294350 order=ae91ae73-d785-4903-9605-f0dc9084ddb1 outcome=success final_phase=transaction_completion total_ms=8.375665 after_lock_until_proxy_exit_ms=4.590362 stages_ms={transaction_entry=0.552334, request_preparation=0.021441, idempotency_lock_query=0.838402, idempotency_lookup=0.670987, sale_lookup_and_cache=0.568044, inventory_lock_query=1.134585, stock_validation=0.012062999999999999, user_limit_query=0.430419, order_persist=0.112395, items_persist_and_stock_changes=0.034395, reservation_persist=0.032963, response_queries_and_auto_flush=2.488376, transaction_completion=1.479261}
api1-1        | 2026-09-09T04:45:36.174Z  INFO 1 --- [limited-goods] [nio-8080-exec-6] c.limitedgoods.purchases.PurchaseTrace   : purchase_timing request_id=9c437ed07993e797165aa9ba53fd068c sale=c9d27d0c-60e3-4fda-b485-60c995294350 order=cf3d2815-9b5e-452a-839f-33166dad1445 outcome=success final_phase=transaction_completion total_ms=9.293333 after_lock_until_proxy_exit_ms=5.347147 stages_ms={transaction_entry=0.904285, request_preparation=0.028584, idempotency_lock_query=0.768729, idempotency_lookup=0.4461, sale_lookup_and_cache=0.574273, inventory_lock_query=1.2271, stock_validation=0.013186, user_limit_query=0.397807, order_persist=0.109298, items_persist_and_stock_changes=0.040929, reservation_persist=0.111091, response_queries_and_auto_flush=3.5125, transaction_completion=1.159451}
api1-1        | 2026-09-09T04:45:36.272Z  INFO 1 --- [limited-goods] [nio-8080-exec-1] c.limitedgoods.purchases.PurchaseTrace   : purchase_timing request_id=99836a92f257ecb1bb90d0b87fb9c7db sale=c9d27d0c-60e3-4fda-b485-60c995294350 order=c56dab76-68ec-4c4e-8f59-fe4cd48d714f outcome=success final_phase=transaction_completion total_ms=7.568055 after_lock_until_proxy_exit_ms=4.400011 stages_ms={transaction_entry=0.484154, request_preparation=0.021872, idempotency_lock_query=0.598263, idempotency_lookup=0.421624, sale_lookup_and_cache=0.542464, inventory_lock_query=1.099998, stock_validation=0.074934, user_limit_query=0.442042, order_persist=0.107685, items_persist_and_stock_changes=0.034957, reservation_persist=0.032111, response_queries_and_auto_flush=2.512391, transaction_completion=1.19556}
api1-1        | 2026-09-09T04:45:36.376Z  INFO 1 --- [limited-goods] [nio-8080-exec-3] c.limitedgoods.purchases.PurchaseTrace   : purchase_timing request_id=0708ab69dcc91074c09212980e5a87ac sale=c9d27d0c-60e3-4fda-b485-60c995294350 order=4be2de86-cf04-4609-ba2c-510dea240ff5 outcome=success final_phase=transaction_completion total_ms=11.6103 after_lock_until_proxy_exit_ms=6.794427 stages_ms={transaction_entry=0.535951, request_preparation=0.022363, idempotency_lock_query=0.686639, idempotency_lookup=0.838891, sale_lookup_and_cache=0.601938, inventory_lock_query=2.130662, stock_validation=0.027792, user_limit_query=1.209257, order_persist=0.108367, items_persist_and_stock_changes=0.039215, reservation_persist=0.035648, response_queries_and_auto_flush=4.071313, transaction_completion=1.302264}
api1-1        | 2026-09-09T04:45:36.576Z  INFO 1 --- [limited-goods] [nio-8080-exec-2] c.limitedgoods.purchases.PurchaseTrace   : purchase_timing request_id=25d5d967d7ddd12a9b818bfc5f4bae60 sale=c9d27d0c-60e3-4fda-b485-60c995294350 order=a91f3415-e727-4406-a42d-843dff75c06b outcome=success final_phase=transaction_completion total_ms=11.37489 after_lock_until_proxy_exit_ms=7.038003 stages_ms={transaction_entry=0.624939, request_preparation=0.077538, idempotency_lock_query=0.865441, idempotency_lookup=0.630372, sale_lookup_and_cache=0.693121, inventory_lock_query=1.445786, stock_validation=0.014537, user_limit_query=0.499966, order_persist=0.247442, items_persist_and_stock_changes=0.098659, reservation_persist=0.099409, response_queries_and_auto_flush=4.462639, transaction_completion=1.615041}
api1-1        | 2026-09-09T04:45:37.173Z  INFO 1 --- [limited-goods] [nio-8080-exec-4] c.limitedgoods.purchases.PurchaseTrace   : purchase_timing request_id=cd2163e7fb95a986d7dca715062ad8b9 sale=c9d27d0c-60e3-4fda-b485-60c995294350 order=b263c392-7568-44b3-872c-f4b63e26a243 outcome=success final_phase=transaction_completion total_ms=8.296138 after_lock_until_proxy_exit_ms=4.291334 stages_ms={transaction_entry=0.260267, request_preparation=0.026851, idempotency_lock_query=0.870752, idempotency_lookup=0.719803, sale_lookup_and_cache=0.720237, inventory_lock_query=1.407615, stock_validation=0.016322, user_limit_query=0.482521, order_persist=0.168321, items_persist_and_stock_changes=0.040568, reservation_persist=0.034926, response_queries_and_auto_flush=2.338885, transaction_completion=1.20907}
api2-1        | 2026-09-09T04:45:33.773Z  INFO 1 --- [limited-goods] [nio-8080-exec-3] c.limitedgoods.purchases.PurchaseTrace   : purchase_timing request_id=c29db6cb218d143180683fff4eb03564 sale=c9d27d0c-60e3-4fda-b485-60c995294350 order=9f941c88-0e84-4d60-ae57-3b5e2fe666ac outcome=success final_phase=transaction_completion total_ms=8.418054 after_lock_until_proxy_exit_ms=4.30999 stages_ms={transaction_entry=0.859097, request_preparation=0.086956, idempotency_lock_query=0.840374, idempotency_lookup=0.565799, sale_lookup_and_cache=0.521404, inventory_lock_query=1.234815, stock_validation=0.013304999999999999, user_limit_query=0.484743, order_persist=0.138845, items_persist_and_stock_changes=0.030879, reservation_persist=0.029646, response_queries_and_auto_flush=2.455056, transaction_completion=1.157135}
api2-1        | 2026-09-09T04:45:33.972Z  INFO 1 --- [limited-goods] [nio-8080-exec-5] c.limitedgoods.purchases.PurchaseTrace   : purchase_timing request_id=342e8db140bcbf6349c4497a78430ccf sale=c9d27d0c-60e3-4fda-b485-60c995294350 order=26a73033-1a4b-4a45-a348-5787ec473de3 outcome=success final_phase=transaction_completion total_ms=7.77645 after_lock_until_proxy_exit_ms=4.0637 stages_ms={transaction_entry=0.25716, request_preparation=0.017975, idempotency_lock_query=0.844631, idempotency_lookup=0.443044, sale_lookup_and_cache=0.74423, inventory_lock_query=1.406842, stock_validation=0.021992, user_limit_query=0.482692, order_persist=0.113536, items_persist_and_stock_changes=0.036229, reservation_persist=0.029988, response_queries_and_auto_flush=2.133027, transaction_completion=1.245104}
api2-1        | 2026-09-09T04:45:34.376Z  INFO 1 --- [limited-goods] [nio-8080-exec-3] c.limitedgoods.purchases.PurchaseTrace   : purchase_timing request_id=c4024824ef9137560b7e43693872bb69 sale=c9d27d0c-60e3-4fda-b485-60c995294350 order=2d54b5ef-aba2-4207-a161-5999ad140ede outcome=success final_phase=transaction_completion total_ms=11.581318 after_lock_until_proxy_exit_ms=6.517788 stages_ms={transaction_entry=0.774668, request_preparation=0.028104, idempotency_lock_query=0.758237, idempotency_lookup=1.266567, sale_lookup_and_cache=0.548797, inventory_lock_query=1.68835, stock_validation=0.014818, user_limit_query=1.169701, order_persist=0.109218, items_persist_and_stock_changes=0.036299, reservation_persist=0.029687, response_queries_and_auto_flush=4.012461, transaction_completion=1.144411}
api1-1        | 2026-09-09T04:45:37.272Z  INFO 1 --- [limited-goods] [nio-8080-exec-2] c.limitedgoods.purchases.PurchaseTrace   : purchase_timing request_id=17cb664b026c86760a934bc6fb3ec519 sale=c9d27d0c-60e3-4fda-b485-60c995294350 order=d7f2a236-455f-48ec-9638-d02360049288 outcome=success final_phase=transaction_completion total_ms=7.587554 after_lock_until_proxy_exit_ms=4.068537 stages_ms={transaction_entry=0.507299, request_preparation=0.021621, idempotency_lock_query=0.585657, idempotency_lookup=0.468144, sale_lookup_and_cache=0.618601, inventory_lock_query=1.318036, stock_validation=0.014688, user_limit_query=0.356491, order_persist=0.147942, items_persist_and_stock_changes=0.041069, reservation_persist=0.033173, response_queries_and_auto_flush=2.100831, transaction_completion=1.374002}
api2-1        | 2026-09-09T04:45:34.488Z  INFO 1 --- [limited-goods] [nio-8080-exec-5] c.limitedgoods.purchases.PurchaseTrace   : purchase_timing request_id=12b0634fb8bf49e175001a036695acfb sale=c9d27d0c-60e3-4fda-b485-60c995294350 order=e660a9f0-cbf8-4a8b-8711-19b55868a1e4 outcome=success final_phase=transaction_completion total_ms=21.327753 after_lock_until_proxy_exit_ms=13.191557 stages_ms={transaction_entry=0.27257, request_preparation=0.157389, idempotency_lock_query=1.258731, idempotency_lookup=2.32272, sale_lookup_and_cache=0.825354, inventory_lock_query=3.301085, stock_validation=0.029697, user_limit_query=2.217097, order_persist=0.180364, items_persist_and_stock_changes=0.040287, reservation_persist=0.033564, response_queries_and_auto_flush=8.507183, transaction_completion=2.181712}
api2-1        | 2026-09-09T04:45:34.772Z  INFO 1 --- [limited-goods] [nio-8080-exec-2] c.limitedgoods.purchases.PurchaseTrace   : purchase_timing request_id=1a31bdc1f48c2b2974e4b5fd5af8ce4d sale=c9d27d0c-60e3-4fda-b485-60c995294350 order=1d9b7ebc-3002-47d7-90a1-f958c7b2f7e9 outcome=success final_phase=transaction_completion total_ms=8.137418 after_lock_until_proxy_exit_ms=4.773253 stages_ms={transaction_entry=0.246089, request_preparation=0.02124, idempotency_lock_query=0.741224, idempotency_lookup=0.516303, sale_lookup_and_cache=0.540471, inventory_lock_query=1.29972, stock_validation=0.019828000000000002, user_limit_query=0.508522, order_persist=0.171096, items_persist_and_stock_changes=0.080414, reservation_persist=0.042741, response_queries_and_auto_flush=2.613953, transaction_completion=1.335817}
api1-1        | 2026-09-09T04:45:37.372Z  INFO 1 --- [limited-goods] [nio-8080-exec-6] c.limitedgoods.purchases.PurchaseTrace   : purchase_timing request_id=8eb8e105bce73455683f8fa8f98f4e0d sale=c9d27d0c-60e3-4fda-b485-60c995294350 order=e8d58178-221e-41cf-9d4b-ad7c500a5fa4 outcome=success final_phase=transaction_completion total_ms=8.049477 after_lock_until_proxy_exit_ms=4.624658 stages_ms={transaction_entry=0.259766, request_preparation=0.020249, idempotency_lock_query=0.790427, idempotency_lookup=0.573657, sale_lookup_and_cache=0.532085, inventory_lock_query=1.248975, stock_validation=0.012594, user_limit_query=0.512828, order_persist=0.149265, items_persist_and_stock_changes=0.035318, reservation_persist=0.034265, response_queries_and_auto_flush=2.715815, transaction_completion=1.164233}
api1-1        | 2026-09-09T04:45:37.472Z  INFO 1 --- [limited-goods] [nio-8080-exec-4] c.limitedgoods.purchases.PurchaseTrace   : purchase_timing request_id=e0df2368c6be1809bda182916528f098 sale=c9d27d0c-60e3-4fda-b485-60c995294350 order=ce23a814-a48d-4775-aa03-b3f95951ba33 outcome=success final_phase=transaction_completion total_ms=7.170248 after_lock_until_proxy_exit_ms=4.086211 stages_ms={transaction_entry=0.215361, request_preparation=0.014337, idempotency_lock_query=0.771742, idempotency_lookup=0.634312, sale_lookup_and_cache=0.432787, inventory_lock_query=1.015929, stock_validation=0.01035, user_limit_query=0.307016, order_persist=0.128255, items_persist_and_stock_changes=0.043844, reservation_persist=0.030388, response_queries_and_auto_flush=2.327253, transaction_completion=1.238674}
api1-1        | 2026-09-09T04:45:37.577Z  INFO 1 --- [limited-goods] [nio-8080-exec-2] c.limitedgoods.purchases.PurchaseTrace   : purchase_timing request_id=c30101f6d1ca716881dd1e1bbc7ce076 sale=c9d27d0c-60e3-4fda-b485-60c995294350 order=42794f66-0e77-41f6-85f2-f01c33547779 outcome=success final_phase=transaction_completion total_ms=11.986544 after_lock_until_proxy_exit_ms=6.862682 stages_ms={transaction_entry=0.337545, request_preparation=0.025318, idempotency_lock_query=1.024004, idempotency_lookup=0.907755, sale_lookup_and_cache=0.794907, inventory_lock_query=2.036096, stock_validation=0.029627, user_limit_query=0.816297, order_persist=0.186346, items_persist_and_stock_changes=0.044495, reservation_persist=0.045767, response_queries_and_auto_flush=4.185602, transaction_completion=1.552785}
api1-1        | 2026-09-09T04:45:37.672Z  INFO 1 --- [limited-goods] [nio-8080-exec-1] c.limitedgoods.purchases.PurchaseTrace   : purchase_timing request_id=a0bf59e025719c107dd1ec118bb085f1 sale=c9d27d0c-60e3-4fda-b485-60c995294350 order=77dd22fa-c581-424e-a41d-2a899e05fd35 outcome=success final_phase=transaction_completion total_ms=7.21416 after_lock_until_proxy_exit_ms=4.157124 stages_ms={transaction_entry=0.224248, request_preparation=0.014648, idempotency_lock_query=0.767466, idempotency_lookup=0.364135, sale_lookup_and_cache=0.521525, inventory_lock_query=1.165505, stock_validation=0.011572, user_limit_query=0.305433, order_persist=0.089291, items_persist_and_stock_changes=0.281798, reservation_persist=0.043663, response_queries_and_auto_flush=2.306784, transaction_completion=1.118092}
api2-1        | 2026-09-09T04:45:34.872Z  INFO 1 --- [limited-goods] [nio-8080-exec-3] c.limitedgoods.purchases.PurchaseTrace   : purchase_timing request_id=499823b994d58f94e49b0ec91eb8cbf5 sale=c9d27d0c-60e3-4fda-b485-60c995294350 order=4f2cda73-054f-4a57-9f3b-d01e6a85a476 outcome=success final_phase=transaction_completion total_ms=7.277797 after_lock_until_proxy_exit_ms=4.196294 stages_ms={transaction_entry=0.211934, request_preparation=0.014818, idempotency_lock_query=0.643828, idempotency_lookup=0.326972, sale_lookup_and_cache=0.604822, inventory_lock_query=1.27946, stock_validation=0.011813, user_limit_query=0.361893, order_persist=0.117564, items_persist_and_stock_changes=0.032312, reservation_persist=0.196264, response_queries_and_auto_flush=2.283222, transaction_completion=1.192895}
api2-1        | 2026-09-09T04:45:35.173Z  INFO 1 --- [limited-goods] [nio-8080-exec-5] c.limitedgoods.purchases.PurchaseTrace   : purchase_timing request_id=e3536ebf15ae32115fd7a554a02d8d94 sale=c9d27d0c-60e3-4fda-b485-60c995294350 order=8c06ddb6-3256-41e2-981b-18709f2c43c0 outcome=success final_phase=transaction_completion total_ms=8.459312 after_lock_until_proxy_exit_ms=4.607346 stages_ms={transaction_entry=0.345659, request_preparation=0.025338, idempotency_lock_query=0.923641, idempotency_lookup=0.54555, sale_lookup_and_cache=0.611127, inventory_lock_query=1.401062, stock_validation=0.013266, user_limit_query=0.407917, order_persist=0.106633, items_persist_and_stock_changes=0.029146, reservation_persist=0.028985, response_queries_and_auto_flush=2.779781, transaction_completion=1.241207}
api1-1        | 2026-09-09T04:45:37.774Z  INFO 1 --- [limited-goods] [nio-8080-exec-3] c.limitedgoods.purchases.PurchaseTrace   : purchase_timing request_id=fcccf77e134c354d43e24bf8d737d4bc sale=c9d27d0c-60e3-4fda-b485-60c995294350 order=f9db7098-367e-4f31-8af6-5b5a72843598 outcome=success final_phase=transaction_completion total_ms=9.084522 after_lock_until_proxy_exit_ms=5.071834 stages_ms={transaction_entry=0.336883, request_preparation=0.02655, idempotency_lock_query=0.906801, idempotency_lookup=0.563514, sale_lookup_and_cache=0.708705, inventory_lock_query=1.471016, stock_validation=0.017864, user_limit_query=0.616599, order_persist=0.179633, items_persist_and_stock_changes=0.033895, reservation_persist=0.035508, response_queries_and_auto_flush=3.038651, transaction_completion=1.148903}
api2-1        | 2026-09-09T04:45:35.372Z  INFO 1 --- [limited-goods] [nio-8080-exec-3] c.limitedgoods.purchases.PurchaseTrace   : purchase_timing request_id=7008cff513dd34ea189accae6ba8fde7 sale=c9d27d0c-60e3-4fda-b485-60c995294350 order=c8b5d058-86e1-4820-8d36-8eeca8ced7b2 outcome=success final_phase=transaction_completion total_ms=7.395713 after_lock_until_proxy_exit_ms=3.880257 stages_ms={transaction_entry=0.255497, request_preparation=0.02106, idempotency_lock_query=0.935065, idempotency_lookup=0.475053, sale_lookup_and_cache=0.710386, inventory_lock_query=1.118926, stock_validation=0.012273000000000001, user_limit_query=0.375074, order_persist=0.103026, items_persist_and_stock_changes=0.030408, reservation_persist=0.028344, response_queries_and_auto_flush=2.240134, transaction_completion=1.090467}
api2-1        | 2026-09-09T04:45:35.472Z  INFO 1 --- [limited-goods] [nio-8080-exec-5] c.limitedgoods.purchases.PurchaseTrace   : purchase_timing request_id=7de3c778ddc485aa2c700ca54651d219 sale=c9d27d0c-60e3-4fda-b485-60c995294350 order=53f3437d-bdf4-4f07-9ea2-8a7b7340f920 outcome=success final_phase=transaction_completion total_ms=8.43693 after_lock_until_proxy_exit_ms=4.898539 stages_ms={transaction_entry=0.264986, request_preparation=0.02129, idempotency_lock_query=0.84415, idempotency_lookup=0.559097, sale_lookup_and_cache=0.592349, inventory_lock_query=1.25715, stock_validation=0.013716, user_limit_query=0.344206, order_persist=0.09952, items_persist_and_stock_changes=0.035127, reservation_persist=0.029206, response_queries_and_auto_flush=2.935295, transaction_completion=1.440838}
api2-1        | 2026-09-09T04:45:35.681Z  INFO 1 --- [limited-goods] [nio-8080-exec-4] c.limitedgoods.purchases.PurchaseTrace   : purchase_timing request_id=210281c7d689cc303960602a0bb85bda sale=c9d27d0c-60e3-4fda-b485-60c995294350 order=b8e08a02-4290-4746-b2a8-27ba5cbbd226 outcome=success final_phase=transaction_completion total_ms=15.823005 after_lock_until_proxy_exit_ms=10.889257 stages_ms={transaction_entry=0.720754, request_preparation=0.022573, idempotency_lock_query=0.856286, idempotency_lookup=0.606766, sale_lookup_and_cache=0.545108, inventory_lock_query=2.182912, stock_validation=0.017044, user_limit_query=1.38416, order_persist=0.175905, items_persist_and_stock_changes=0.033574, reservation_persist=0.030619, response_queries_and_auto_flush=7.992241, transaction_completion=1.255063}
api2-1        | 2026-09-09T04:45:35.873Z  INFO 1 --- [limited-goods] [nio-8080-exec-5] c.limitedgoods.purchases.PurchaseTrace   : purchase_timing request_id=2e8e17d5d6eb8f3e413365758175733c sale=c9d27d0c-60e3-4fda-b485-60c995294350 order=c4671cf3-b0a9-4dce-b2a3-bdfd760234ed outcome=success final_phase=transaction_completion total_ms=7.812611 after_lock_until_proxy_exit_ms=4.233194 stages_ms={transaction_entry=0.27237, request_preparation=0.020649, idempotency_lock_query=0.935536, idempotency_lookup=0.576368, sale_lookup_and_cache=0.574428, inventory_lock_query=1.200798, stock_validation=0.016552, user_limit_query=0.408178, order_persist=0.095301, items_persist_and_stock_changes=0.030398, reservation_persist=0.028935, response_queries_and_auto_flush=2.462708, transaction_completion=1.19039}
api1-1        | 2026-09-09T04:45:37.876Z  INFO 1 --- [limited-goods] [nio-8080-exec-2] c.limitedgoods.purchases.PurchaseTrace   : purchase_timing request_id=9edd3edb0e7561043fce94a197335d46 sale=c9d27d0c-60e3-4fda-b485-60c995294350 order=49b6a0ba-3b6d-4ef3-b0d5-aefd5fa67f7c outcome=success final_phase=transaction_completion total_ms=9.768799 after_lock_until_proxy_exit_ms=4.772981 stages_ms={transaction_entry=0.417717, request_preparation=0.027623, idempotency_lock_query=0.99546, idempotency_lookup=0.651704, sale_lookup_and_cache=0.664879, inventory_lock_query=2.239187, stock_validation=0.019097000000000003, user_limit_query=0.51275, order_persist=0.121782, items_persist_and_stock_changes=0.071967, reservation_persist=0.04173, response_queries_and_auto_flush=2.816975, transaction_completion=1.187928}
api2-1        | 2026-09-09T04:45:35.972Z  INFO 1 --- [limited-goods] [nio-8080-exec-4] c.limitedgoods.purchases.PurchaseTrace   : purchase_timing request_id=999dd271c21147e8892e6c51753c75ef sale=c9d27d0c-60e3-4fda-b485-60c995294350 order=22c07609-af5e-46b9-a0d8-862c77167c4f outcome=success final_phase=transaction_completion total_ms=8.383628 after_lock_until_proxy_exit_ms=4.641624 stages_ms={transaction_entry=0.23053, request_preparation=0.015179, idempotency_lock_query=0.757913, idempotency_lookup=0.601837, sale_lookup_and_cache=0.806638, inventory_lock_query=1.330448, stock_validation=0.017183, user_limit_query=0.493562, order_persist=0.1519, items_persist_and_stock_changes=0.03686, reservation_persist=0.030388, response_queries_and_auto_flush=2.556808, transaction_completion=1.354382}
api1-1        | 2026-09-09T04:45:37.979Z  INFO 1 --- [limited-goods] [nio-8080-exec-5] c.limitedgoods.purchases.PurchaseTrace   : purchase_timing request_id=060085ead12a3ce40290d43405e3d661 sale=c9d27d0c-60e3-4fda-b485-60c995294350 order=4367f377-c864-440f-9300-ecd6a5ba7ffa outcome=success final_phase=transaction_completion total_ms=12.543466 after_lock_until_proxy_exit_ms=7.631007 stages_ms={transaction_entry=0.360478, request_preparation=0.034626, idempotency_lock_query=1.34457, idempotency_lookup=0.821606, sale_lookup_and_cache=0.67064, inventory_lock_query=1.68122, stock_validation=0.017363, user_limit_query=0.655942, order_persist=0.208648, items_persist_and_stock_changes=0.048883, reservation_persist=0.124248, response_queries_and_auto_flush=4.945069, transaction_completion=1.630173}
api1-1        | 2026-09-09T04:45:38.173Z  INFO 1 --- [limited-goods] [nio-8080-exec-1] c.limitedgoods.purchases.PurchaseTrace   : purchase_timing request_id=8076465314fb0a5573277113595329b2 sale=c9d27d0c-60e3-4fda-b485-60c995294350 order=af6cc36b-168a-4f0a-a5c0-299cdbd8653c outcome=success final_phase=transaction_completion total_ms=9.360629 after_lock_until_proxy_exit_ms=4.931513 stages_ms={transaction_entry=0.222725, request_preparation=0.016181, idempotency_lock_query=0.915206, idempotency_lookup=0.530783, sale_lookup_and_cache=0.772418, inventory_lock_query=1.973617, stock_validation=0.016621, user_limit_query=0.568254, order_persist=0.20427, items_persist_and_stock_changes=0.045828, reservation_persist=0.035528, response_queries_and_auto_flush=2.952156, transaction_completion=1.107042}
api1-1        | 2026-09-09T04:45:38.372Z  INFO 1 --- [limited-goods] [nio-8080-exec-3] c.limitedgoods.purchases.PurchaseTrace   : purchase_timing request_id=eff2a7baa2a299fc10bf050e121b742e sale=c9d27d0c-60e3-4fda-b485-60c995294350 order=613e0143-def8-4e48-8d1f-de3a5598609c outcome=success final_phase=transaction_completion total_ms=7.952914 after_lock_until_proxy_exit_ms=3.927741 stages_ms={transaction_entry=0.499345, request_preparation=0.022523, idempotency_lock_query=0.863266, idempotency_lookup=0.617769, sale_lookup_and_cache=0.558475, inventory_lock_query=1.464326, stock_validation=0.01494, user_limit_query=0.44564, order_persist=0.109849, items_persist_and_stock_changes=0.029006, reservation_persist=0.033343, response_queries_and_auto_flush=2.146569, transaction_completion=1.147863}
api1-1        | 2026-09-09T04:45:38.472Z  INFO 1 --- [limited-goods] [nio-8080-exec-5] c.limitedgoods.purchases.PurchaseTrace   : purchase_timing request_id=cbf9a95d8ecfd787849d097eab3d9206 sale=c9d27d0c-60e3-4fda-b485-60c995294350 order=8c2b45dd-a5c2-477e-8f70-68b3a5f24758 outcome=success final_phase=transaction_completion total_ms=7.329614 after_lock_until_proxy_exit_ms=4.604582 stages_ms={transaction_entry=0.218106, request_preparation=0.014939, idempotency_lock_query=0.643358, idempotency_lookup=0.392088, sale_lookup_and_cache=0.445441, inventory_lock_query=1.011611, stock_validation=0.013807, user_limit_query=0.524159, order_persist=0.16259, items_persist_and_stock_changes=0.031751, reservation_persist=0.034225, response_queries_and_auto_flush=2.564278, transaction_completion=1.273261}
api1-1        | 2026-09-09T04:45:38.772Z  INFO 1 --- [limited-goods] [nio-8080-exec-3] c.limitedgoods.purchases.PurchaseTrace   : purchase_timing request_id=6701847cd282be57a35db3e097f1bca9 sale=c9d27d0c-60e3-4fda-b485-60c995294350 order=0384aa78-264f-476d-9100-884d24a8e8f1 outcome=success final_phase=transaction_completion total_ms=7.724908 after_lock_until_proxy_exit_ms=4.253181 stages_ms={transaction_entry=0.226984, request_preparation=0.01602, idempotency_lock_query=0.967758, idempotency_lookup=0.578414, sale_lookup_and_cache=0.573544, inventory_lock_query=1.109337, stock_validation=0.012164, user_limit_query=0.367452, order_persist=0.131421, items_persist_and_stock_changes=0.030879, reservation_persist=0.034175, response_queries_and_auto_flush=2.386567, transaction_completion=1.290193}
api1-1        | 2026-09-09T04:45:38.877Z  INFO 1 --- [limited-goods] [nio-8080-exec-2] c.limitedgoods.purchases.PurchaseTrace   : purchase_timing request_id=34a778c9e31a492d9896180258d87858 sale=c9d27d0c-60e3-4fda-b485-60c995294350 order=d310400c-366f-4e84-9d86-e784215a67b0 outcome=success final_phase=transaction_completion total_ms=11.942136 after_lock_until_proxy_exit_ms=4.350995 stages_ms={transaction_entry=0.338647, request_preparation=0.021962, idempotency_lock_query=0.833831, idempotency_lookup=0.486609, sale_lookup_and_cache=0.642895, inventory_lock_query=5.268499, stock_validation=0.021912, user_limit_query=0.505024, order_persist=0.117675, items_persist_and_stock_changes=0.03148, reservation_persist=0.033935, response_queries_and_auto_flush=2.476598, transaction_completion=1.163069}
api1-1        | 2026-09-09T04:45:38.974Z  INFO 1 --- [limited-goods] [nio-8080-exec-6] c.limitedgoods.purchases.PurchaseTrace   : purchase_timing request_id=80ba4a27fb5bc4e7690938670892c172 sale=c9d27d0c-60e3-4fda-b485-60c995294350 order=e361ddd3-0537-46f2-8530-a67abc165ca6 outcome=success final_phase=transaction_completion total_ms=9.405575 after_lock_until_proxy_exit_ms=5.191239 stages_ms={transaction_entry=0.257802, request_preparation=0.018075, idempotency_lock_query=0.86965, idempotency_lookup=0.607289, sale_lookup_and_cache=0.845264, inventory_lock_query=1.616657, stock_validation=0.016011, user_limit_query=0.514321, order_persist=0.138775, items_persist_and_stock_changes=0.034846, reservation_persist=0.036229, response_queries_and_auto_flush=3.177606, transaction_completion=1.27305}
api1-1        | 2026-09-09T04:45:39.374Z  INFO 1 --- [limited-goods] [nio-8080-exec-2] c.limitedgoods.purchases.PurchaseTrace   : purchase_timing request_id=bda59e28114fca02c631586068a8397c sale=c9d27d0c-60e3-4fda-b485-60c995294350 order=b84d07e1-cf02-4e35-97f8-c165c3dc93f6 outcome=success final_phase=transaction_completion total_ms=10.153112 after_lock_until_proxy_exit_ms=6.415507 stages_ms={transaction_entry=0.249246, request_preparation=0.016772, idempotency_lock_query=0.735042, idempotency_lookup=0.452627, sale_lookup_and_cache=0.70312, inventory_lock_query=1.581259, stock_validation=0.019917999999999998, user_limit_query=0.529411, order_persist=0.206494, items_persist_and_stock_changes=0.054394, reservation_persist=0.049925, response_queries_and_auto_flush=3.631903, transaction_completion=1.923001}
api1-1        | 2026-09-09T04:45:39.471Z  INFO 1 --- [limited-goods] [nio-8080-exec-6] c.limitedgoods.purchases.PurchaseTrace   : purchase_timing request_id=fff786003a714aa4b88dae8700d3832f sale=c9d27d0c-60e3-4fda-b485-60c995294350 order=e0232b9f-9c3c-4141-b8bf-0518436d3d14 outcome=success final_phase=transaction_completion total_ms=7.157795 after_lock_until_proxy_exit_ms=4.313976 stages_ms={transaction_entry=0.21979, request_preparation=0.014197, idempotency_lock_query=0.642887, idempotency_lookup=0.399804, sale_lookup_and_cache=0.411916, inventory_lock_query=1.155576, stock_validation=0.011683, user_limit_query=0.37205, order_persist=0.10497, items_persist_and_stock_changes=0.033534, reservation_persist=0.031701, response_queries_and_auto_flush=2.48858, transaction_completion=1.271107}
api1-1        | 2026-09-09T04:45:39.574Z  INFO 1 --- [limited-goods] [nio-8080-exec-3] c.limitedgoods.purchases.PurchaseTrace   : purchase_timing request_id=52f9b6cc1fc65e693e702e76270b8750 sale=c9d27d0c-60e3-4fda-b485-60c995294350 order=d870f003-81e9-4223-bd5d-f47647e10c0b outcome=success final_phase=transaction_completion total_ms=9.261273 after_lock_until_proxy_exit_ms=4.835303 stages_ms={transaction_entry=0.342483, request_preparation=0.027934, idempotency_lock_query=0.997725, idempotency_lookup=0.548557, sale_lookup_and_cache=0.740615, inventory_lock_query=1.769318, stock_validation=0.016141, user_limit_query=0.560649, order_persist=0.148563, items_persist_and_stock_changes=0.031681, reservation_persist=0.034305, response_queries_and_auto_flush=2.797753, transaction_completion=1.245549}
api1-1        | 2026-09-09T04:45:40.073Z  INFO 1 --- [limited-goods] [nio-8080-exec-4] c.limitedgoods.purchases.PurchaseTrace   : purchase_timing request_id=6cec1370561e6014d2b4e1cb7ca1bfc8 sale=c9d27d0c-60e3-4fda-b485-60c995294350 order=3fd29f7e-64ba-4882-b1fe-4b7e9aa234fb outcome=success final_phase=transaction_completion total_ms=8.64865 after_lock_until_proxy_exit_ms=4.660767 stages_ms={transaction_entry=0.324209, request_preparation=0.022943, idempotency_lock_query=0.800479, idempotency_lookup=0.476789, sale_lookup_and_cache=0.695929, inventory_lock_query=1.667895, stock_validation=0.012754000000000001, user_limit_query=0.40337, order_persist=0.113006, items_persist_and_stock_changes=0.031079, reservation_persist=0.031611, response_queries_and_auto_flush=2.770347, transaction_completion=1.298239}
api1-1        | 2026-09-09T04:45:40.172Z  INFO 1 --- [limited-goods] [nio-8080-exec-2] c.limitedgoods.purchases.PurchaseTrace   : purchase_timing request_id=a13ed5b063f6b26a49a6529c08cb1ec2 sale=c9d27d0c-60e3-4fda-b485-60c995294350 order=902d780b-4891-4d65-a2f7-6716631c950e outcome=success final_phase=transaction_completion total_ms=8.266331 after_lock_until_proxy_exit_ms=4.108544 stages_ms={transaction_entry=0.798734, request_preparation=0.087728, idempotency_lock_query=0.856254, idempotency_lookup=0.581311, sale_lookup_and_cache=0.609362, inventory_lock_query=1.224939, stock_validation=0.01517, user_limit_query=0.465398, order_persist=0.112034, items_persist_and_stock_changes=0.029316, reservation_persist=0.035087, response_queries_and_auto_flush=2.240225, transaction_completion=1.210773}
api1-1        | 2026-09-09T04:45:40.371Z  INFO 1 --- [limited-goods] [nio-8080-exec-6] c.limitedgoods.purchases.PurchaseTrace   : purchase_timing request_id=16c19a2fe4e84b84e30f532f2aaeb272 sale=c9d27d0c-60e3-4fda-b485-60c995294350 order=c7be0a8f-a5ef-4b8b-af17-ac441043d68b outcome=success final_phase=transaction_completion total_ms=7.949756 after_lock_until_proxy_exit_ms=4.514468 stages_ms={transaction_entry=0.217345, request_preparation=0.014988, idempotency_lock_query=0.652035, idempotency_lookup=0.512318, sale_lookup_and_cache=0.640794, inventory_lock_query=1.398359, stock_validation=0.016822, user_limit_query=0.517919, order_persist=0.116152, items_persist_and_stock_changes=0.032883, reservation_persist=0.032943, response_queries_and_auto_flush=2.633056, transaction_completion=1.164142}
api1-1        | 2026-09-09T04:45:40.572Z  INFO 1 --- [limited-goods] [nio-8080-exec-4] c.limitedgoods.purchases.PurchaseTrace   : purchase_timing request_id=2b4f69ecfcbbf763df0b5e702eb966ed sale=c9d27d0c-60e3-4fda-b485-60c995294350 order=d95e03ea-0fd6-427b-8ab3-99e13420579b outcome=success final_phase=transaction_completion total_ms=7.690461 after_lock_until_proxy_exit_ms=4.057065 stages_ms={transaction_entry=0.252762, request_preparation=0.071286, idempotency_lock_query=0.781031, idempotency_lookup=0.407458, sale_lookup_and_cache=0.668889, inventory_lock_query=1.452331, stock_validation=0.013906, user_limit_query=0.490616, order_persist=0.095553, items_persist_and_stock_changes=0.038804, reservation_persist=0.030759, response_queries_and_auto_flush=2.050827, transaction_completion=1.336239}
api1-1        | 2026-09-09T04:45:40.671Z  INFO 1 --- [limited-goods] [nio-8080-exec-2] c.limitedgoods.purchases.PurchaseTrace   : purchase_timing request_id=4c7770a325d5a3e51c02f7fb0a0d6ccc sale=c9d27d0c-60e3-4fda-b485-60c995294350 order=ba8c8cbe-3f3f-41ae-b742-806b9b6d3efa outcome=success final_phase=transaction_completion total_ms=6.965415 after_lock_until_proxy_exit_ms=3.899766 stages_ms={transaction_entry=0.212575, request_preparation=0.014388, idempotency_lock_query=0.624782, idempotency_lookup=0.338998, sale_lookup_and_cache=0.400231, inventory_lock_query=1.475006, stock_validation=0.011453000000000001, user_limit_query=0.338706, order_persist=0.102655, items_persist_and_stock_changes=0.029737, reservation_persist=0.030609, response_queries_and_auto_flush=2.2257, transaction_completion=1.160575}
api1-1        | 2026-09-09T04:45:40.973Z  INFO 1 --- [limited-goods] [nio-8080-exec-6] c.limitedgoods.purchases.PurchaseTrace   : purchase_timing request_id=76ea7576b55e92f53ad4d62e0e8295ea sale=c9d27d0c-60e3-4fda-b485-60c995294350 order=f83ec0d9-f0f9-4ab9-a5c8-b52a0bc7b83a outcome=success final_phase=transaction_completion total_ms=8.709256 after_lock_until_proxy_exit_ms=4.490432 stages_ms={transaction_entry=0.257321, request_preparation=0.016281, idempotency_lock_query=1.020128, idempotency_lookup=0.822029, sale_lookup_and_cache=0.607229, inventory_lock_query=1.497039, stock_validation=0.020257999999999998, user_limit_query=0.488153, order_persist=0.112414, items_persist_and_stock_changes=0.037512, reservation_persist=0.03135, response_queries_and_auto_flush=2.586937, transaction_completion=1.212605}
api1-1        | 2026-09-09T04:45:41.072Z  INFO 1 --- [limited-goods] [nio-8080-exec-1] c.limitedgoods.purchases.PurchaseTrace   : purchase_timing request_id=c80f33f75e6515251bc6041e9a8582f8 sale=c9d27d0c-60e3-4fda-b485-60c995294350 order=07c7226e-5419-4336-a8ca-60fda3ff4391 outcome=success final_phase=transaction_completion total_ms=7.594558 after_lock_until_proxy_exit_ms=4.1707 stages_ms={transaction_entry=0.582023, request_preparation=0.02106, idempotency_lock_query=0.591006, idempotency_lookup=0.337394, sale_lookup_and_cache=0.412881, inventory_lock_query=1.479965, stock_validation=0.014087, user_limit_query=0.380554, order_persist=0.100893, items_persist_and_stock_changes=0.03186, reservation_persist=0.035338, response_queries_and_auto_flush=2.347754, transaction_completion=1.259743}
api2-1        | 2026-09-09T04:45:36.073Z  INFO 1 --- [limited-goods] [nio-8080-exec-1] c.limitedgoods.purchases.PurchaseTrace   : purchase_timing request_id=023634684a9a59087f6216859bc17086 sale=c9d27d0c-60e3-4fda-b485-60c995294350 order=2d63bef9-f915-404a-9190-490bfb5bd21d outcome=success final_phase=transaction_completion total_ms=8.707395 after_lock_until_proxy_exit_ms=5.022037 stages_ms={transaction_entry=0.214829, request_preparation=0.086766, idempotency_lock_query=0.662513, idempotency_lookup=0.524257, sale_lookup_and_cache=0.584989, inventory_lock_query=1.612575, stock_validation=0.011833000000000002, user_limit_query=1.220946, order_persist=0.107245, items_persist_and_stock_changes=0.030869, reservation_persist=0.029576, response_queries_and_auto_flush=2.352326, transaction_completion=1.268671}
api1-1        | 2026-09-09T04:45:41.273Z  INFO 1 --- [limited-goods] [nio-8080-exec-4] c.limitedgoods.purchases.PurchaseTrace   : purchase_timing request_id=805e1b725fde0a1c1ec2fc4e8538351b sale=c9d27d0c-60e3-4fda-b485-60c995294350 order=746430b1-c572-484c-b7a2-a0fadc82394d outcome=success final_phase=transaction_completion total_ms=9.076338 after_lock_until_proxy_exit_ms=4.806976 stages_ms={transaction_entry=0.228777, request_preparation=0.015049, idempotency_lock_query=0.789357, idempotency_lookup=0.477523, sale_lookup_and_cache=0.680871, inventory_lock_query=2.078296, stock_validation=0.017484, user_limit_query=0.534097, order_persist=0.165997, items_persist_and_stock_changes=0.030057, reservation_persist=0.035919, response_queries_and_auto_flush=2.777353, transaction_completion=1.245558}
api1-1        | 2026-09-09T04:45:41.373Z  INFO 1 --- [limited-goods] [nio-8080-exec-2] c.limitedgoods.purchases.PurchaseTrace   : purchase_timing request_id=10c68aea602ee916ab43c5ee92e8f1e9 sale=c9d27d0c-60e3-4fda-b485-60c995294350 order=64964578-ab3c-4c9a-837e-260eaf83021d outcome=success final_phase=transaction_completion total_ms=9.412668 after_lock_until_proxy_exit_ms=4.791899 stages_ms={transaction_entry=0.588573, request_preparation=0.06809, idempotency_lock_query=1.082609, idempotency_lookup=0.742864, sale_lookup_and_cache=0.632157, inventory_lock_query=1.506787, stock_validation=0.013004, user_limit_query=0.36624, order_persist=0.116943, items_persist_and_stock_changes=0.031981, reservation_persist=0.032482, response_queries_and_auto_flush=2.936499, transaction_completion=1.294439}
api1-1        | 2026-09-09T04:45:41.572Z  INFO 1 --- [limited-goods] [nio-8080-exec-6] c.limitedgoods.purchases.PurchaseTrace   : purchase_timing request_id=39d8c57c69d46d32277f2537b36afa43 sale=c9d27d0c-60e3-4fda-b485-60c995294350 order=ec8e5277-fc56-4bfa-b415-53cda771e0ad outcome=success final_phase=transaction_completion total_ms=7.567677 after_lock_until_proxy_exit_ms=4.164269 stages_ms={transaction_entry=0.222866, request_preparation=0.015119, idempotency_lock_query=0.853359, idempotency_lookup=0.454828, sale_lookup_and_cache=0.546663, inventory_lock_query=1.311474, stock_validation=0.018515, user_limit_query=0.440872, order_persist=0.088289, items_persist_and_stock_changes=0.035738, reservation_persist=0.030859, response_queries_and_auto_flush=2.250166, transaction_completion=1.298929}
api1-1        | 2026-09-09T04:45:41.771Z  INFO 1 --- [limited-goods] [nio-8080-exec-3] c.limitedgoods.purchases.PurchaseTrace   : purchase_timing request_id=ed7c1fd5a45c76de6eadd483f02cf378 sale=c9d27d0c-60e3-4fda-b485-60c995294350 order=1447f4aa-d098-4a56-b7c1-0073e737501d outcome=success final_phase=transaction_completion total_ms=7.97252 after_lock_until_proxy_exit_ms=4.561791 stages_ms={transaction_entry=0.301115, request_preparation=0.020169, idempotency_lock_query=0.773326, idempotency_lookup=0.402248, sale_lookup_and_cache=0.57189, inventory_lock_query=1.342412, stock_validation=0.013226, user_limit_query=0.366179, order_persist=0.108356, items_persist_and_stock_changes=0.030399, reservation_persist=0.093318, response_queries_and_auto_flush=2.665001, transaction_completion=1.284881}
api1-1        | 2026-09-09T04:45:41.872Z  INFO 1 --- [limited-goods] [nio-8080-exec-5] c.limitedgoods.purchases.PurchaseTrace   : purchase_timing request_id=5f6fd3d5fd042d0ba7e0ed0ab899ef51 sale=c9d27d0c-60e3-4fda-b485-60c995294350 order=ab96fe19-8678-4e83-a92e-a2d3763a266f outcome=success final_phase=transaction_completion total_ms=6.956462 after_lock_until_proxy_exit_ms=4.213497 stages_ms={transaction_entry=0.269565, request_preparation=0.023284, idempotency_lock_query=0.632086, idempotency_lookup=0.346864, sale_lookup_and_cache=0.480265, inventory_lock_query=0.991182, stock_validation=0.011011, user_limit_query=0.294813, order_persist=0.098668, items_persist_and_stock_changes=0.029927, reservation_persist=0.030238, response_queries_and_auto_flush=2.568686, transaction_completion=1.179873}
api1-1        | 2026-09-09T04:45:41.972Z  INFO 1 --- [limited-goods] [nio-8080-exec-6] c.limitedgoods.purchases.PurchaseTrace   : purchase_timing request_id=20f91874f0496566146bf0c2a6c0ec2d sale=c9d27d0c-60e3-4fda-b485-60c995294350 order=becd0441-ec6b-4dc0-9c02-b35456f98cf4 outcome=success final_phase=transaction_completion total_ms=7.858493 after_lock_until_proxy_exit_ms=4.119686 stages_ms={transaction_entry=0.25615, request_preparation=0.018545, idempotency_lock_query=0.818884, idempotency_lookup=0.578263, sale_lookup_and_cache=0.726627, inventory_lock_query=1.340649, stock_validation=0.014136, user_limit_query=0.356482, order_persist=0.11036, items_persist_and_stock_changes=0.030479, reservation_persist=0.033203, response_queries_and_auto_flush=2.331884, transaction_completion=1.242831}
mock-pg-1     | 
mock-pg-1     |   .   ____          _            __ _ _
mock-pg-1     |  /\\ / ___'_ __ _ _(_)_ __  __ _ \ \ \ \
api1-1        | 2026-09-09T04:45:42.172Z  INFO 1 --- [limited-goods] [nio-8080-exec-1] c.limitedgoods.purchases.PurchaseTrace   : purchase_timing request_id=6049e220c8a282f7d147d6d14e84bb0b sale=c9d27d0c-60e3-4fda-b485-60c995294350 order=fba4bfe3-ceda-4f2e-a576-bc4691f6c11e outcome=success final_phase=transaction_completion total_ms=7.844704 after_lock_until_proxy_exit_ms=4.141997 stages_ms={transaction_entry=0.595628, request_preparation=0.020759, idempotency_lock_query=0.846256, idempotency_lookup=0.37739, sale_lookup_and_cache=0.6085, inventory_lock_query=1.254545, stock_validation=0.013404999999999999, user_limit_query=0.390897, order_persist=0.104209, items_persist_and_stock_changes=0.034916, reservation_persist=0.03099, response_queries_and_auto_flush=2.195202, transaction_completion=1.372007}
api1-1        | 2026-09-09T04:45:42.276Z  INFO 1 --- [limited-goods] [nio-8080-exec-4] c.limitedgoods.purchases.PurchaseTrace   : purchase_timing request_id=720a7a62d60cb1b7d093f3a96b6a35dd sale=c9d27d0c-60e3-4fda-b485-60c995294350 order=880fa115-7cb4-4073-b736-6fcb680ef875 outcome=success final_phase=transaction_completion total_ms=10.969128 after_lock_until_proxy_exit_ms=6.372114 stages_ms={transaction_entry=0.252763, request_preparation=0.016321, idempotency_lock_query=1.181085, idempotency_lookup=0.715586, sale_lookup_and_cache=0.564658, inventory_lock_query=1.867803, stock_validation=0.023135, user_limit_query=0.90549, order_persist=0.355037, items_persist_and_stock_changes=0.126452, reservation_persist=0.284012, response_queries_and_auto_flush=3.213195, transaction_completion=1.463591}
api1-1        | 2026-09-09T04:45:43.073Z  INFO 1 --- [limited-goods] [nio-8080-exec-2] c.limitedgoods.purchases.PurchaseTrace   : purchase_timing request_id=8d731d56a378aa2ad962236aa3831f0b sale=c9d27d0c-60e3-4fda-b485-60c995294350 order=09a0a39b-912c-4dd4-a79b-4168aca4a344 outcome=success final_phase=transaction_completion total_ms=7.883318 after_lock_until_proxy_exit_ms=4.2282 stages_ms={transaction_entry=0.620374, request_preparation=0.080394, idempotency_lock_query=0.751414, idempotency_lookup=0.462313, sale_lookup_and_cache=0.525262, inventory_lock_query=1.215771, stock_validation=0.012034, user_limit_query=0.363734, order_persist=0.142862, items_persist_and_stock_changes=0.037131, reservation_persist=0.03145, response_queries_and_auto_flush=2.459668, transaction_completion=1.180911}
api1-1        | 2026-09-09T04:45:43.172Z  INFO 1 --- [limited-goods] [nio-8080-exec-6] c.limitedgoods.purchases.PurchaseTrace   : purchase_timing request_id=e5936754beec04ee307ab58170fb056a sale=c9d27d0c-60e3-4fda-b485-60c995294350 order=cb4155b2-72d9-4c33-bbe0-840cf5090b28 outcome=success final_phase=transaction_completion total_ms=8.117867 after_lock_until_proxy_exit_ms=4.639578 stages_ms={transaction_entry=0.209279, request_preparation=0.018976, idempotency_lock_query=0.710286, idempotency_lookup=0.587252, sale_lookup_and_cache=0.668906, inventory_lock_query=1.284122, stock_validation=0.017443, user_limit_query=0.498031, order_persist=0.125419, items_persist_and_stock_changes=0.031741, reservation_persist=0.033003, response_queries_and_auto_flush=2.398288, transaction_completion=1.535121}
api1-1        | 2026-09-09T04:45:43.272Z  INFO 1 --- [limited-goods] [nio-8080-exec-1] c.limitedgoods.purchases.PurchaseTrace   : purchase_timing request_id=c8b4bdfe63409963dcd09ac5af55254a sale=c9d27d0c-60e3-4fda-b485-60c995294350 order=0111302b-bbaa-422f-9545-d873f84613ac outcome=success final_phase=transaction_completion total_ms=7.724717 after_lock_until_proxy_exit_ms=3.845902 stages_ms={transaction_entry=0.638358, request_preparation=0.071366, idempotency_lock_query=0.756254, idempotency_lookup=0.651314, sale_lookup_and_cache=0.719664, inventory_lock_query=1.04221, stock_validation=0.012233, user_limit_query=0.326944, order_persist=0.114809, items_persist_and_stock_changes=0.03647, reservation_persist=0.032141, response_queries_and_auto_flush=2.16392, transaction_completion=1.159034}
api1-1        | 2026-09-09T04:45:43.372Z  INFO 1 --- [limited-goods] [nio-8080-exec-3] c.limitedgoods.purchases.PurchaseTrace   : purchase_timing request_id=9a675c4b4abaac6334b38b82939feaa1 sale=c9d27d0c-60e3-4fda-b485-60c995294350 order=b8b60a01-ed4c-43e3-9de4-c6ee09027428 outcome=success final_phase=transaction_completion total_ms=7.157111 after_lock_until_proxy_exit_ms=3.773095 stages_ms={transaction_entry=0.212265, request_preparation=0.013996, idempotency_lock_query=0.816345, idempotency_lookup=0.629954, sale_lookup_and_cache=0.555561, inventory_lock_query=1.156296, stock_validation=0.017662999999999998, user_limit_query=0.449552, order_persist=0.114389, items_persist_and_stock_changes=0.07843, reservation_persist=0.034816, response_queries_and_auto_flush=2.078608, transaction_completion=0.999236}
api1-1        | 2026-09-09T04:45:43.473Z  INFO 1 --- [limited-goods] [nio-8080-exec-5] c.limitedgoods.purchases.PurchaseTrace   : purchase_timing request_id=4bb72fb2074e442e00e68489a5654ffd sale=c9d27d0c-60e3-4fda-b485-60c995294350 order=dc7d56df-dbc3-4b46-b83b-b2faa56bf009 outcome=success final_phase=transaction_completion total_ms=8.692762 after_lock_until_proxy_exit_ms=4.735239 stages_ms={transaction_entry=0.362502, request_preparation=0.024347, idempotency_lock_query=0.905697, idempotency_lookup=0.690837, sale_lookup_and_cache=0.612289, inventory_lock_query=1.362342, stock_validation=0.024928, user_limit_query=0.610316, order_persist=0.117995, items_persist_and_stock_changes=0.030598, reservation_persist=0.058261, response_queries_and_auto_flush=2.71865, transaction_completion=1.174}
api1-1        | 2026-09-09T04:45:43.573Z  INFO 1 --- [limited-goods] [nio-8080-exec-6] c.limitedgoods.purchases.PurchaseTrace   : purchase_timing request_id=e422b4ef2c63fdecfb5d803ec0414cdd sale=c9d27d0c-60e3-4fda-b485-60c995294350 order=380be504-1eda-480d-be64-0399dff399b4 outcome=success final_phase=transaction_completion total_ms=8.19765 after_lock_until_proxy_exit_ms=4.663514 stages_ms={transaction_entry=0.211464, request_preparation=0.014447, idempotency_lock_query=0.832229, idempotency_lookup=0.498111, sale_lookup_and_cache=0.658828, inventory_lock_query=1.319628, stock_validation=0.017824, user_limit_query=0.527008, order_persist=0.154835, items_persist_and_stock_changes=0.046349, reservation_persist=0.034155, response_queries_and_auto_flush=2.447522, transaction_completion=1.43525}
api1-1        | 2026-09-09T04:45:43.671Z  INFO 1 --- [limited-goods] [nio-8080-exec-4] c.limitedgoods.purchases.PurchaseTrace   : purchase_timing request_id=01bfdeaf1977744b3104cb8b23c97711 sale=c9d27d0c-60e3-4fda-b485-60c995294350 order=fb94f93d-eb73-401c-ab77-8c22328da52d outcome=success final_phase=transaction_completion total_ms=7.446805 after_lock_until_proxy_exit_ms=4.556748 stages_ms={transaction_entry=0.210151, request_preparation=0.014167, idempotency_lock_query=0.808976, idempotency_lookup=0.433586, sale_lookup_and_cache=0.414121, inventory_lock_query=1.009437, stock_validation=0.011511, user_limit_query=0.318709, order_persist=0.086165, items_persist_and_stock_changes=0.034486, reservation_persist=0.033584, response_queries_and_auto_flush=2.721645, transaction_completion=1.350267}
api2-1        | 2026-09-09T04:45:36.471Z  INFO 1 --- [limited-goods] [nio-8080-exec-1] c.limitedgoods.purchases.PurchaseTrace   : purchase_timing request_id=0769300b73029e7f12981f9ef9413743 sale=c9d27d0c-60e3-4fda-b485-60c995294350 order=efd52a0c-5378-453b-8493-d8eafa868a19 outcome=success final_phase=transaction_completion total_ms=7.423968 after_lock_until_proxy_exit_ms=4.359524 stages_ms={transaction_entry=0.289582, request_preparation=0.022664, idempotency_lock_query=0.736824, idempotency_lookup=0.485798, sale_lookup_and_cache=0.434989, inventory_lock_query=1.094867, stock_validation=0.011341, user_limit_query=0.369957, order_persist=0.109359, items_persist_and_stock_changes=0.033844, reservation_persist=0.029847, response_queries_and_auto_flush=2.634305, transaction_completion=1.170591}
api2-1        | 2026-09-09T04:45:36.673Z  INFO 1 --- [limited-goods] [nio-8080-exec-4] c.limitedgoods.purchases.PurchaseTrace   : purchase_timing request_id=2a267cc316669bfa4f585d6ef5c80661 sale=c9d27d0c-60e3-4fda-b485-60c995294350 order=e8f531b8-19b0-4905-8233-d56b3d103e3a outcome=success final_phase=transaction_completion total_ms=8.052065 after_lock_until_proxy_exit_ms=4.713446 stages_ms={transaction_entry=0.584895, request_preparation=0.043754, idempotency_lock_query=0.617759, idempotency_lookup=0.49289, sale_lookup_and_cache=0.511587, inventory_lock_query=1.088075, stock_validation=0.012362999999999999, user_limit_query=0.704153, order_persist=0.105351, items_persist_and_stock_changes=0.030579, reservation_persist=0.056367, response_queries_and_auto_flush=2.442246, transaction_completion=1.362046}
mock-pg-1     | ( ( )\___ | '_ | '_| | '_ \/ _` | \ \ \ \
api2-1        | 2026-09-09T04:45:36.774Z  INFO 1 --- [limited-goods] [nio-8080-exec-1] c.limitedgoods.purchases.PurchaseTrace   : purchase_timing request_id=6f6bbe7b0da3b4cdc9fe33f82da415b0 sale=c9d27d0c-60e3-4fda-b485-60c995294350 order=186dd8a7-821a-48ef-83b5-c135c79aa9c8 outcome=success final_phase=transaction_completion total_ms=9.738833 after_lock_until_proxy_exit_ms=5.34937 stages_ms={transaction_entry=0.30927, request_preparation=0.022162, idempotency_lock_query=1.10463, idempotency_lookup=0.777861, sale_lookup_and_cache=0.609272, inventory_lock_query=1.56732, stock_validation=0.02623, user_limit_query=0.710857, order_persist=0.153222, items_persist_and_stock_changes=0.039315, reservation_persist=0.031671, response_queries_and_auto_flush=3.125958, transaction_completion=1.261065}
mock-pg-1     |  \\/  ___)| |_)| | | | | || (_| |  ) ) ) )
mock-pg-1     |   '  |____| .__|_| |_|_| |_\__, | / / / /
mock-pg-1     |  =========|_|==============|___/=/_/_/_/
mock-pg-1     | 
mock-pg-1     |  :: Spring Boot ::               (v3.5.16)
mock-pg-1     | 
mock-pg-1     | 2026-09-09T04:42:25.582Z  INFO 1 --- [limited-goods] [           main] com.limitedgoods.Application             : Starting Application v0.1.0 using Java 21.0.12 with PID 1 (/app/app.jar started by root in /app)
api2-1        | 2026-09-09T04:45:36.873Z  INFO 1 --- [limited-goods] [nio-8080-exec-2] c.limitedgoods.purchases.PurchaseTrace   : purchase_timing request_id=a2c6c39a3f5a3848ca0bdb96322fa319 sale=c9d27d0c-60e3-4fda-b485-60c995294350 order=357bfd09-7e5b-4088-9637-1248f60b0bc6 outcome=success final_phase=transaction_completion total_ms=8.114115 after_lock_until_proxy_exit_ms=4.562734 stages_ms={transaction_entry=0.298188, request_preparation=0.023676, idempotency_lock_query=0.756011, idempotency_lookup=0.51405, sale_lookup_and_cache=0.559806, inventory_lock_query=1.400612, stock_validation=0.018355, user_limit_query=0.46112, order_persist=0.103899, items_persist_and_stock_changes=0.031179, reservation_persist=0.032292, response_queries_and_auto_flush=2.709706, transaction_completion=1.205221}
mock-pg-1     | 2026-09-09T04:42:25.675Z  INFO 1 --- [limited-goods] [           main] com.limitedgoods.Application             : The following 1 profile is active: "mockpg"
api2-1        | 2026-09-09T04:45:36.972Z  INFO 1 --- [limited-goods] [nio-8080-exec-3] c.limitedgoods.purchases.PurchaseTrace   : purchase_timing request_id=7b0faffa6127a4b51dcce6fda6d91c55 sale=c9d27d0c-60e3-4fda-b485-60c995294350 order=6347c543-2df1-4102-aecf-b0c04f0fbcfc outcome=success final_phase=transaction_completion total_ms=7.832324 after_lock_until_proxy_exit_ms=3.833118 stages_ms={transaction_entry=0.307676, request_preparation=0.026591, idempotency_lock_query=1.08737, idempotency_lookup=0.650342, sale_lookup_and_cache=0.517457, inventory_lock_query=1.410412, stock_validation=0.012733, user_limit_query=0.352523, order_persist=0.093679, items_persist_and_stock_changes=0.034115, reservation_persist=0.028845, response_queries_and_auto_flush=2.155118, transaction_completion=1.155463}
api2-1        | 2026-09-09T04:45:37.076Z  INFO 1 --- [limited-goods] [nio-8080-exec-1] c.limitedgoods.purchases.PurchaseTrace   : purchase_timing request_id=4d0d934017004c5ced475c75f45b03ca sale=c9d27d0c-60e3-4fda-b485-60c995294350 order=45d79c17-c529-485a-9e2a-6203b7bafbe8 outcome=success final_phase=transaction_completion total_ms=12.022812 after_lock_until_proxy_exit_ms=4.456176 stages_ms={transaction_entry=0.262742, request_preparation=0.092476, idempotency_lock_query=0.792494, idempotency_lookup=0.456572, sale_lookup_and_cache=0.604072, inventory_lock_query=5.359282, stock_validation=0.019597, user_limit_query=0.45561, order_persist=0.111874, items_persist_and_stock_changes=0.032261, reservation_persist=0.029617, response_queries_and_auto_flush=2.642435, transaction_completion=1.16378}
api2-1        | 2026-09-09T04:45:38.072Z  INFO 1 --- [limited-goods] [nio-8080-exec-3] c.limitedgoods.purchases.PurchaseTrace   : purchase_timing request_id=731174cebeda95ba79ab21f3984801dc sale=c9d27d0c-60e3-4fda-b485-60c995294350 order=133904bc-9921-4250-8772-31c8f4258e25 outcome=success final_phase=transaction_completion total_ms=7.522791 after_lock_until_proxy_exit_ms=4.493408 stages_ms={transaction_entry=0.622398, request_preparation=0.029376, idempotency_lock_query=0.538939, idempotency_lookup=0.368864, sale_lookup_and_cache=0.535452, inventory_lock_query=0.934655, stock_validation=0.010781, user_limit_query=0.313879, order_persist=0.09977, items_persist_and_stock_changes=0.030238, reservation_persist=0.030889, response_queries_and_auto_flush=2.82411, transaction_completion=1.18344}
api2-1        | 2026-09-09T04:45:38.272Z  INFO 1 --- [limited-goods] [nio-8080-exec-5] c.limitedgoods.purchases.PurchaseTrace   : purchase_timing request_id=4c89a738ceaddf7a4f33d107d6268b2f sale=c9d27d0c-60e3-4fda-b485-60c995294350 order=1343ed9d-ed1b-4aca-a830-fc42649f90c1 outcome=success final_phase=transaction_completion total_ms=7.164968 after_lock_until_proxy_exit_ms=3.890096 stages_ms={transaction_entry=0.226723, request_preparation=0.014548, idempotency_lock_query=0.803523, idempotency_lookup=0.46096, sale_lookup_and_cache=0.628831, inventory_lock_query=1.140727, stock_validation=0.012223999999999999, user_limit_query=0.312136, order_persist=0.095752, items_persist_and_stock_changes=0.03649, reservation_persist=0.110221, response_queries_and_auto_flush=2.207083, transaction_completion=1.11575}
api1-1        | 2026-09-09T04:45:44.073Z  INFO 1 --- [limited-goods] [nio-8080-exec-5] c.limitedgoods.purchases.PurchaseTrace   : purchase_timing request_id=57cb8833d372970ee22e81b6907e5b59 sale=c9d27d0c-60e3-4fda-b485-60c995294350 order=8ec80303-763a-4d93-bc74-e897c5e18d85 outcome=success final_phase=transaction_completion total_ms=8.294945 after_lock_until_proxy_exit_ms=4.525088 stages_ms={transaction_entry=0.69684, request_preparation=0.069032, idempotency_lock_query=0.667445, idempotency_lookup=0.456011, sale_lookup_and_cache=0.573313, inventory_lock_query=1.307667, stock_validation=0.016492, user_limit_query=0.381137, order_persist=0.161338, items_persist_and_stock_changes=0.029346, reservation_persist=0.033033, response_queries_and_auto_flush=2.208306, transaction_completion=1.694985}
api1-1        | 2026-09-09T04:45:44.273Z  INFO 1 --- [limited-goods] [nio-8080-exec-1] c.limitedgoods.purchases.PurchaseTrace   : purchase_timing request_id=ecbf006d55c090fb10e4e1b970f0bb7d sale=c9d27d0c-60e3-4fda-b485-60c995294350 order=35aa1c77-d6d0-436e-b143-70f0ae2fe9cc outcome=success final_phase=transaction_completion total_ms=8.843893 after_lock_until_proxy_exit_ms=4.306551 stages_ms={transaction_entry=0.940084, request_preparation=0.032702, idempotency_lock_query=0.922331, idempotency_lookup=0.59192, sale_lookup_and_cache=0.641455, inventory_lock_query=1.409612, stock_validation=0.018826, user_limit_query=0.53454, order_persist=0.10969, items_persist_and_stock_changes=0.03157, reservation_persist=0.033664, response_queries_and_auto_flush=2.284671, transaction_completion=1.292828}
api1-1        | 2026-09-09T04:45:44.373Z  INFO 1 --- [limited-goods] [nio-8080-exec-4] c.limitedgoods.purchases.PurchaseTrace   : purchase_timing request_id=cfcfa9307f18545d98dc3784b37e8888 sale=c9d27d0c-60e3-4fda-b485-60c995294350 order=8ac7f466-3d87-4186-b1ed-98dd9d7d540c outcome=success final_phase=transaction_completion total_ms=8.212438 after_lock_until_proxy_exit_ms=4.706645 stages_ms={transaction_entry=0.23044, request_preparation=0.017924, idempotency_lock_query=0.856626, idempotency_lookup=0.570348, sale_lookup_and_cache=0.529611, inventory_lock_query=1.301195, stock_validation=0.015268, user_limit_query=0.46605, order_persist=0.12037, items_persist_and_stock_changes=0.029887, reservation_persist=0.032913, response_queries_and_auto_flush=2.581988, transaction_completion=1.459818}
api1-1        | 2026-09-09T04:45:44.476Z  INFO 1 --- [limited-goods] [nio-8080-exec-3] c.limitedgoods.purchases.PurchaseTrace   : purchase_timing request_id=64327dac12efa0db3f45a7cc9c0e131c sale=c9d27d0c-60e3-4fda-b485-60c995294350 order=a87bb4a6-0edc-47e8-ab53-8433dc7b9c85 outcome=success final_phase=transaction_completion total_ms=10.096644 after_lock_until_proxy_exit_ms=5.750649 stages_ms={transaction_entry=0.725284, request_preparation=0.037813, idempotency_lock_query=0.816798, idempotency_lookup=0.575189, sale_lookup_and_cache=0.648087, inventory_lock_query=1.543586, stock_validation=0.021231, user_limit_query=0.494824, order_persist=0.123556, items_persist_and_stock_changes=0.030829, reservation_persist=0.034115, response_queries_and_auto_flush=3.451628, transaction_completion=1.593704}
mock-pg-1     | 2026-09-09T04:42:35.072Z  INFO 1 --- [limited-goods] [           main] .s.d.r.c.RepositoryConfigurationDelegate : Multiple Spring Data modules found, entering strict repository configuration mode
mock-pg-1     | 2026-09-09T04:42:35.074Z  INFO 1 --- [limited-goods] [           main] .s.d.r.c.RepositoryConfigurationDelegate : Bootstrapping Spring Data JPA repositories in DEFAULT mode.
mock-pg-1     | 2026-09-09T04:42:35.188Z  INFO 1 --- [limited-goods] [           main] .s.d.r.c.RepositoryConfigurationDelegate : Finished Spring Data repository scanning in 107 ms. Found 0 JPA repository interfaces.
mock-pg-1     | 2026-09-09T04:42:35.372Z  INFO 1 --- [limited-goods] [           main] .s.d.r.c.RepositoryConfigurationDelegate : Multiple Spring Data modules found, entering strict repository configuration mode
mock-pg-1     | 2026-09-09T04:42:35.374Z  INFO 1 --- [limited-goods] [           main] .s.d.r.c.RepositoryConfigurationDelegate : Bootstrapping Spring Data Redis repositories in DEFAULT mode.
api1-1        | 2026-09-09T04:45:44.673Z  INFO 1 --- [limited-goods] [nio-8080-exec-4] c.limitedgoods.purchases.PurchaseTrace   : purchase_timing request_id=9fc70e8b28f70a12241b992e06456366 sale=c9d27d0c-60e3-4fda-b485-60c995294350 order=bd931197-8661-4a31-ba4a-4b445051a15e outcome=success final_phase=transaction_completion total_ms=8.041932 after_lock_until_proxy_exit_ms=4.749698 stages_ms={transaction_entry=0.230179, request_preparation=0.015079, idempotency_lock_query=0.690428, idempotency_lookup=0.458786, sale_lookup_and_cache=0.590848, inventory_lock_query=1.307836, stock_validation=0.021710999999999998, user_limit_query=0.59216, order_persist=0.168853, items_persist_and_stock_changes=0.029847, reservation_persist=0.035107, response_queries_and_auto_flush=2.412045, transaction_completion=1.489053}
api1-1        | 2026-09-09T04:45:44.972Z  INFO 1 --- [limited-goods] [nio-8080-exec-5] c.limitedgoods.purchases.PurchaseTrace   : purchase_timing request_id=1769e0406c56e95daacaaf33e226aa91 sale=c9d27d0c-60e3-4fda-b485-60c995294350 order=c7e56a47-c2fe-4fb0-80e0-c50d06f840f4 outcome=success final_phase=transaction_completion total_ms=8.126593 after_lock_until_proxy_exit_ms=3.931773 stages_ms={transaction_entry=0.82194, request_preparation=0.091765, idempotency_lock_query=0.842738, idempotency_lookup=0.551302, sale_lookup_and_cache=0.536233, inventory_lock_query=1.351684, stock_validation=0.021331, user_limit_query=0.484742, order_persist=0.106663, items_persist_and_stock_changes=0.029026, reservation_persist=0.031059, response_queries_and_auto_flush=2.04792, transaction_completion=1.21019}
api1-1        | 2026-09-09T04:45:45.072Z  INFO 1 --- [limited-goods] [nio-8080-exec-6] c.limitedgoods.purchases.PurchaseTrace   : purchase_timing request_id=f53b80cabe081992c60bfbaa7715cbe1 sale=c9d27d0c-60e3-4fda-b485-60c995294350 order=1258f4d1-84b1-4719-bdce-e237f9b627b2 outcome=success final_phase=transaction_completion total_ms=7.127419 after_lock_until_proxy_exit_ms=4.205691 stages_ms={transaction_entry=0.211624, request_preparation=0.013737, idempotency_lock_query=0.610194, idempotency_lookup=0.34058, sale_lookup_and_cache=0.368945, inventory_lock_query=1.37772, stock_validation=0.021130000000000003, user_limit_query=0.476761, order_persist=0.100923, items_persist_and_stock_changes=0.033614, reservation_persist=0.030879, response_queries_and_auto_flush=2.45119, transaction_completion=1.090122}
api1-1        | 2026-09-09T04:45:45.472Z  INFO 1 --- [limited-goods] [nio-8080-exec-5] c.limitedgoods.purchases.PurchaseTrace   : purchase_timing request_id=bae45668684db3c9d917b1330a44d6ec sale=c9d27d0c-60e3-4fda-b485-60c995294350 order=b28ebc60-9e2d-48cb-904f-0356513bbdd4 outcome=success final_phase=transaction_completion total_ms=7.845907 after_lock_until_proxy_exit_ms=4.491606 stages_ms={transaction_entry=0.260858, request_preparation=0.014678, idempotency_lock_query=0.843948, idempotency_lookup=0.555801, sale_lookup_and_cache=0.653958, inventory_lock_query=1.025418, stock_validation=0.013375000000000001, user_limit_query=0.311265, order_persist=0.104289, items_persist_and_stock_changes=0.029787, reservation_persist=0.03149, response_queries_and_auto_flush=2.694075, transaction_completion=1.306965}
api1-1        | 2026-09-09T04:45:45.671Z  INFO 1 --- [limited-goods] [nio-8080-exec-4] c.limitedgoods.purchases.PurchaseTrace   : purchase_timing request_id=b7ef989d2136f80122488ce902220a5b sale=c9d27d0c-60e3-4fda-b485-60c995294350 order=9f6d8de9-ad65-4419-8618-e5496bac7d43 outcome=success final_phase=transaction_completion total_ms=6.912999 after_lock_until_proxy_exit_ms=3.850382 stages_ms={transaction_entry=0.217496, request_preparation=0.013225, idempotency_lock_query=0.769207, idempotency_lookup=0.530535, sale_lookup_and_cache=0.456724, inventory_lock_query=1.075841, stock_validation=0.012303, user_limit_query=0.333317, order_persist=0.12049, items_persist_and_stock_changes=0.049785, reservation_persist=0.036951, response_queries_and_auto_flush=2.101512, transaction_completion=1.195613}
api1-1        | 2026-09-09T04:45:45.773Z  INFO 1 --- [limited-goods] [nio-8080-exec-3] c.limitedgoods.purchases.PurchaseTrace   : purchase_timing request_id=3adcf4c1c629e9746647f5f6708e38a1 sale=c9d27d0c-60e3-4fda-b485-60c995294350 order=ee45556b-556c-4dd4-9e70-bafbc889bde1 outcome=success final_phase=transaction_completion total_ms=7.947623 after_lock_until_proxy_exit_ms=3.93937 stages_ms={transaction_entry=0.277229, request_preparation=0.037051, idempotency_lock_query=1.092041, idempotency_lookup=0.62811, sale_lookup_and_cache=0.592825, inventory_lock_query=1.381608, stock_validation=0.01603, user_limit_query=0.396738, order_persist=0.107355, items_persist_and_stock_changes=0.028855, reservation_persist=0.047792, response_queries_and_auto_flush=1.963028, transaction_completion=1.378961}
api2-1        | 2026-09-09T04:45:38.572Z  INFO 1 --- [limited-goods] [nio-8080-exec-3] c.limitedgoods.purchases.PurchaseTrace   : purchase_timing request_id=0655ec15a6b09f656ac56d88f6c29e71 sale=c9d27d0c-60e3-4fda-b485-60c995294350 order=24a5f576-7488-4ee9-b3de-08fe36eb2a91 outcome=success final_phase=transaction_completion total_ms=7.756327 after_lock_until_proxy_exit_ms=3.969227 stages_ms={transaction_entry=0.207205, request_preparation=0.014208, idempotency_lock_query=0.831526, idempotency_lookup=0.592611, sale_lookup_and_cache=0.551323, inventory_lock_query=1.591109, stock_validation=0.016582, user_limit_query=0.463234, order_persist=0.123626, items_persist_and_stock_changes=0.032462, reservation_persist=0.029546, response_queries_and_auto_flush=2.140206, transaction_completion=1.162689}
api1-1        | 2026-09-09T04:45:45.872Z  INFO 1 --- [limited-goods] [nio-8080-exec-2] c.limitedgoods.purchases.PurchaseTrace   : purchase_timing request_id=9eb9041a4db4cac071d843e829e1d85c sale=c9d27d0c-60e3-4fda-b485-60c995294350 order=7927df14-8a43-4b8a-928a-e2dae339ed86 outcome=success final_phase=transaction_completion total_ms=8.100317 after_lock_until_proxy_exit_ms=4.796439 stages_ms={transaction_entry=0.221302, request_preparation=0.013606, idempotency_lock_query=0.70193, idempotency_lookup=0.380547, sale_lookup_and_cache=0.52893, inventory_lock_query=1.458404, stock_validation=0.017974999999999998, user_limit_query=0.511246, order_persist=0.102365, items_persist_and_stock_changes=0.159154, reservation_persist=0.074993, response_queries_and_auto_flush=2.631535, transaction_completion=1.29833}
postgres-1    | 2026-09-09 04:42:12.588 UTC [1] LOG:  received fast shutdown request
postgres-1    | 2026-09-09 04:42:12.591 UTC [1] LOG:  aborting any active transactions
api1-1        | 2026-09-09T04:45:45.971Z  INFO 1 --- [limited-goods] [nio-8080-exec-6] c.limitedgoods.purchases.PurchaseTrace   : purchase_timing request_id=7711a8a8c881e18716d165a4da5f06cd sale=c9d27d0c-60e3-4fda-b485-60c995294350 order=b2a5c838-7fb9-41a3-9f32-211ab29b6c4f outcome=success final_phase=transaction_completion total_ms=7.717826 after_lock_until_proxy_exit_ms=4.274822 stages_ms={transaction_entry=0.212125, request_preparation=0.013626, idempotency_lock_query=0.697512, idempotency_lookup=0.510394, sale_lookup_and_cache=0.720405, inventory_lock_query=1.289393, stock_validation=0.015229, user_limit_query=0.445751, order_persist=0.169994, items_persist_and_stock_changes=0.04187, reservation_persist=0.05763, response_queries_and_auto_flush=2.335751, transaction_completion=1.208146}
api2-1        | 2026-09-09T04:45:38.673Z  INFO 1 --- [limited-goods] [nio-8080-exec-5] c.limitedgoods.purchases.PurchaseTrace   : purchase_timing request_id=1a0583a35602ff8c86f9e25a26a12079 sale=c9d27d0c-60e3-4fda-b485-60c995294350 order=79b91339-dfd6-448e-9b72-85c08ab535cd outcome=success final_phase=transaction_completion total_ms=8.384015 after_lock_until_proxy_exit_ms=4.37917 stages_ms={transaction_entry=0.22489, request_preparation=0.013325, idempotency_lock_query=0.673295, idempotency_lookup=0.559829, sale_lookup_and_cache=0.433068, inventory_lock_query=2.10162, stock_validation=0.022994, user_limit_query=0.645122, order_persist=0.151389, items_persist_and_stock_changes=0.032582, reservation_persist=0.03128, response_queries_and_auto_flush=2.281055, transaction_completion=1.213566}
api2-1        | 2026-09-09T04:45:39.073Z  INFO 1 --- [limited-goods] [nio-8080-exec-4] c.limitedgoods.purchases.PurchaseTrace   : purchase_timing request_id=804cd6830be04cb42781db874e2aae39 sale=c9d27d0c-60e3-4fda-b485-60c995294350 order=6c6510ed-3f4d-4015-b140-2ea6bd72b66f outcome=success final_phase=transaction_completion total_ms=8.303921 after_lock_until_proxy_exit_ms=4.537879 stages_ms={transaction_entry=0.582442, request_preparation=0.022623, idempotency_lock_query=0.851877, idempotency_lookup=0.436923, sale_lookup_and_cache=0.565681, inventory_lock_query=1.307047, stock_validation=0.013476, user_limit_query=0.371858, order_persist=0.108607, items_persist_and_stock_changes=0.029476, reservation_persist=0.028775, response_queries_and_auto_flush=2.648655, transaction_completion=1.336481}
api2-1        | 2026-09-09T04:45:39.173Z  INFO 1 --- [limited-goods] [nio-8080-exec-1] c.limitedgoods.purchases.PurchaseTrace   : purchase_timing request_id=79d01b2a692ba7e03fdb41e8d388f4df sale=c9d27d0c-60e3-4fda-b485-60c995294350 order=5be6e535-0105-43cb-a1f1-0aa4d381d784 outcome=success final_phase=transaction_completion total_ms=8.503854 after_lock_until_proxy_exit_ms=4.132016 stages_ms={transaction_entry=0.70774, request_preparation=0.071176, idempotency_lock_query=0.735404, idempotency_lookup=0.436183, sale_lookup_and_cache=0.537485, inventory_lock_query=1.884561, stock_validation=0.015511, user_limit_query=0.549929, order_persist=0.111913, items_persist_and_stock_changes=0.032142, reservation_persist=0.030338, response_queries_and_auto_flush=2.225426, transaction_completion=1.166046}
api2-1        | 2026-09-09T04:45:39.271Z  INFO 1 --- [limited-goods] [nio-8080-exec-5] c.limitedgoods.purchases.PurchaseTrace   : purchase_timing request_id=8fc38ae07a16cae2133f9c304912497d sale=c9d27d0c-60e3-4fda-b485-60c995294350 order=e0e89963-23c3-4831-ac1a-50e799896347 outcome=success final_phase=transaction_completion total_ms=6.987108 after_lock_until_proxy_exit_ms=3.831395 stages_ms={transaction_entry=0.218306, request_preparation=0.014097, idempotency_lock_query=0.673635, idempotency_lookup=0.357162, sale_lookup_and_cache=0.462864, inventory_lock_query=1.430711, stock_validation=0.018264000000000002, user_limit_query=0.507359, order_persist=0.096034, items_persist_and_stock_changes=0.028614, reservation_persist=0.028074, response_queries_and_auto_flush=2.072336, transaction_completion=1.079652}
postgres-1    | 2026-09-09 04:42:12.594 UTC [1] LOG:  background worker "logical replication launcher" (PID 32) exited with exit code 1
postgres-1    | 2026-09-09 04:42:12.594 UTC [27] LOG:  shutting down
postgres-1    | 2026-09-09 04:42:12.596 UTC [27] LOG:  checkpoint starting: shutdown immediate
api2-1        | 2026-09-09T04:45:39.671Z  INFO 1 --- [limited-goods] [nio-8080-exec-2] c.limitedgoods.purchases.PurchaseTrace   : purchase_timing request_id=75bd5cd1b821825abf04af32f06413fb sale=c9d27d0c-60e3-4fda-b485-60c995294350 order=f6b666bb-0057-43d3-8b2d-47c148bc3b25 outcome=success final_phase=transaction_completion total_ms=6.679332 after_lock_until_proxy_exit_ms=3.709221 stages_ms={transaction_entry=0.272931, request_preparation=0.023295, idempotency_lock_query=0.72764, idempotency_lookup=0.407448, sale_lookup_and_cache=0.421535, inventory_lock_query=1.117673, stock_validation=0.012424000000000001, user_limit_query=0.333226, order_persist=0.096214, items_persist_and_stock_changes=0.032682, reservation_persist=0.028033, response_queries_and_auto_flush=2.063459, transaction_completion=1.142772}
api2-1        | 2026-09-09T04:45:39.774Z  INFO 1 --- [limited-goods] [nio-8080-exec-4] c.limitedgoods.purchases.PurchaseTrace   : purchase_timing request_id=4ccb0954dff8817926e48736bd0b79a6 sale=c9d27d0c-60e3-4fda-b485-60c995294350 order=abab19bd-9ced-4a77-b91a-717fc01da87c outcome=success final_phase=transaction_completion total_ms=9.295914 after_lock_until_proxy_exit_ms=5.149258 stages_ms={transaction_entry=0.214991, request_preparation=0.013195, idempotency_lock_query=0.896849, idempotency_lookup=0.556874, sale_lookup_and_cache=1.086045, inventory_lock_query=1.379794, stock_validation=0.012784, user_limit_query=0.414101, order_persist=0.09946, items_persist_and_stock_changes=0.034967, reservation_persist=0.028815, response_queries_and_auto_flush=2.985015, transaction_completion=1.573024}
mock-pg-1     | 2026-09-09T04:42:35.383Z  INFO 1 --- [limited-goods] [           main] .s.d.r.c.RepositoryConfigurationDelegate : Finished Spring Data repository scanning in 1 ms. Found 0 Redis repository interfaces.
api2-1        | 2026-09-09T04:45:39.872Z  INFO 1 --- [limited-goods] [nio-8080-exec-3] c.limitedgoods.purchases.PurchaseTrace   : purchase_timing request_id=3bfdc71244a8506db81d1cb7f5a478c5 sale=c9d27d0c-60e3-4fda-b485-60c995294350 order=d1ce5901-017e-4399-b312-9c2a5c726b74 outcome=success final_phase=transaction_completion total_ms=7.51706 after_lock_until_proxy_exit_ms=4.27464 stages_ms={transaction_entry=0.221372, request_preparation=0.013296, idempotency_lock_query=0.695467, idempotency_lookup=0.489304, sale_lookup_and_cache=0.62903, inventory_lock_query=1.194472, stock_validation=0.011842, user_limit_query=0.444439, order_persist=0.111302, items_persist_and_stock_changes=0.031641, reservation_persist=0.028985, response_queries_and_auto_flush=2.426242, transaction_completion=1.219668}
api2-1        | 2026-09-09T04:45:39.976Z  INFO 1 --- [limited-goods] [nio-8080-exec-1] c.limitedgoods.purchases.PurchaseTrace   : purchase_timing request_id=8bb6faafc50f3b70b81aaf248bb9927c sale=c9d27d0c-60e3-4fda-b485-60c995294350 order=ddbf7bf6-b643-4bfd-ab9e-109f955c7f81 outcome=success final_phase=transaction_completion total_ms=10.975575 after_lock_until_proxy_exit_ms=5.349413 stages_ms={transaction_entry=0.951628, request_preparation=0.114979, idempotency_lock_query=1.092116, idempotency_lookup=0.78113, sale_lookup_and_cache=1.02134, inventory_lock_query=1.665991, stock_validation=0.019187, user_limit_query=0.669568, order_persist=0.271227, items_persist_and_stock_changes=0.124288, reservation_persist=0.190123, response_queries_and_auto_flush=2.626943, transaction_completion=1.447055}
postgres-1    | 2026-09-09 04:42:12.602 UTC [27] LOG:  checkpoint complete: wrote 0 buffers (0.0%); 0 WAL file(s) added, 0 removed, 0 recycled; write=0.001 s, sync=0.001 s, total=0.008 s; sync files=0, longest=0.000 s, average=0.000 s; distance=0 kB, estimate=56 kB; lsn=0/25D8948, redo lsn=0/25D8948
api2-1        | 2026-09-09T04:45:40.274Z  INFO 1 --- [limited-goods] [nio-8080-exec-4] c.limitedgoods.purchases.PurchaseTrace   : purchase_timing request_id=46002c7a6aa8223e3b8202d85e0ff9fa sale=c9d27d0c-60e3-4fda-b485-60c995294350 order=8394fc17-c54b-41e1-9570-20858686e408 outcome=success final_phase=transaction_completion total_ms=9.022655 after_lock_until_proxy_exit_ms=5.859106 stages_ms={transaction_entry=0.341893, request_preparation=0.014127, idempotency_lock_query=0.867488, idempotency_lookup=0.504521, sale_lookup_and_cache=0.462473, inventory_lock_query=0.973408, stock_validation=0.01066, user_limit_query=0.397028, order_persist=0.255829, items_persist_and_stock_changes=0.044164, reservation_persist=0.034135, response_queries_and_auto_flush=3.649507, transaction_completion=1.467422}
mock-pg-1     | 2026-09-09T04:42:40.382Z  INFO 1 --- [limited-goods] [           main] o.s.b.w.embedded.tomcat.TomcatWebServer  : Tomcat initialized with port 8080 (http)
mock-pg-1     | 2026-09-09T04:42:40.780Z  INFO 1 --- [limited-goods] [           main] o.apache.catalina.core.StandardService   : Starting service [Tomcat]
api2-1        | 2026-09-09T04:45:40.473Z  INFO 1 --- [limited-goods] [nio-8080-exec-5] c.limitedgoods.purchases.PurchaseTrace   : purchase_timing request_id=d48eb8db09e2e229c676d642e74508f4 sale=c9d27d0c-60e3-4fda-b485-60c995294350 order=79801fa4-352a-4cea-a867-181e67ea6a7f outcome=success final_phase=transaction_completion total_ms=7.945657 after_lock_until_proxy_exit_ms=4.243862 stages_ms={transaction_entry=0.250989, request_preparation=0.012734, idempotency_lock_query=0.706479, idempotency_lookup=0.372649, sale_lookup_and_cache=1.180083, inventory_lock_query=1.179512, stock_validation=0.015050000000000001, user_limit_query=0.390615, order_persist=0.093588, items_persist_and_stock_changes=0.031881, reservation_persist=0.033093, response_queries_and_auto_flush=2.492758, transaction_completion=1.186226}
api2-1        | 2026-09-09T04:45:40.771Z  INFO 1 --- [limited-goods] [nio-8080-exec-4] c.limitedgoods.purchases.PurchaseTrace   : purchase_timing request_id=1c74bbdf5331747f602496bbf4d6985a sale=c9d27d0c-60e3-4fda-b485-60c995294350 order=66b61df4-b751-42d7-b6cb-a37b26ddf8ec outcome=success final_phase=transaction_completion total_ms=7.712545 after_lock_until_proxy_exit_ms=4.476927 stages_ms={transaction_entry=0.205222, request_preparation=0.009478, idempotency_lock_query=0.658647, idempotency_lookup=0.411013, sale_lookup_and_cache=0.575529, inventory_lock_query=1.376431, stock_validation=0.039165, user_limit_query=0.503, order_persist=0.193148, items_persist_and_stock_changes=0.038484, reservation_persist=0.032241, response_queries_and_auto_flush=2.510682, transaction_completion=1.159505}
api2-1        | 2026-09-09T04:45:40.871Z  INFO 1 --- [limited-goods] [nio-8080-exec-1] c.limitedgoods.purchases.PurchaseTrace   : purchase_timing request_id=96e2b1c46b7b076d9b45a0ee88894a4a sale=c9d27d0c-60e3-4fda-b485-60c995294350 order=28119d91-e587-4cd4-b670-0748bbe9c789 outcome=success final_phase=transaction_completion total_ms=7.028328 after_lock_until_proxy_exit_ms=3.857184 stages_ms={transaction_entry=0.217075, request_preparation=0.009087, idempotency_lock_query=0.76979, idempotency_lookup=0.358965, sale_lookup_and_cache=0.596024, inventory_lock_query=1.220624, stock_validation=0.013114, user_limit_query=0.354878, order_persist=0.105191, items_persist_and_stock_changes=0.031921, reservation_persist=0.03124, response_queries_and_auto_flush=2.104608, transaction_completion=1.215811}
api2-1        | 2026-09-09T04:45:41.176Z  INFO 1 --- [limited-goods] [nio-8080-exec-3] c.limitedgoods.purchases.PurchaseTrace   : purchase_timing request_id=f2a6ad86acd87717269cb2668ecdba6e sale=c9d27d0c-60e3-4fda-b485-60c995294350 order=2a2f3369-a932-4b61-a909-3aa671a5d425 outcome=success final_phase=transaction_completion total_ms=10.19405 after_lock_until_proxy_exit_ms=5.807195 stages_ms={transaction_entry=0.401978, request_preparation=0.022002, idempotency_lock_query=1.023094, idempotency_lookup=0.653836, sale_lookup_and_cache=0.662776, inventory_lock_query=1.624531, stock_validation=0.023424999999999998, user_limit_query=0.551433, order_persist=0.137172, items_persist_and_stock_changes=0.038453, reservation_persist=0.070645, response_queries_and_auto_flush=3.631845, transaction_completion=1.35286}
postgres-1    | 2026-09-09 04:42:12.609 UTC [1] LOG:  database system is shut down
postgres-1    | 
api2-1        | 2026-09-09T04:45:41.471Z  INFO 1 --- [limited-goods] [nio-8080-exec-4] c.limitedgoods.purchases.PurchaseTrace   : purchase_timing request_id=e1b5536bf650442dcfa2af9b27b6f040 sale=c9d27d0c-60e3-4fda-b485-60c995294350 order=8885834d-bd64-46fd-a707-7244bc6c6619 outcome=success final_phase=transaction_completion total_ms=7.313803 after_lock_until_proxy_exit_ms=3.901227 stages_ms={transaction_entry=0.24126, request_preparation=0.013235, idempotency_lock_query=0.937799, idempotency_lookup=0.462293, sale_lookup_and_cache=0.437096, inventory_lock_query=1.321474, stock_validation=0.01075, user_limit_query=0.330672, order_persist=0.091444, items_persist_and_stock_changes=0.030879, reservation_persist=0.107526, response_queries_and_auto_flush=2.156264, transaction_completion=1.173111}
api2-1        | 2026-09-09T04:45:41.672Z  INFO 1 --- [limited-goods] [nio-8080-exec-3] c.limitedgoods.purchases.PurchaseTrace   : purchase_timing request_id=4ded819becbe82cee698a1f891f5a370 sale=c9d27d0c-60e3-4fda-b485-60c995294350 order=a04baa84-a4a9-4d7f-80d2-1c5ab60917bf outcome=success final_phase=transaction_completion total_ms=7.432049 after_lock_until_proxy_exit_ms=4.608578 stages_ms={transaction_entry=0.205613, request_preparation=0.009418, idempotency_lock_query=0.845865, idempotency_lookup=0.338395, sale_lookup_and_cache=0.351011, inventory_lock_query=1.074001, stock_validation=0.013856, user_limit_query=0.442393, order_persist=0.178972, items_persist_and_stock_changes=0.035267, reservation_persist=0.033875, response_queries_and_auto_flush=2.605936, transaction_completion=1.297447}
api2-1        | 2026-09-09T04:45:42.072Z  INFO 1 --- [limited-goods] [nio-8080-exec-4] c.limitedgoods.purchases.PurchaseTrace   : purchase_timing request_id=0fc33ee5d18d89df4b572839ce14ae6e sale=c9d27d0c-60e3-4fda-b485-60c995294350 order=614c3907-8cc7-4b45-9daa-d32cfa9e1594 outcome=success final_phase=transaction_completion total_ms=8.106583 after_lock_until_proxy_exit_ms=4.697514 stages_ms={transaction_entry=0.691367, request_preparation=0.045967, idempotency_lock_query=0.65945, idempotency_lookup=0.440424, sale_lookup_and_cache=0.546233, inventory_lock_query=1.025978, stock_validation=0.011091, user_limit_query=0.302498, order_persist=0.095222, items_persist_and_stock_changes=0.032151, reservation_persist=0.03154, response_queries_and_auto_flush=2.962233, transaction_completion=1.262429}
postgres-1    | PostgreSQL Database directory appears to contain a database; Skipping initialization
postgres-1    | 
postgres-1    | 2026-09-09 04:42:14.121 UTC [1] LOG:  starting PostgreSQL 16.14 on x86_64-pc-linux-musl, compiled by gcc (Alpine 15.2.0) 15.2.0, 64-bit
postgres-1    | 2026-09-09 04:42:14.121 UTC [1] LOG:  listening on IPv4 address "0.0.0.0", port 5432
api2-1        | 2026-09-09T04:45:42.372Z  INFO 1 --- [limited-goods] [nio-8080-exec-2] c.limitedgoods.purchases.PurchaseTrace   : purchase_timing request_id=0263ddbf2fa9f6d0cb22982f59684d04 sale=c9d27d0c-60e3-4fda-b485-60c995294350 order=b6238892-3e58-4b16-b8c2-3b6cf4baf323 outcome=success final_phase=transaction_completion total_ms=8.393264 after_lock_until_proxy_exit_ms=5.139143 stages_ms={transaction_entry=0.249045, request_preparation=0.038383, idempotency_lock_query=0.738751, idempotency_lookup=0.45103, sale_lookup_and_cache=0.610037, inventory_lock_query=1.167366, stock_validation=0.014918, user_limit_query=0.463133, order_persist=0.194692, items_persist_and_stock_changes=0.09966, reservation_persist=0.038524, response_queries_and_auto_flush=3.023485, transaction_completion=1.30424}
api2-1        | 2026-09-09T04:45:42.472Z  INFO 1 --- [limited-goods] [nio-8080-exec-4] c.limitedgoods.purchases.PurchaseTrace   : purchase_timing request_id=4cedc3bd9029a4d7a84f0b0fd1db8d25 sale=c9d27d0c-60e3-4fda-b485-60c995294350 order=a90cbbe5-a2f8-46a3-83b8-760c2aaa7609 outcome=success final_phase=transaction_completion total_ms=7.874302 after_lock_until_proxy_exit_ms=4.736012 stages_ms={transaction_entry=0.224368, request_preparation=0.009789, idempotency_lock_query=0.684286, idempotency_lookup=0.333427, sale_lookup_and_cache=0.358143, inventory_lock_query=1.53027, stock_validation=0.034636, user_limit_query=0.573707, order_persist=0.131371, items_persist_and_stock_changes=0.032462, reservation_persist=0.032251, response_queries_and_auto_flush=2.625793, transaction_completion=1.303799}
api2-1        | 2026-09-09T04:45:42.573Z  INFO 1 --- [limited-goods] [nio-8080-exec-3] c.limitedgoods.purchases.PurchaseTrace   : purchase_timing request_id=4664830fd04be5818944b5604728839d sale=c9d27d0c-60e3-4fda-b485-60c995294350 order=6540e579-fe49-4498-9535-977aa24e5284 outcome=success final_phase=transaction_completion total_ms=8.321837 after_lock_until_proxy_exit_ms=4.147266 stages_ms={transaction_entry=0.249035, request_preparation=0.009589, idempotency_lock_query=0.888396, idempotency_lookup=0.916869, sale_lookup_and_cache=0.562655, inventory_lock_query=1.549349, stock_validation=0.021731, user_limit_query=0.476141, order_persist=0.12065, items_persist_and_stock_changes=0.033073, reservation_persist=0.032262, response_queries_and_auto_flush=2.248783, transaction_completion=1.213304}
api2-1        | 2026-09-09T04:45:42.670Z  INFO 1 --- [limited-goods] [nio-8080-exec-5] c.limitedgoods.purchases.PurchaseTrace   : purchase_timing request_id=59ccd65c752ace33681e0d04e3873091 sale=c9d27d0c-60e3-4fda-b485-60c995294350 order=cef4430e-55cd-40f4-8d2d-c2909fef582c outcome=success final_phase=transaction_completion total_ms=6.073635 after_lock_until_proxy_exit_ms=3.595324 stages_ms={transaction_entry=0.205342, request_preparation=0.009057, idempotency_lock_query=0.664138, idempotency_lookup=0.375176, sale_lookup_and_cache=0.342624, inventory_lock_query=0.882284, stock_validation=0.01037, user_limit_query=0.279273, order_persist=0.088078, items_persist_and_stock_changes=0.029376, reservation_persist=0.029246, response_queries_and_auto_flush=1.976144, transaction_completion=1.182527}
api2-1        | 2026-09-09T04:45:42.771Z  INFO 1 --- [limited-goods] [nio-8080-exec-2] c.limitedgoods.purchases.PurchaseTrace   : purchase_timing request_id=d5b68aacc7d01f9f5a91cfce3612c932 sale=c9d27d0c-60e3-4fda-b485-60c995294350 order=1f5a5c51-7415-4305-a183-85ed86b05f2c outcome=success final_phase=transaction_completion total_ms=7.145433 after_lock_until_proxy_exit_ms=3.959241 stages_ms={transaction_entry=0.204721, request_preparation=0.008557, idempotency_lock_query=0.703131, idempotency_lookup=0.556071, sale_lookup_and_cache=0.435532, inventory_lock_query=1.278921, stock_validation=0.014006000000000001, user_limit_query=0.43473, order_persist=0.161839, items_persist_and_stock_changes=0.032863, reservation_persist=0.032953, response_queries_and_auto_flush=2.230902, transaction_completion=1.051207}
api2-1        | 2026-09-09T04:45:42.870Z  INFO 1 --- [limited-goods] [nio-8080-exec-4] c.limitedgoods.purchases.PurchaseTrace   : purchase_timing request_id=ad45da946a45a9e4203b768d064f11d7 sale=c9d27d0c-60e3-4fda-b485-60c995294350 order=0a5a1df7-e5c2-42b4-93e8-3ae164277553 outcome=success final_phase=transaction_completion total_ms=6.727833 after_lock_until_proxy_exit_ms=4.126758 stages_ms={transaction_entry=0.206444, request_preparation=0.008476, idempotency_lock_query=0.678896, idempotency_lookup=0.383943, sale_lookup_and_cache=0.3718, inventory_lock_query=0.951627, stock_validation=0.010459000000000001, user_limit_query=0.35093, order_persist=0.117044, items_persist_and_stock_changes=0.03138, reservation_persist=0.030769, response_queries_and_auto_flush=2.308495, transaction_completion=1.27757}
postgres-1    | 2026-09-09 04:42:14.121 UTC [1] LOG:  listening on IPv6 address "::", port 5432
api2-1        | 2026-09-09T04:45:42.972Z  INFO 1 --- [limited-goods] [nio-8080-exec-1] c.limitedgoods.purchases.PurchaseTrace   : purchase_timing request_id=85a254ef17477266535c2267dfd82710 sale=c9d27d0c-60e3-4fda-b485-60c995294350 order=8d4575f2-fdba-4a0a-975c-328cb97b9c7e outcome=success final_phase=transaction_completion total_ms=7.315055 after_lock_until_proxy_exit_ms=4.372996 stages_ms={transaction_entry=0.224438, request_preparation=0.009388, idempotency_lock_query=0.7177, idempotency_lookup=0.424972, sale_lookup_and_cache=0.55534, inventory_lock_query=1.010932, stock_validation=0.012513, user_limit_query=0.364194, order_persist=0.137333, items_persist_and_stock_changes=0.033443, reservation_persist=0.123025, response_queries_and_auto_flush=2.490095, transaction_completion=1.211682}
postgres-1    | 2026-09-09 04:42:14.126 UTC [1] LOG:  listening on Unix socket "/var/run/postgresql/.s.PGSQL.5432"
api2-1        | 2026-09-09T04:45:43.772Z  INFO 1 --- [limited-goods] [nio-8080-exec-5] c.limitedgoods.purchases.PurchaseTrace   : purchase_timing request_id=ebf3be7f97381797b43511d350c20e7c sale=c9d27d0c-60e3-4fda-b485-60c995294350 order=70e686ef-cec7-4677-bcba-209f4b46c4ec outcome=success final_phase=transaction_completion total_ms=8.023629 after_lock_until_proxy_exit_ms=4.111872 stages_ms={transaction_entry=0.680788, request_preparation=0.04728, idempotency_lock_query=0.728231, idempotency_lookup=0.400367, sale_lookup_and_cache=0.716769, inventory_lock_query=1.339274, stock_validation=0.013706000000000001, user_limit_query=0.359646, order_persist=0.144156, items_persist_and_stock_changes=0.03698, reservation_persist=0.032592, response_queries_and_auto_flush=2.404653, transaction_completion=1.119187}
api2-1        | 2026-09-09T04:45:43.870Z  INFO 1 --- [limited-goods] [nio-8080-exec-2] c.limitedgoods.purchases.PurchaseTrace   : purchase_timing request_id=f5411f234bdb144aef35ebf228cd8a94 sale=c9d27d0c-60e3-4fda-b485-60c995294350 order=2c82a276-795e-4e2a-bc99-783edccacd95 outcome=success final_phase=transaction_completion total_ms=6.225307 after_lock_until_proxy_exit_ms=3.517818 stages_ms={transaction_entry=0.205993, request_preparation=0.008586, idempotency_lock_query=0.760015, idempotency_lookup=0.424589, sale_lookup_and_cache=0.395815, inventory_lock_query=0.912872, stock_validation=0.010811, user_limit_query=0.278271, order_persist=0.091304, items_persist_and_stock_changes=0.050797, reservation_persist=0.032943, response_queries_and_auto_flush=1.941309, transaction_completion=1.112002}
api2-1        | 2026-09-09T04:45:43.973Z  INFO 1 --- [limited-goods] [nio-8080-exec-4] c.limitedgoods.purchases.PurchaseTrace   : purchase_timing request_id=4fc424355faab19cdfe7da52c76398ec sale=c9d27d0c-60e3-4fda-b485-60c995294350 order=8ffe7891-0e99-48c4-bde6-0d001292d4fd outcome=success final_phase=transaction_completion total_ms=9.446905 after_lock_until_proxy_exit_ms=5.184389 stages_ms={transaction_entry=0.226132, request_preparation=0.009669, idempotency_lock_query=0.89656, idempotency_lookup=0.93659, sale_lookup_and_cache=0.692572, inventory_lock_query=1.501985, stock_validation=0.024746999999999998, user_limit_query=0.571252, order_persist=0.158603, items_persist_and_stock_changes=0.035037, reservation_persist=0.037542, response_queries_and_auto_flush=2.957404, transaction_completion=1.398812}
api2-1        | 2026-09-09T04:45:44.174Z  INFO 1 --- [limited-goods] [nio-8080-exec-5] c.limitedgoods.purchases.PurchaseTrace   : purchase_timing request_id=9cabcd452e5193a39770efedc1023fb5 sale=c9d27d0c-60e3-4fda-b485-60c995294350 order=faaeaec1-db2b-49ae-a179-54c38acdb54f outcome=success final_phase=transaction_completion total_ms=9.311637 after_lock_until_proxy_exit_ms=5.074136 stages_ms={transaction_entry=0.343465, request_preparation=0.051208, idempotency_lock_query=1.144124, idempotency_lookup=0.527126, sale_lookup_and_cache=0.650942, inventory_lock_query=1.521738, stock_validation=0.02604, user_limit_query=0.679954, order_persist=0.133084, items_persist_and_stock_changes=0.035999, reservation_persist=0.031751, response_queries_and_auto_flush=2.958171, transaction_completion=1.208035}
postgres-1    | 2026-09-09 04:42:14.137 UTC [30] LOG:  database system was shut down at 2026-09-09 04:42:12 UTC
api2-1        | 2026-09-09T04:45:44.577Z  INFO 1 --- [limited-goods] [nio-8080-exec-1] c.limitedgoods.purchases.PurchaseTrace   : purchase_timing request_id=45bd8eb0eb4a56f7cbc4687bf6391ce3 sale=c9d27d0c-60e3-4fda-b485-60c995294350 order=1cdf21d2-4c6d-469b-8f23-0286a2bf305f outcome=success final_phase=transaction_completion total_ms=12.059363 after_lock_until_proxy_exit_ms=6.711292 stages_ms={transaction_entry=0.443958, request_preparation=0.035938, idempotency_lock_query=1.200272, idempotency_lookup=0.892914, sale_lookup_and_cache=0.898396, inventory_lock_query=1.877755, stock_validation=0.024096, user_limit_query=0.787782, order_persist=0.212516, items_persist_and_stock_changes=0.041208, reservation_persist=0.036149, response_queries_and_auto_flush=3.812269, transaction_completion=1.79611}
mock-pg-1     | 2026-09-09T04:42:40.781Z  INFO 1 --- [limited-goods] [           main] o.apache.catalina.core.StandardEngine    : Starting Servlet engine: [Apache Tomcat/10.1.55]
api2-1        | 2026-09-09T04:45:44.773Z  INFO 1 --- [limited-goods] [nio-8080-exec-1] c.limitedgoods.purchases.PurchaseTrace   : purchase_timing request_id=00fd3d7ee4caacbba7676e3bd173a4fc sale=c9d27d0c-60e3-4fda-b485-60c995294350 order=e0a783f4-30c4-448f-9bcb-f3e34d9e88b8 outcome=success final_phase=transaction_completion total_ms=8.352423 after_lock_until_proxy_exit_ms=4.547449 stages_ms={transaction_entry=0.220952, request_preparation=0.013866, idempotency_lock_query=0.80782, idempotency_lookup=0.567043, sale_lookup_and_cache=0.772213, inventory_lock_query=1.424292, stock_validation=0.022151999999999998, user_limit_query=0.525343, order_persist=0.106564, items_persist_and_stock_changes=0.030748, reservation_persist=0.03126, response_queries_and_auto_flush=2.528325, transaction_completion=1.301845}
api2-1        | 2026-09-09T04:45:44.874Z  INFO 1 --- [limited-goods] [nio-8080-exec-5] c.limitedgoods.purchases.PurchaseTrace   : purchase_timing request_id=111329265ede9031d34979a7f6395b94 sale=c9d27d0c-60e3-4fda-b485-60c995294350 order=2ba3f487-412a-4c33-89a8-c0a824b2e704 outcome=success final_phase=transaction_completion total_ms=8.668419 after_lock_until_proxy_exit_ms=5.323142 stages_ms={transaction_entry=0.273192, request_preparation=0.056087, idempotency_lock_query=0.897663, idempotency_lookup=0.480627, sale_lookup_and_cache=0.50298, inventory_lock_query=1.13581, stock_validation=0.022352, user_limit_query=0.568084, order_persist=0.197948, items_persist_and_stock_changes=0.061637, reservation_persist=0.08899, response_queries_and_auto_flush=2.986423, transaction_completion=1.396626}
api2-1        | 2026-09-09T04:45:45.172Z  INFO 1 --- [limited-goods] [nio-8080-exec-4] c.limitedgoods.purchases.PurchaseTrace   : purchase_timing request_id=e59d16866138b6362f44143395c79b8f sale=c9d27d0c-60e3-4fda-b485-60c995294350 order=8bd0f6a5-77bf-49ae-b4bd-1cb414ab97f9 outcome=success final_phase=transaction_completion total_ms=7.570463 after_lock_until_proxy_exit_ms=3.915014 stages_ms={transaction_entry=0.556983, request_preparation=0.017624, idempotency_lock_query=0.666763, idempotency_lookup=0.522136, sale_lookup_and_cache=0.701871, inventory_lock_query=1.190874, stock_validation=0.014017000000000002, user_limit_query=0.358334, order_persist=0.190103, items_persist_and_stock_changes=0.039205, reservation_persist=0.033744, response_queries_and_auto_flush=2.09484, transaction_completion=1.183969}
api2-1        | 2026-09-09T04:45:45.271Z  INFO 1 --- [limited-goods] [nio-8080-exec-3] c.limitedgoods.purchases.PurchaseTrace   : purchase_timing request_id=400dc57c52d323220951e8eb31347d56 sale=c9d27d0c-60e3-4fda-b485-60c995294350 order=db7ab1c8-6957-455f-934d-312124c968b4 outcome=success final_phase=transaction_completion total_ms=7.061905 after_lock_until_proxy_exit_ms=3.920134 stages_ms={transaction_entry=0.524904, request_preparation=0.058863, idempotency_lock_query=0.630844, idempotency_lookup=0.441991, sale_lookup_and_cache=0.477923, inventory_lock_query=1.007656, stock_validation=0.010841, user_limit_query=0.306846, order_persist=0.084722, items_persist_and_stock_changes=0.034786, reservation_persist=0.029046, response_queries_and_auto_flush=2.3323, transaction_completion=1.121183}
postgres-1    | 2026-09-09 04:42:14.146 UTC [1] LOG:  database system is ready to accept connections
api2-1        | 2026-09-09T04:45:45.371Z  INFO 1 --- [limited-goods] [nio-8080-exec-5] c.limitedgoods.purchases.PurchaseTrace   : purchase_timing request_id=cd0259911df05e00addc13fd8475dbaf sale=c9d27d0c-60e3-4fda-b485-60c995294350 order=464c3bdd-c7ee-4ba4-a7fd-21ebcf209085 outcome=success final_phase=transaction_completion total_ms=7.731221 after_lock_until_proxy_exit_ms=4.468452 stages_ms={transaction_entry=0.213006, request_preparation=0.009188, idempotency_lock_query=0.848196, idempotency_lookup=0.501928, sale_lookup_and_cache=0.467413, inventory_lock_query=1.22404, stock_validation=0.018956, user_limit_query=0.489074, order_persist=0.141861, items_persist_and_stock_changes=0.040508, reservation_persist=0.032211, response_queries_and_auto_flush=2.454947, transaction_completion=1.289893}
postgres-1    | 2026-09-09 04:45:46.712 UTC [741] FATAL:  terminating connection due to administrator command
api2-1        | 2026-09-09T04:45:45.572Z  INFO 1 --- [limited-goods] [nio-8080-exec-4] c.limitedgoods.purchases.PurchaseTrace   : purchase_timing request_id=1041c25bfe0ea43a8e91cf2b914e5c58 sale=c9d27d0c-60e3-4fda-b485-60c995294350 order=0172750d-bc17-49bc-adae-e4d539259fd4 outcome=success final_phase=transaction_completion total_ms=7.812215 after_lock_until_proxy_exit_ms=4.148832 stages_ms={transaction_entry=0.296487, request_preparation=0.014488, idempotency_lock_query=0.905415, idempotency_lookup=0.524762, sale_lookup_and_cache=0.57011, inventory_lock_query=1.352662, stock_validation=0.018184000000000002, user_limit_query=0.396297, order_persist=0.178161, items_persist_and_stock_changes=0.054995, reservation_persist=0.034095, response_queries_and_auto_flush=2.218225, transaction_completion=1.248334}
mock-pg-1     | 2026-09-09T04:42:41.577Z  INFO 1 --- [limited-goods] [           main] o.a.c.c.C.[Tomcat].[localhost].[/]       : Initializing Spring embedded WebApplicationContext
mock-pg-1     | 2026-09-09T04:42:41.578Z  INFO 1 --- [limited-goods] [           main] w.s.c.ServletWebServerApplicationContext : Root WebApplicationContext: initialization completed in 15598 ms
mock-pg-1     | 2026-09-09T04:42:45.779Z  INFO 1 --- [limited-goods] [           main] com.zaxxer.hikari.HikariDataSource       : HikariPool-1 - Starting...
mock-pg-1     | 2026-09-09T04:42:47.083Z  INFO 1 --- [limited-goods] [           main] com.zaxxer.hikari.pool.HikariPool        : HikariPool-1 - Added connection org.postgresql.jdbc.PgConnection@1d1b3620
mock-pg-1     | 2026-09-09T04:42:47.084Z  INFO 1 --- [limited-goods] [           main] com.zaxxer.hikari.HikariDataSource       : HikariPool-1 - Start completed.
mock-pg-1     | 2026-09-09T04:42:47.472Z  INFO 1 --- [limited-goods] [           main] org.flywaydb.core.FlywayExecutor         : Database: jdbc:postgresql://postgres:5432/limited_goods_perf (PostgreSQL 16.14)
mock-pg-1     | 2026-09-09T04:42:47.976Z  INFO 1 --- [limited-goods] [           main] o.f.core.internal.command.DbValidate     : Successfully validated 2 migrations (execution time 00:00.303s)
mock-pg-1     | 2026-09-09T04:42:48.077Z  INFO 1 --- [limited-goods] [           main] o.f.core.internal.command.DbMigrate      : Current version of schema "public": 2
mock-pg-1     | 2026-09-09T04:42:48.079Z  INFO 1 --- [limited-goods] [           main] o.f.core.internal.command.DbMigrate      : Schema "public" is up to date. No migration necessary.
mock-pg-1     | 2026-09-09T04:42:48.773Z  INFO 1 --- [limited-goods] [           main] o.hibernate.jpa.internal.util.LogHelper  : HHH000204: Processing PersistenceUnitInfo [name: default]
mock-pg-1     | 2026-09-09T04:42:49.376Z  INFO 1 --- [limited-goods] [           main] org.hibernate.Version                    : HHH000412: Hibernate ORM core version 6.6.53.Final
mock-pg-1     | 2026-09-09T04:42:49.584Z  INFO 1 --- [limited-goods] [           main] o.h.c.internal.RegionFactoryInitiator    : HHH000026: Second-level cache disabled
mock-pg-1     | 2026-09-09T04:42:51.977Z  INFO 1 --- [limited-goods] [           main] o.s.o.j.p.SpringPersistenceUnitInfo      : No LoadTimeWeaver setup: ignoring JPA class transformer
mock-pg-1     | 2026-09-09T04:42:52.471Z  INFO 1 --- [limited-goods] [           main] org.hibernate.orm.connections.pooling    : HHH10001005: Database info:
mock-pg-1     | 	Database JDBC URL [Connecting through datasource 'HikariDataSource (HikariPool-1)']
mock-pg-1     | 	Database driver: undefined/unknown
mock-pg-1     | 	Database version: 16.14
mock-pg-1     | 	Autocommit mode: undefined/unknown
mock-pg-1     | 	Isolation level: undefined/unknown
mock-pg-1     | 	Minimum pool size: undefined/unknown
mock-pg-1     | 	Maximum pool size: undefined/unknown
mock-pg-1     | 2026-09-09T04:42:58.681Z  INFO 1 --- [limited-goods] [           main] o.h.e.t.j.p.i.JtaPlatformInitiator       : HHH000489: No JTA platform available (set 'hibernate.transaction.jta.platform' to enable JTA platform integration)
mock-pg-1     | 2026-09-09T04:42:58.871Z  INFO 1 --- [limited-goods] [           main] j.LocalContainerEntityManagerFactoryBean : Initialized JPA EntityManagerFactory for persistence unit 'default'
mock-pg-1     | 2026-09-09T04:43:07.974Z  INFO 1 --- [limited-goods] [           main] o.s.b.a.e.web.EndpointLinksResolver      : Exposing 2 endpoints beneath base path '/actuator'
mock-pg-1     | 2026-09-09T04:43:08.777Z  INFO 1 --- [limited-goods] [           main] o.s.b.w.embedded.tomcat.TomcatWebServer  : Tomcat started on port 8080 (http) with context path '/'
mock-pg-1     | 2026-09-09T04:43:08.877Z  INFO 1 --- [limited-goods] [           main] com.limitedgoods.Application             : Started Application in 47.797 seconds (process running for 52.092)
mock-pg-1     | 2026-09-09T04:43:10.972Z  INFO 1 --- [limited-goods] [nio-8080-exec-1] o.a.c.c.C.[Tomcat].[localhost].[/]       : Initializing Spring DispatcherServlet 'dispatcherServlet'
mock-pg-1     | 2026-09-09T04:43:10.972Z  INFO 1 --- [limited-goods] [nio-8080-exec-1] o.s.web.servlet.DispatcherServlet        : Initializing Servlet 'dispatcherServlet'
mock-pg-1     | 2026-09-09T04:43:10.974Z  INFO 1 --- [limited-goods] [nio-8080-exec-1] o.s.web.servlet.DispatcherServlet        : Completed initialization in 2 ms
mock-pg-1     | 2026-09-09T04:43:45.461Z  INFO 1 --- [limited-goods] [ionShutdownHook] o.s.b.w.e.tomcat.GracefulShutdown        : Commencing graceful shutdown. Waiting for active requests to complete
mock-pg-1     | 2026-09-09T04:43:45.464Z  INFO 1 --- [limited-goods] [tomcat-shutdown] o.s.b.w.e.tomcat.GracefulShutdown        : Graceful shutdown complete
mock-pg-1     | 2026-09-09T04:43:45.573Z  INFO 1 --- [limited-goods] [ionShutdownHook] j.LocalContainerEntityManagerFactoryBean : Closing JPA EntityManagerFactory for persistence unit 'default'
mock-pg-1     | 2026-09-09T04:43:45.576Z  INFO 1 --- [limited-goods] [ionShutdownHook] com.zaxxer.hikari.HikariDataSource       : HikariPool-1 - Shutdown initiated...
mock-pg-1     | 2026-09-09T04:43:45.578Z  INFO 1 --- [limited-goods] [ionShutdownHook] com.zaxxer.hikari.HikariDataSource       : HikariPool-1 - Shutdown completed.
mock-pg-1     | 
mock-pg-1     |   .   ____          _            __ _ _
mock-pg-1     |  /\\ / ___'_ __ _ _(_)_ __  __ _ \ \ \ \
mock-pg-1     | ( ( )\___ | '_ | '_| | '_ \/ _` | \ \ \ \
mock-pg-1     |  \\/  ___)| |_)| | | | | || (_| |  ) ) ) )
mock-pg-1     |   '  |____| .__|_| |_|_| |_\__, | / / / /
mock-pg-1     |  =========|_|==============|___/=/_/_/_/
mock-pg-1     | 
mock-pg-1     |  :: Spring Boot ::               (v3.5.16)
mock-pg-1     | 
mock-pg-1     | 2026-09-09T04:43:55.899Z  INFO 1 --- [limited-goods] [           main] com.limitedgoods.Application             : Starting Application v0.1.0 using Java 21.0.12 with PID 1 (/app/app.jar started by root in /app)
mock-pg-1     | 2026-09-09T04:43:55.901Z  INFO 1 --- [limited-goods] [           main] com.limitedgoods.Application             : The following 1 profile is active: "mockpg"
mock-pg-1     | 2026-09-09T04:44:04.694Z  INFO 1 --- [limited-goods] [           main] .s.d.r.c.RepositoryConfigurationDelegate : Multiple Spring Data modules found, entering strict repository configuration mode
mock-pg-1     | 2026-09-09T04:44:04.696Z  INFO 1 --- [limited-goods] [           main] .s.d.r.c.RepositoryConfigurationDelegate : Bootstrapping Spring Data JPA repositories in DEFAULT mode.
mock-pg-1     | 2026-09-09T04:44:04.805Z  INFO 1 --- [limited-goods] [           main] .s.d.r.c.RepositoryConfigurationDelegate : Finished Spring Data repository scanning in 10 ms. Found 0 JPA repository interfaces.
mock-pg-1     | 2026-09-09T04:44:04.903Z  INFO 1 --- [limited-goods] [           main] .s.d.r.c.RepositoryConfigurationDelegate : Multiple Spring Data modules found, entering strict repository configuration mode
mock-pg-1     | 2026-09-09T04:44:04.904Z  INFO 1 --- [limited-goods] [           main] .s.d.r.c.RepositoryConfigurationDelegate : Bootstrapping Spring Data Redis repositories in DEFAULT mode.
mock-pg-1     | 2026-09-09T04:44:04.996Z  INFO 1 --- [limited-goods] [           main] .s.d.r.c.RepositoryConfigurationDelegate : Finished Spring Data repository scanning in 1 ms. Found 0 Redis repository interfaces.
mock-pg-1     | 2026-09-09T04:44:09.401Z  INFO 1 --- [limited-goods] [           main] o.s.b.w.embedded.tomcat.TomcatWebServer  : Tomcat initialized with port 8080 (http)
mock-pg-1     | 2026-09-09T04:44:09.700Z  INFO 1 --- [limited-goods] [           main] o.apache.catalina.core.StandardService   : Starting service [Tomcat]
mock-pg-1     | 2026-09-09T04:44:09.701Z  INFO 1 --- [limited-goods] [           main] o.apache.catalina.core.StandardEngine    : Starting Servlet engine: [Apache Tomcat/10.1.55]
mock-pg-1     | 2026-09-09T04:44:10.400Z  INFO 1 --- [limited-goods] [           main] o.a.c.c.C.[Tomcat].[localhost].[/]       : Initializing Spring embedded WebApplicationContext
mock-pg-1     | 2026-09-09T04:44:10.401Z  INFO 1 --- [limited-goods] [           main] w.s.c.ServletWebServerApplicationContext : Root WebApplicationContext: initialization completed in 14104 ms
mock-pg-1     | 2026-09-09T04:44:14.301Z  INFO 1 --- [limited-goods] [           main] com.zaxxer.hikari.HikariDataSource       : HikariPool-1 - Starting...
mock-pg-1     | 2026-09-09T04:44:15.998Z  INFO 1 --- [limited-goods] [           main] com.zaxxer.hikari.pool.HikariPool        : HikariPool-1 - Added connection org.postgresql.jdbc.PgConnection@1d1b3620
mock-pg-1     | 2026-09-09T04:44:16.000Z  INFO 1 --- [limited-goods] [           main] com.zaxxer.hikari.HikariDataSource       : HikariPool-1 - Start completed.
mock-pg-1     | 2026-09-09T04:44:16.197Z  INFO 1 --- [limited-goods] [           main] org.flywaydb.core.FlywayExecutor         : Database: jdbc:postgresql://postgres:5432/limited_goods_perf (PostgreSQL 16.14)
mock-pg-1     | 2026-09-09T04:44:16.705Z  INFO 1 --- [limited-goods] [           main] o.f.core.internal.command.DbValidate     : Successfully validated 2 migrations (execution time 00:00.306s)
mock-pg-1     | 2026-09-09T04:44:16.805Z  INFO 1 --- [limited-goods] [           main] o.f.core.internal.command.DbMigrate      : Current version of schema "public": 2
mock-pg-1     | 2026-09-09T04:44:16.895Z  INFO 1 --- [limited-goods] [           main] o.f.core.internal.command.DbMigrate      : Schema "public" is up to date. No migration necessary.
mock-pg-1     | 2026-09-09T04:44:17.596Z  INFO 1 --- [limited-goods] [           main] o.hibernate.jpa.internal.util.LogHelper  : HHH000204: Processing PersistenceUnitInfo [name: default]
mock-pg-1     | 2026-09-09T04:44:17.899Z  INFO 1 --- [limited-goods] [           main] org.hibernate.Version                    : HHH000412: Hibernate ORM core version 6.6.53.Final
mock-pg-1     | 2026-09-09T04:44:18.106Z  INFO 1 --- [limited-goods] [           main] o.h.c.internal.RegionFactoryInitiator    : HHH000026: Second-level cache disabled
mock-pg-1     | 2026-09-09T04:44:20.208Z  INFO 1 --- [limited-goods] [           main] o.s.o.j.p.SpringPersistenceUnitInfo      : No LoadTimeWeaver setup: ignoring JPA class transformer
mock-pg-1     | 2026-09-09T04:44:20.796Z  INFO 1 --- [limited-goods] [           main] org.hibernate.orm.connections.pooling    : HHH10001005: Database info:
mock-pg-1     | 	Database JDBC URL [Connecting through datasource 'HikariDataSource (HikariPool-1)']
mock-pg-1     | 	Database driver: undefined/unknown
mock-pg-1     | 	Database version: 16.14
mock-pg-1     | 	Autocommit mode: undefined/unknown
mock-pg-1     | 	Isolation level: undefined/unknown
mock-pg-1     | 	Minimum pool size: undefined/unknown
mock-pg-1     | 	Maximum pool size: undefined/unknown
mock-pg-1     | 2026-09-09T04:44:26.700Z  INFO 1 --- [limited-goods] [           main] o.h.e.t.j.p.i.JtaPlatformInitiator       : HHH000489: No JTA platform available (set 'hibernate.transaction.jta.platform' to enable JTA platform integration)
mock-pg-1     | 2026-09-09T04:44:26.799Z  INFO 1 --- [limited-goods] [           main] j.LocalContainerEntityManagerFactoryBean : Initialized JPA EntityManagerFactory for persistence unit 'default'
mock-pg-1     | 2026-09-09T04:44:35.402Z  INFO 1 --- [limited-goods] [           main] o.s.b.a.e.web.EndpointLinksResolver      : Exposing 2 endpoints beneath base path '/actuator'
mock-pg-1     | 2026-09-09T04:44:36.095Z  INFO 1 --- [limited-goods] [           main] o.s.b.w.embedded.tomcat.TomcatWebServer  : Tomcat started on port 8080 (http) with context path '/'
mock-pg-1     | 2026-09-09T04:44:36.293Z  INFO 1 --- [limited-goods] [           main] com.limitedgoods.Application             : Started Application in 44.692 seconds (process running for 48.568)
mock-pg-1     | 2026-09-09T04:44:36.893Z  INFO 1 --- [limited-goods] [nio-8080-exec-1] o.a.c.c.C.[Tomcat].[localhost].[/]       : Initializing Spring DispatcherServlet 'dispatcherServlet'
mock-pg-1     | 2026-09-09T04:44:36.893Z  INFO 1 --- [limited-goods] [nio-8080-exec-1] o.s.web.servlet.DispatcherServlet        : Initializing Servlet 'dispatcherServlet'
mock-pg-1     | 2026-09-09T04:44:36.894Z  INFO 1 --- [limited-goods] [nio-8080-exec-1] o.s.web.servlet.DispatcherServlet        : Completed initialization in 1 ms
nginx-1       | /docker-entrypoint.sh: /docker-entrypoint.d/ is not empty, will attempt to perform configuration
nginx-1       | /docker-entrypoint.sh: Looking for shell scripts in /docker-entrypoint.d/
nginx-1       | /docker-entrypoint.sh: Launching /docker-entrypoint.d/10-listen-on-ipv6-by-default.sh
nginx-1       | 10-listen-on-ipv6-by-default.sh: info: IPv6 listen already enabled
nginx-1       | /docker-entrypoint.sh: Sourcing /docker-entrypoint.d/15-local-resolvers.envsh
nginx-1       | /docker-entrypoint.sh: Launching /docker-entrypoint.d/20-envsubst-on-templates.sh
nginx-1       | /docker-entrypoint.sh: Launching /docker-entrypoint.d/30-tune-worker-processes.sh
nginx-1       | /docker-entrypoint.sh: Configuration complete; ready for start up
nginx-1       | /docker-entrypoint.sh: /docker-entrypoint.d/ is not empty, will attempt to perform configuration
nginx-1       | /docker-entrypoint.sh: Looking for shell scripts in /docker-entrypoint.d/
nginx-1       | /docker-entrypoint.sh: Launching /docker-entrypoint.d/10-listen-on-ipv6-by-default.sh
nginx-1       | 10-listen-on-ipv6-by-default.sh: info: IPv6 listen already enabled
nginx-1       | /docker-entrypoint.sh: Sourcing /docker-entrypoint.d/15-local-resolvers.envsh
nginx-1       | /docker-entrypoint.sh: Launching /docker-entrypoint.d/20-envsubst-on-templates.sh
nginx-1       | /docker-entrypoint.sh: Launching /docker-entrypoint.d/30-tune-worker-processes.sh
nginx-1       | /docker-entrypoint.sh: Configuration complete; ready for start up
nginx-1       | {"time":"2026-09-09T04:45:08+00:00","msec":"1788929108.398","request_id":"8e9aa2489c04064a59019aa3b8410596","method":"GET","uri":"/api/sales/00000000-0000-0000-0000-000000000000","status":404,"request_time":"0.114","upstream":"172.20.0.8:8080","upstream_status":"404","connect_time":"0.000","header_time":"0.113","response_time":"0.114"}
nginx-1       | {"time":"2026-09-09T04:45:15+00:00","msec":"1788929115.960","request_id":"3fb4579e4aa8ffe79c9a5b18e286e3c6","method":"POST","uri":"/api/sales","status":201,"request_time":"0.981","upstream":"172.20.0.8:8080","upstream_status":"201","connect_time":"0.000","header_time":"0.981","response_time":"0.981"}
nginx-1       | {"time":"2026-09-09T04:45:16+00:00","msec":"1788929116.762","request_id":"eff82b37d56581a538ce98bc68badb22","method":"POST","uri":"/api/purchases","status":201,"request_time":"0.797","upstream":"172.20.0.8:8080","upstream_status":"201","connect_time":"0.000","header_time":"0.795","response_time":"0.796"}
nginx-1       | {"time":"2026-09-09T04:45:16+00:00","msec":"1788929116.773","request_id":"a680ba1fd6f28ff1c04ee334383d156d","method":"POST","uri":"/api/purchases","status":201,"request_time":"0.508","upstream":"172.20.0.8:8080","upstream_status":"201","connect_time":"0.000","header_time":"0.507","response_time":"0.507"}
nginx-1       | {"time":"2026-09-09T04:45:16+00:00","msec":"1788929116.865","request_id":"8a6c59cdc8c3a01abc7fd02139259016","method":"POST","uri":"/api/orders/2c6e1c96-a9c9-419c-bceb-0e67ab3ac2bd/payments","status":202,"request_time":"0.100","upstream":"172.20.0.8:8080","upstream_status":"202","connect_time":"0.000","header_time":"0.100","response_time":"0.101"}
nginx-1       | {"time":"2026-09-09T04:45:16+00:00","msec":"1788929116.875","request_id":"f816a87d57fb5796bdb8822549a21a21","method":"POST","uri":"/api/purchases","status":201,"request_time":"0.509","upstream":"172.20.0.8:8080","upstream_status":"201","connect_time":"0.001","header_time":"0.508","response_time":"0.509"}
nginx-1       | {"time":"2026-09-09T04:45:16+00:00","msec":"1788929116.886","request_id":"514715f88745524c84909a3142e803e8","method":"POST","uri":"/api/orders/935f756d-7e2d-4d5a-a9b4-df42a2d7af11/payments","status":202,"request_time":"0.009","upstream":"172.20.0.8:8080","upstream_status":"202","connect_time":"0.000","header_time":"0.009","response_time":"0.009"}
nginx-1       | {"time":"2026-09-09T04:45:16+00:00","msec":"1788929116.887","request_id":"de17e047cab6993b76e0fe1447767b0c","method":"POST","uri":"/api/purchases","status":201,"request_time":"0.221","upstream":"172.20.0.8:8080","upstream_status":"201","connect_time":"0.000","header_time":"0.220","response_time":"0.220"}
nginx-1       | {"time":"2026-09-09T04:45:16+00:00","msec":"1788929116.969","request_id":"befbbbdcb05f0ec22b16ccc7b142581a","method":"POST","uri":"/api/purchases","status":201,"request_time":"0.203","upstream":"172.20.0.8:8080","upstream_status":"201","connect_time":"0.000","header_time":"0.203","response_time":"0.203"}
nginx-1       | {"time":"2026-09-09T04:45:16+00:00","msec":"1788929116.969","request_id":"a6c2e946e322e6e4e18d576144f37cfd","method":"POST","uri":"/api/orders/bb05d042-5f0a-4193-a6d6-f711bd57895c/payments","status":202,"request_time":"0.080","upstream":"172.20.0.8:8080","upstream_status":"202","connect_time":"0.000","header_time":"0.078","response_time":"0.080"}
nginx-1       | {"time":"2026-09-09T04:45:17+00:00","msec":"1788929117.063","request_id":"f8ccc350de2d100ab25e5982d81e0752","method":"POST","uri":"/api/purchases","status":201,"request_time":"0.196","upstream":"172.20.0.8:8080","upstream_status":"201","connect_time":"0.000","header_time":"0.196","response_time":"0.196"}
nginx-1       | {"time":"2026-09-09T04:45:17+00:00","msec":"1788929117.069","request_id":"debe7aac01e7be235bd83be2abe1d31a","method":"POST","uri":"/api/orders/eaca0d7d-9023-4359-8beb-6398930fbfff/payments","status":202,"request_time":"0.097","upstream":"172.20.0.8:8080","upstream_status":"202","connect_time":"0.000","header_time":"0.096","response_time":"0.097"}
nginx-1       | {"time":"2026-09-09T04:45:17+00:00","msec":"1788929117.074","request_id":"0433657b76af720f4a0e674b60e88696","method":"POST","uri":"/api/purchases","status":201,"request_time":"0.108","upstream":"172.20.0.8:8080","upstream_status":"201","connect_time":"0.000","header_time":"0.108","response_time":"0.109"}
nginx-1       | {"time":"2026-09-09T04:45:17+00:00","msec":"1788929117.078","request_id":"d2045f109e006b3475c2617adaf242bd","method":"POST","uri":"/api/orders/78c46448-0362-40c2-b6a5-f3c7c85f1710/payments","status":202,"request_time":"0.013","upstream":"172.20.0.8:8080","upstream_status":"202","connect_time":"0.000","header_time":"0.012","response_time":"0.012"}
nginx-1       | {"time":"2026-09-09T04:45:17+00:00","msec":"1788929117.166","request_id":"a1a0999398893aca5d56a855c547660a","method":"POST","uri":"/api/purchases","status":201,"request_time":"0.100","upstream":"172.20.0.8:8080","upstream_status":"201","connect_time":"0.000","header_time":"0.100","response_time":"0.100"}
nginx-1       | {"time":"2026-09-09T04:45:17+00:00","msec":"1788929117.169","request_id":"076f407537dd44d75c10f315894fe71b","method":"POST","uri":"/api/orders/6435283c-d585-4b0f-962e-e80dd3c38e74/payments","status":202,"request_time":"0.092","upstream":"172.20.0.8:8080","upstream_status":"202","connect_time":"0.000","header_time":"0.091","response_time":"0.092"}
nginx-1       | {"time":"2026-09-09T04:45:17+00:00","msec":"1788929117.181","request_id":"7d1da318b1763a4ff710d03952dcd51d","method":"POST","uri":"/api/orders/5f4b6698-c5aa-42e9-8045-7713bb75cd1e/payments","status":202,"request_time":"0.012","upstream":"172.20.0.8:8080","upstream_status":"202","connect_time":"0.000","header_time":"0.012","response_time":"0.012"}
nginx-1       | {"time":"2026-09-09T04:45:17+00:00","msec":"1788929117.262","request_id":"432aa27e18610a6100386ddfd547854d","method":"POST","uri":"/api/purchases","status":201,"request_time":"0.095","upstream":"172.20.0.8:8080","upstream_status":"201","connect_time":"0.000","header_time":"0.095","response_time":"0.095"}
nginx-1       | {"time":"2026-09-09T04:45:17+00:00","msec":"1788929117.274","request_id":"cee2d8737ee075e19099ae3825ea7550","method":"POST","uri":"/api/orders/85acf2f8-e154-4b3a-8929-a729618c094c/payments","status":202,"request_time":"0.010","upstream":"172.20.0.8:8080","upstream_status":"202","connect_time":"0.000","header_time":"0.010","response_time":"0.010"}
nginx-1       | {"time":"2026-09-09T04:45:17+00:00","msec":"1788929117.282","request_id":"92bb037069bea31e2c2946040cdee95a","method":"POST","uri":"/api/purchases","status":201,"request_time":"0.016","upstream":"172.20.0.8:8080","upstream_status":"201","connect_time":"0.000","header_time":"0.015","response_time":"0.016"}
nginx-1       | {"time":"2026-09-09T04:45:17+00:00","msec":"1788929117.296","request_id":"43a5cd39281355376bf7f2240326cbc3","method":"POST","uri":"/api/orders/0bc83062-c145-490a-a16a-9bbf6ea1cc4e/payments","status":202,"request_time":"0.013","upstream":"172.20.0.8:8080","upstream_status":"202","connect_time":"0.000","header_time":"0.012","response_time":"0.013"}
nginx-1       | {"time":"2026-09-09T04:45:17+00:00","msec":"1788929117.385","request_id":"4d9f179c32e1e7b42ee8b18aaf5b4d97","method":"POST","uri":"/api/purchases","status":201,"request_time":"0.019","upstream":"172.20.0.8:8080","upstream_status":"201","connect_time":"0.000","header_time":"0.018","response_time":"0.018"}
nginx-1       | {"time":"2026-09-09T04:45:17+00:00","msec":"1788929117.399","request_id":"f1e1070b89096af42d001a160fbe5848","method":"POST","uri":"/api/orders/7b476d93-167d-4488-8ced-9d0c5af09e33/payments","status":202,"request_time":"0.012","upstream":"172.20.0.8:8080","upstream_status":"202","connect_time":"0.000","header_time":"0.011","response_time":"0.012"}
nginx-1       | {"time":"2026-09-09T04:45:17+00:00","msec":"1788929117.484","request_id":"60fe5751a5cd88b5a872dbb197056b31","method":"POST","uri":"/api/purchases","status":201,"request_time":"0.018","upstream":"172.20.0.8:8080","upstream_status":"201","connect_time":"0.000","header_time":"0.018","response_time":"0.019"}
nginx-1       | {"time":"2026-09-09T04:45:17+00:00","msec":"1788929117.498","request_id":"e31f0043e65bb2d8843d8aef5033110a","method":"POST","uri":"/api/orders/9451c152-e68c-4e74-875a-174139af4478/payments","status":202,"request_time":"0.012","upstream":"172.20.0.8:8080","upstream_status":"202","connect_time":"0.000","header_time":"0.012","response_time":"0.012"}
nginx-1       | {"time":"2026-09-09T04:45:17+00:00","msec":"1788929117.585","request_id":"fbd99452e9ddca6e08efb6b36d37b2a1","method":"POST","uri":"/api/purchases","status":201,"request_time":"0.018","upstream":"172.20.0.8:8080","upstream_status":"201","connect_time":"0.000","header_time":"0.018","response_time":"0.019"}
nginx-1       | {"time":"2026-09-09T04:45:17+00:00","msec":"1788929117.600","request_id":"e6534d834043424271696abb459e7efe","method":"POST","uri":"/api/orders/6679d30c-a115-4fa3-986b-72b95359cf30/payments","status":202,"request_time":"0.013","upstream":"172.20.0.8:8080","upstream_status":"202","connect_time":"0.000","header_time":"0.011","response_time":"0.012"}
nginx-1       | {"time":"2026-09-09T04:45:17+00:00","msec":"1788929117.684","request_id":"d541eaa09e39521e0eaaa5595c237058","method":"POST","uri":"/api/purchases","status":201,"request_time":"0.018","upstream":"172.20.0.8:8080","upstream_status":"201","connect_time":"0.000","header_time":"0.017","response_time":"0.018"}
nginx-1       | {"time":"2026-09-09T04:45:17+00:00","msec":"1788929117.696","request_id":"4434ca9cc0230bed44f13e5beec02f1b","method":"POST","uri":"/api/orders/0e45def3-df94-41cc-876e-f1dd0a77b746/payments","status":202,"request_time":"0.010","upstream":"172.20.0.8:8080","upstream_status":"202","connect_time":"0.000","header_time":"0.009","response_time":"0.010"}
nginx-1       | {"time":"2026-09-09T04:45:17+00:00","msec":"1788929117.785","request_id":"439dcbd05572f85eb7ebc0722bd27400","method":"POST","uri":"/api/purchases","status":201,"request_time":"0.019","upstream":"172.20.0.8:8080","upstream_status":"201","connect_time":"0.000","header_time":"0.018","response_time":"0.019"}
nginx-1       | {"time":"2026-09-09T04:45:17+00:00","msec":"1788929117.798","request_id":"9644982b6aa37772668080dba3c94f02","method":"POST","uri":"/api/orders/9bd936f6-2bdf-4aa6-9eee-423c60d0ccc8/payments","status":202,"request_time":"0.012","upstream":"172.20.0.8:8080","upstream_status":"202","connect_time":"0.000","header_time":"0.011","response_time":"0.011"}
nginx-1       | {"time":"2026-09-09T04:45:17+00:00","msec":"1788929117.884","request_id":"5e06bbed4b474b85b23f658ef01376b4","method":"POST","uri":"/api/purchases","status":201,"request_time":"0.018","upstream":"172.20.0.8:8080","upstream_status":"201","connect_time":"0.000","header_time":"0.018","response_time":"0.019"}
nginx-1       | {"time":"2026-09-09T04:45:17+00:00","msec":"1788929117.896","request_id":"fcb5ecb055286519a3ae3987a0e382be","method":"POST","uri":"/api/orders/a686db7a-89ed-453a-842c-ac237e94c466/payments","status":202,"request_time":"0.010","upstream":"172.20.0.8:8080","upstream_status":"202","connect_time":"0.000","header_time":"0.010","response_time":"0.010"}
nginx-1       | {"time":"2026-09-09T04:45:17+00:00","msec":"1788929117.982","request_id":"890fa5e72368c14af6c0601c340811ca","method":"POST","uri":"/api/purchases","status":201,"request_time":"0.018","upstream":"172.20.0.8:8080","upstream_status":"201","connect_time":"0.000","header_time":"0.017","response_time":"0.018"}
nginx-1       | {"time":"2026-09-09T04:45:17+00:00","msec":"1788929117.993","request_id":"13657f5814f264c3142e6bedf4f2b0f2","method":"POST","uri":"/api/orders/a144f1d2-6d25-456e-8998-5c2c9abe8b41/payments","status":202,"request_time":"0.009","upstream":"172.20.0.8:8080","upstream_status":"202","connect_time":"0.000","header_time":"0.008","response_time":"0.009"}
nginx-1       | {"time":"2026-09-09T04:45:18+00:00","msec":"1788929118.079","request_id":"a2cca420531cbebd9e732f6ad6bcf1b9","method":"POST","uri":"/api/purchases","status":201,"request_time":"0.015","upstream":"172.20.0.8:8080","upstream_status":"201","connect_time":"0.000","header_time":"0.015","response_time":"0.016"}
nginx-1       | {"time":"2026-09-09T04:45:18+00:00","msec":"1788929118.089","request_id":"4f51753e086dea97fc2f824d700fa4c2","method":"POST","uri":"/api/orders/b4483f48-fd17-4216-a06b-5333a7eb0d80/payments","status":202,"request_time":"0.008","upstream":"172.20.0.8:8080","upstream_status":"202","connect_time":"0.000","header_time":"0.008","response_time":"0.009"}
nginx-1       | {"time":"2026-09-09T04:45:18+00:00","msec":"1788929118.254","request_id":"e436c693591adb8e2f319e87d4c3a393","method":"POST","uri":"/api/orders/b9cd968f-771b-472c-a44c-677d0778a6a2/payments","status":202,"request_time":"1.479","upstream":"172.20.0.7:8080","upstream_status":"202","connect_time":"0.000","header_time":"1.478","response_time":"1.479"}
nginx-1       | {"time":"2026-09-09T04:45:18+00:00","msec":"1788929118.553","request_id":"14faa4651b910b187446f83ffe368c1b","method":"POST","uri":"/api/purchases","status":201,"request_time":"1.986","upstream":"172.20.0.7:8080","upstream_status":"201","connect_time":"0.001","header_time":"1.985","response_time":"1.986"}
nginx-1       | {"time":"2026-09-09T04:45:18+00:00","msec":"1788929118.560","request_id":"813c9ea21b057135e77777599bd0ecc0","method":"POST","uri":"/api/purchases","status":201,"request_time":"2.094","upstream":"172.20.0.7:8080","upstream_status":"201","connect_time":"0.001","header_time":"2.093","response_time":"2.094"}
nginx-1       | {"time":"2026-09-09T04:45:18+00:00","msec":"1788929118.572","request_id":"44e3a401b3d230353c0aa61d7a3bacf6","method":"POST","uri":"/api/purchases","status":201,"request_time":"0.108","upstream":"172.20.0.8:8080","upstream_status":"201","connect_time":"0.000","header_time":"0.107","response_time":"0.107"}
nginx-1       | {"time":"2026-09-09T04:45:18+00:00","msec":"1788929118.584","request_id":"67b3e353d49048aa69f5c09c450daf87","method":"POST","uri":"/api/orders/c0c980a6-8198-4547-ae99-35db36cba8ae/payments","status":202,"request_time":"0.010","upstream":"172.20.0.8:8080","upstream_status":"202","connect_time":"0.000","header_time":"0.010","response_time":"0.010"}
nginx-1       | {"time":"2026-09-09T04:45:18+00:00","msec":"1788929118.646","request_id":"daeca8995290f757268f57483f3be775","method":"POST","uri":"/api/orders/e906c206-9943-49ab-bd5f-67b926bcf13c/payments","status":202,"request_time":"0.091","upstream":"172.20.0.7:8080","upstream_status":"202","connect_time":"0.000","header_time":"0.090","response_time":"0.091"}
nginx-1       | {"time":"2026-09-09T04:45:18+00:00","msec":"1788929118.654","request_id":"27d031d67547d77d7a5395b135150476","method":"POST","uri":"/api/orders/b6cd13ed-af32-4d18-a0a8-b8e9b7b73503/payments","status":202,"request_time":"0.092","upstream":"172.20.0.7:8080","upstream_status":"202","connect_time":"0.000","header_time":"0.092","response_time":"0.093"}
nginx-1       | {"time":"2026-09-09T04:45:18+00:00","msec":"1788929118.663","request_id":"42071136ac57bd887929c43c8367e089","method":"POST","uri":"/api/purchases","status":201,"request_time":"2.496","upstream":"172.20.0.7:8080","upstream_status":"201","connect_time":"0.000","header_time":"2.495","response_time":"2.496"}
nginx-1       | {"time":"2026-09-09T04:45:18+00:00","msec":"1788929118.752","request_id":"78da6c3b09beb1b4fade1452fcab608e","method":"POST","uri":"/api/purchases","status":201,"request_time":"2.687","upstream":"172.20.0.7:8080","upstream_status":"201","connect_time":"0.000","header_time":"2.685","response_time":"2.686"}
nginx-1       | {"time":"2026-09-09T04:45:18+00:00","msec":"1788929118.753","request_id":"dc3fcee29370c05e1435b458d9467f81","method":"POST","uri":"/api/orders/52a35884-5ed7-4d6f-80d9-e4a63f3be9e3/payments","status":202,"request_time":"0.089","upstream":"172.20.0.7:8080","upstream_status":"202","connect_time":"0.000","header_time":"0.088","response_time":"0.088"}
nginx-1       | {"time":"2026-09-09T04:45:18+00:00","msec":"1788929118.763","request_id":"0fa7526aba8ec29b503d1a8ca95061ca","method":"POST","uri":"/api/purchases","status":201,"request_time":"0.599","upstream":"172.20.0.8:8080","upstream_status":"201","connect_time":"0.000","header_time":"0.598","response_time":"0.599"}
nginx-1       | {"time":"2026-09-09T04:45:18+00:00","msec":"1788929118.775","request_id":"e332237e1815b0ffa9833db7250495f2","method":"POST","uri":"/api/purchases","status":201,"request_time":"0.512","upstream":"172.20.0.8:8080","upstream_status":"201","connect_time":"0.000","header_time":"0.511","response_time":"0.512"}
nginx-1       | {"time":"2026-09-09T04:45:18+00:00","msec":"1788929118.777","request_id":"f57abb996b2dc4c3a54f707df489e718","method":"POST","uri":"/api/orders/3f98dacb-a6de-4c3e-b2e3-1a6409c49009/payments","status":202,"request_time":"0.012","upstream":"172.20.0.8:8080","upstream_status":"202","connect_time":"0.000","header_time":"0.012","response_time":"0.013"}
nginx-1       | {"time":"2026-09-09T04:45:18+00:00","msec":"1788929118.793","request_id":"3ca0fce5dccd38196965e0f7f967135d","method":"POST","uri":"/api/purchases","status":201,"request_time":"0.430","upstream":"172.20.0.8:8080","upstream_status":"201","connect_time":"0.000","header_time":"0.429","response_time":"0.430"}
nginx-1       | {"time":"2026-09-09T04:45:18+00:00","msec":"1788929118.844","request_id":"5071cab66e96cd159c6daf105f55454d","method":"POST","uri":"/api/orders/85b2dab1-87f7-4305-a214-eabb36500d17/payments","status":202,"request_time":"0.090","upstream":"172.20.0.7:8080","upstream_status":"202","connect_time":"0.000","header_time":"0.016","response_time":"0.090"}
nginx-1       | {"time":"2026-09-09T04:45:18+00:00","msec":"1788929118.851","request_id":"c40a6e2a7a44ff4e2bea7ec13e23131a","method":"POST","uri":"/api/orders/faa942ed-2d54-4b4e-8e72-42d3546bd850/payments","status":202,"request_time":"0.074","upstream":"172.20.0.7:8080","upstream_status":"202","connect_time":"0.000","header_time":"0.074","response_time":"0.074"}
nginx-1       | {"time":"2026-09-09T04:45:18+00:00","msec":"1788929118.855","request_id":"49adfbb42aff1bf7f451dea65e3da0e1","method":"POST","uri":"/api/purchases","status":201,"request_time":"0.291","upstream":"172.20.0.7:8080","upstream_status":"201","connect_time":"0.000","header_time":"0.290","response_time":"0.291"}
nginx-1       | {"time":"2026-09-09T04:45:18+00:00","msec":"1788929118.868","request_id":"c9687736b44b306aac07e32687ddd596","method":"POST","uri":"/api/purchases","status":201,"request_time":"0.204","upstream":"172.20.0.8:8080","upstream_status":"201","connect_time":"0.000","header_time":"0.202","response_time":"0.203"}
nginx-1       | {"time":"2026-09-09T04:45:18+00:00","msec":"1788929118.868","request_id":"8cdab1393a35d09d8dee7155d7a7cd7f","method":"POST","uri":"/api/orders/43d6195e-a1a1-4ff0-ac23-a3c2a8b34e79/payments","status":202,"request_time":"0.073","upstream":"172.20.0.8:8080","upstream_status":"202","connect_time":"0.000","header_time":"0.073","response_time":"0.073"}
nginx-1       | {"time":"2026-09-09T04:45:18+00:00","msec":"1788929118.870","request_id":"e2c1474fb4660414a16cc690652be160","method":"POST","uri":"/api/orders/6f853fb7-099c-4981-9d03-0b14d10a4458/payments","status":202,"request_time":"0.014","upstream":"172.20.0.7:8080","upstream_status":"202","connect_time":"0.000","header_time":"0.012","response_time":"0.013"}
nginx-1       | {"time":"2026-09-09T04:45:18+00:00","msec":"1788929118.877","request_id":"819dcfbeafaa1b68ca58a2137fafe50a","method":"POST","uri":"/api/orders/ee9f2462-a4ce-4033-8c2d-1ad8966dc8f3/payments","status":202,"request_time":"0.008","upstream":"172.20.0.8:8080","upstream_status":"202","connect_time":"0.000","header_time":"0.007","response_time":"0.007"}
nginx-1       | {"time":"2026-09-09T04:45:18+00:00","msec":"1788929118.961","request_id":"d760c75e60012b9fec5c8b14a85851c2","method":"POST","uri":"/api/purchases","status":201,"request_time":"0.197","upstream":"172.20.0.7:8080","upstream_status":"201","connect_time":"0.000","header_time":"0.196","response_time":"0.197"}
nginx-1       | {"time":"2026-09-09T04:45:18+00:00","msec":"1788929118.974","request_id":"feaf67b470516384a53466fb1399b207","method":"POST","uri":"/api/orders/ca23b5e7-056a-4450-a703-9e3ad05cc48e/payments","status":202,"request_time":"0.012","upstream":"172.20.0.7:8080","upstream_status":"202","connect_time":"0.000","header_time":"0.011","response_time":"0.012"}
nginx-1       | {"time":"2026-09-09T04:45:19+00:00","msec":"1788929119.054","request_id":"674b8940caa2391b106f3aa86c8bdce5","method":"POST","uri":"/api/purchases","status":201,"request_time":"0.190","upstream":"172.20.0.8:8080","upstream_status":"201","connect_time":"0.000","header_time":"0.189","response_time":"0.189"}
nginx-1       | {"time":"2026-09-09T04:45:19+00:00","msec":"1788929119.065","request_id":"017e02c44eb42737fd6c385c7b202668","method":"POST","uri":"/api/purchases","status":201,"request_time":"0.102","upstream":"172.20.0.7:8080","upstream_status":"201","connect_time":"0.000","header_time":"0.102","response_time":"0.102"}
nginx-1       | {"time":"2026-09-09T04:45:19+00:00","msec":"1788929119.068","request_id":"d1041a6d9a5206cea87e13db1904e40e","method":"POST","uri":"/api/orders/66f8bacb-4fb1-479e-b2c6-de9f29d2f9f0/payments","status":202,"request_time":"0.012","upstream":"172.20.0.8:8080","upstream_status":"202","connect_time":"0.000","header_time":"0.012","response_time":"0.012"}
nginx-1       | {"time":"2026-09-09T04:45:19+00:00","msec":"1788929119.077","request_id":"33bee1c63c864cb8391a789276c61fd4","method":"POST","uri":"/api/orders/9170238d-a397-4277-9845-dc8082f81e4b/payments","status":202,"request_time":"0.010","upstream":"172.20.0.8:8080","upstream_status":"202","connect_time":"0.000","header_time":"0.010","response_time":"0.010"}
nginx-1       | {"time":"2026-09-09T04:45:19+00:00","msec":"1788929119.151","request_id":"056618cce49b4038217b397ff71d5c01","method":"POST","uri":"/api/purchases","status":201,"request_time":"0.088","upstream":"172.20.0.7:8080","upstream_status":"201","connect_time":"0.000","header_time":"0.086","response_time":"0.087"}
nginx-1       | {"time":"2026-09-09T04:45:19+00:00","msec":"1788929119.161","request_id":"db133f483e9342a0e7b3a5014620d3cd","method":"POST","uri":"/api/orders/3fe94312-de2f-43ec-b2c7-f79ab69ec1d0/payments","status":202,"request_time":"0.009","upstream":"172.20.0.7:8080","upstream_status":"202","connect_time":"0.000","header_time":"0.008","response_time":"0.009"}
nginx-1       | {"time":"2026-09-09T04:45:19+00:00","msec":"1788929119.183","request_id":"de57f4078b418cd897a963af4cf451ef","method":"POST","uri":"/api/purchases","status":201,"request_time":"0.020","upstream":"172.20.0.7:8080","upstream_status":"201","connect_time":"0.000","header_time":"0.020","response_time":"0.020"}
nginx-1       | {"time":"2026-09-09T04:45:19+00:00","msec":"1788929119.194","request_id":"88309d2c558bc1f73a86acd3999465b3","method":"POST","uri":"/api/orders/a13390c8-5f48-4b62-a2eb-cdcb2c0255f7/payments","status":202,"request_time":"0.009","upstream":"172.20.0.8:8080","upstream_status":"202","connect_time":"0.000","header_time":"0.008","response_time":"0.009"}
nginx-1       | {"time":"2026-09-09T04:45:19+00:00","msec":"1788929119.279","request_id":"d2b82a4089defeb5e234fd50b9a0231d","method":"POST","uri":"/api/purchases","status":201,"request_time":"0.015","upstream":"172.20.0.8:8080","upstream_status":"201","connect_time":"0.000","header_time":"0.015","response_time":"0.015"}
nginx-1       | {"time":"2026-09-09T04:45:19+00:00","msec":"1788929119.293","request_id":"2278233bdd9095b8945e0219b3b93f43","method":"POST","uri":"/api/orders/75284bcc-6d53-4a94-84fc-0c2c64e4a802/payments","status":202,"request_time":"0.012","upstream":"172.20.0.7:8080","upstream_status":"202","connect_time":"0.000","header_time":"0.012","response_time":"0.013"}
nginx-1       | {"time":"2026-09-09T04:45:19+00:00","msec":"1788929119.387","request_id":"84806cc56821636392043c349a0c11b7","method":"POST","uri":"/api/purchases","status":201,"request_time":"0.023","upstream":"172.20.0.7:8080","upstream_status":"201","connect_time":"0.000","header_time":"0.023","response_time":"0.023"}
nginx-1       | {"time":"2026-09-09T04:45:19+00:00","msec":"1788929119.411","request_id":"3f62b2fc754e10eb3954a03da59c19ea","method":"POST","uri":"/api/orders/b30f88a4-e779-4720-acb6-f6c27f918d4c/payments","status":202,"request_time":"0.022","upstream":"172.20.0.7:8080","upstream_status":"202","connect_time":"0.000","header_time":"0.021","response_time":"0.022"}
nginx-1       | {"time":"2026-09-09T04:45:19+00:00","msec":"1788929119.485","request_id":"f7e693b9b3683e3a4b6a4a71fd4ca719","method":"POST","uri":"/api/purchases","status":201,"request_time":"0.021","upstream":"172.20.0.7:8080","upstream_status":"201","connect_time":"0.000","header_time":"0.021","response_time":"0.021"}
nginx-1       | {"time":"2026-09-09T04:45:19+00:00","msec":"1788929119.498","request_id":"9066ecc80cbb9e02e659c5e81ad0e908","method":"POST","uri":"/api/orders/2eb18a5a-08b8-4868-a401-36e632c57d8b/payments","status":202,"request_time":"0.011","upstream":"172.20.0.7:8080","upstream_status":"202","connect_time":"0.000","header_time":"0.011","response_time":"0.011"}
nginx-1       | {"time":"2026-09-09T04:45:19+00:00","msec":"1788929119.644","request_id":"0a9679de1cd8a81249edce2dc99f5976","method":"POST","uri":"/api/purchases","status":201,"request_time":"0.080","upstream":"172.20.0.8:8080","upstream_status":"201","connect_time":"0.000","header_time":"0.080","response_time":"0.080"}
nginx-1       | {"time":"2026-09-09T04:45:19+00:00","msec":"1788929119.657","request_id":"15036c5af1f19f36b9c7083b8bacff31","method":"POST","uri":"/api/orders/cfb63264-c8bf-45cf-835d-5364a1ebdcc8/payments","status":202,"request_time":"0.011","upstream":"172.20.0.7:8080","upstream_status":"202","connect_time":"0.000","header_time":"0.011","response_time":"0.011"}
nginx-1       | {"time":"2026-09-09T04:45:19+00:00","msec":"1788929119.679","request_id":"e9825c3ac71851172cddded618f9bcc0","method":"POST","uri":"/api/purchases","status":201,"request_time":"0.015","upstream":"172.20.0.8:8080","upstream_status":"201","connect_time":"0.000","header_time":"0.015","response_time":"0.016"}
nginx-1       | {"time":"2026-09-09T04:45:19+00:00","msec":"1788929119.691","request_id":"352d9751159472b91f5b2ac6dbedec9e","method":"POST","uri":"/api/orders/94afdaf9-372c-42d2-bbf4-7fe8c1a10e11/payments","status":202,"request_time":"0.010","upstream":"172.20.0.8:8080","upstream_status":"202","connect_time":"0.000","header_time":"0.010","response_time":"0.011"}
nginx-1       | {"time":"2026-09-09T04:45:19+00:00","msec":"1788929119.780","request_id":"bbb723c78b2a49804cd09a1250226607","method":"POST","uri":"/api/purchases","status":201,"request_time":"0.016","upstream":"172.20.0.8:8080","upstream_status":"201","connect_time":"0.000","header_time":"0.016","response_time":"0.016"}
nginx-1       | {"time":"2026-09-09T04:45:19+00:00","msec":"1788929119.791","request_id":"8f9c583c15601d6930df7a203c142ab5","method":"POST","uri":"/api/orders/6de1e865-aba8-49cf-80e1-8a433ddf06a3/payments","status":202,"request_time":"0.010","upstream":"172.20.0.7:8080","upstream_status":"202","connect_time":"0.000","header_time":"0.009","response_time":"0.009"}
nginx-1       | {"time":"2026-09-09T04:45:19+00:00","msec":"1788929119.880","request_id":"adc25e354a302e0c1cf5e6d9e1c5df52","method":"POST","uri":"/api/purchases","status":201,"request_time":"0.016","upstream":"172.20.0.8:8080","upstream_status":"201","connect_time":"0.000","header_time":"0.014","response_time":"0.015"}
nginx-1       | {"time":"2026-09-09T04:45:19+00:00","msec":"1788929119.890","request_id":"a881eb02dd7b2b405d8a3f3640fca5bf","method":"POST","uri":"/api/orders/9eb79a38-e039-40a1-9d29-05b9b0f8b597/payments","status":202,"request_time":"0.009","upstream":"172.20.0.8:8080","upstream_status":"202","connect_time":"0.000","header_time":"0.009","response_time":"0.009"}
nginx-1       | {"time":"2026-09-09T04:45:19+00:00","msec":"1788929119.979","request_id":"492abef4d9a77437c1ce8b9441400cca","method":"POST","uri":"/api/purchases","status":201,"request_time":"0.016","upstream":"172.20.0.8:8080","upstream_status":"201","connect_time":"0.000","header_time":"0.016","response_time":"0.016"}
nginx-1       | {"time":"2026-09-09T04:45:19+00:00","msec":"1788929119.996","request_id":"6d8a2eaab8f588ad9535841f01d592c6","method":"POST","uri":"/api/orders/9c09fe08-2d5e-4207-97d1-3a2a0959440e/payments","status":202,"request_time":"0.015","upstream":"172.20.0.7:8080","upstream_status":"202","connect_time":"0.000","header_time":"0.013","response_time":"0.015"}
nginx-1       | {"time":"2026-09-09T04:45:20+00:00","msec":"1788929120.077","request_id":"969335e1be277eedca25f0722494772e","method":"POST","uri":"/api/purchases","status":201,"request_time":"0.013","upstream":"172.20.0.8:8080","upstream_status":"201","connect_time":"0.000","header_time":"0.013","response_time":"0.014"}
nginx-1       | {"time":"2026-09-09T04:45:20+00:00","msec":"1788929120.087","request_id":"5af9f73aedecde89876f63a2ce1b1e6d","method":"POST","uri":"/api/orders/b88e0364-b12f-4bcb-b43c-a0134b7608e8/payments","status":202,"request_time":"0.008","upstream":"172.20.0.8:8080","upstream_status":"202","connect_time":"0.000","header_time":"0.008","response_time":"0.008"}
nginx-1       | {"time":"2026-09-09T04:45:20+00:00","msec":"1788929120.180","request_id":"25a8807c3efd3cd425269168bd751ef5","method":"POST","uri":"/api/purchases","status":201,"request_time":"0.016","upstream":"172.20.0.7:8080","upstream_status":"201","connect_time":"0.000","header_time":"0.016","response_time":"0.017"}
nginx-1       | {"time":"2026-09-09T04:45:20+00:00","msec":"1788929120.190","request_id":"d3854ebd19f40b5a6dacc290962cc6f8","method":"POST","uri":"/api/orders/286c6b1f-24d0-4e67-a881-5a95b4212922/payments","status":202,"request_time":"0.008","upstream":"172.20.0.8:8080","upstream_status":"202","connect_time":"0.000","header_time":"0.008","response_time":"0.009"}
nginx-1       | {"time":"2026-09-09T04:45:20+00:00","msec":"1788929120.348","request_id":"b86e8a74c0e5a3d777513b1efbcb0bd3","method":"POST","uri":"/api/purchases","status":201,"request_time":"0.084","upstream":"172.20.0.7:8080","upstream_status":"201","connect_time":"0.000","header_time":"0.084","response_time":"0.084"}
nginx-1       | {"time":"2026-09-09T04:45:20+00:00","msec":"1788929120.361","request_id":"c873394c225313bc55c13a676ef8000b","method":"POST","uri":"/api/orders/a051bb1f-cb1a-4e94-bca1-fdda1d5c6dcd/payments","status":202,"request_time":"0.011","upstream":"172.20.0.7:8080","upstream_status":"202","connect_time":"0.000","header_time":"0.010","response_time":"0.011"}
nginx-1       | {"time":"2026-09-09T04:45:20+00:00","msec":"1788929120.442","request_id":"2040af0c66ccd760d0485d3e9f4df0ee","method":"POST","uri":"/api/purchases","status":201,"request_time":"0.079","upstream":"172.20.0.8:8080","upstream_status":"201","connect_time":"0.000","header_time":"0.078","response_time":"0.078"}
nginx-1       | {"time":"2026-09-09T04:45:20+00:00","msec":"1788929120.454","request_id":"44f8e259e28e9bbe3917bc574e4b91d5","method":"POST","uri":"/api/orders/e0230934-beb5-4117-be05-63289febdc0b/payments","status":202,"request_time":"0.010","upstream":"172.20.0.7:8080","upstream_status":"202","connect_time":"0.000","header_time":"0.010","response_time":"0.010"}
nginx-1       | {"time":"2026-09-09T04:45:20+00:00","msec":"1788929120.478","request_id":"d2b3072ef968a24f98df4ff726bb805b","method":"POST","uri":"/api/purchases","status":201,"request_time":"0.014","upstream":"172.20.0.8:8080","upstream_status":"201","connect_time":"0.000","header_time":"0.014","response_time":"0.014"}
nginx-1       | {"time":"2026-09-09T04:45:20+00:00","msec":"1788929120.489","request_id":"863308b686b400e8dbb739cc571728aa","method":"POST","uri":"/api/orders/2f6be096-ea07-48b1-b1ae-6bae8fa2331d/payments","status":202,"request_time":"0.009","upstream":"172.20.0.7:8080","upstream_status":"202","connect_time":"0.000","header_time":"0.009","response_time":"0.009"}
nginx-1       | {"time":"2026-09-09T04:45:20+00:00","msec":"1788929120.649","request_id":"3526910079086e9ac23a48677b2a597b","method":"POST","uri":"/api/purchases","status":201,"request_time":"0.085","upstream":"172.20.0.8:8080","upstream_status":"201","connect_time":"0.000","header_time":"0.085","response_time":"0.085"}
nginx-1       | {"time":"2026-09-09T04:45:20+00:00","msec":"1788929120.660","request_id":"1190bc9f11787e0ce97f9feb723d0d03","method":"POST","uri":"/api/orders/a18d822a-d80f-4e18-8a81-8f47929451b9/payments","status":202,"request_time":"0.010","upstream":"172.20.0.8:8080","upstream_status":"202","connect_time":"0.000","header_time":"0.008","response_time":"0.009"}
nginx-1       | {"time":"2026-09-09T04:45:20+00:00","msec":"1788929120.679","request_id":"06837d0aad473ad0b1666c3efb391ad6","method":"POST","uri":"/api/purchases","status":201,"request_time":"0.015","upstream":"172.20.0.7:8080","upstream_status":"201","connect_time":"0.000","header_time":"0.015","response_time":"0.015"}
nginx-1       | {"time":"2026-09-09T04:45:20+00:00","msec":"1788929120.689","request_id":"5fbf5bb061194e6f35c594f43038f80e","method":"POST","uri":"/api/orders/be5f2b70-362b-478d-bede-e4cce3d4ab1e/payments","status":202,"request_time":"0.009","upstream":"172.20.0.8:8080","upstream_status":"202","connect_time":"0.000","header_time":"0.008","response_time":"0.008"}
nginx-1       | {"time":"2026-09-09T04:45:20+00:00","msec":"1788929120.786","request_id":"7da0e583ae6be6991032068b39cd41f1","method":"POST","uri":"/api/purchases","status":201,"request_time":"0.022","upstream":"172.20.0.7:8080","upstream_status":"201","connect_time":"0.000","header_time":"0.022","response_time":"0.023"}
nginx-1       | {"time":"2026-09-09T04:45:20+00:00","msec":"1788929120.799","request_id":"ff28395513477f87b78032ffdc30041e","method":"POST","uri":"/api/orders/4aec1217-39a0-4dd3-b28e-a90579d69c6f/payments","status":202,"request_time":"0.011","upstream":"172.20.0.8:8080","upstream_status":"202","connect_time":"0.000","header_time":"0.010","response_time":"0.010"}
nginx-1       | {"time":"2026-09-09T04:45:20+00:00","msec":"1788929120.881","request_id":"4b8c514e9f8e9e8a0c7d8a640f54cb9e","method":"POST","uri":"/api/purchases","status":201,"request_time":"0.017","upstream":"172.20.0.8:8080","upstream_status":"201","connect_time":"0.000","header_time":"0.017","response_time":"0.017"}
nginx-1       | {"time":"2026-09-09T04:45:20+00:00","msec":"1788929120.892","request_id":"2060b4fa424bce0d68c8632560011d17","method":"POST","uri":"/api/orders/2e5989f5-4dbb-47b1-804a-1fd793d923b2/payments","status":202,"request_time":"0.009","upstream":"172.20.0.8:8080","upstream_status":"202","connect_time":"0.000","header_time":"0.009","response_time":"0.009"}
nginx-1       | {"time":"2026-09-09T04:45:20+00:00","msec":"1788929120.979","request_id":"3f2ab1157ea4dcb5b8e4e169f4d97195","method":"POST","uri":"/api/purchases","status":201,"request_time":"0.015","upstream":"172.20.0.8:8080","upstream_status":"201","connect_time":"0.000","header_time":"0.015","response_time":"0.015"}
nginx-1       | {"time":"2026-09-09T04:45:20+00:00","msec":"1788929120.992","request_id":"5d6272346acf21403dd90bc1b343398a","method":"POST","uri":"/api/orders/a22be102-6ba5-498f-b412-63638905dbe7/payments","status":202,"request_time":"0.011","upstream":"172.20.0.7:8080","upstream_status":"202","connect_time":"0.000","header_time":"0.011","response_time":"0.011"}
nginx-1       | {"time":"2026-09-09T04:45:21+00:00","msec":"1788929121.147","request_id":"7254f3ac482efa0c837167d2dd054672","method":"POST","uri":"/api/purchases","status":201,"request_time":"0.084","upstream":"172.20.0.7:8080","upstream_status":"201","connect_time":"0.000","header_time":"0.084","response_time":"0.084"}
nginx-1       | {"time":"2026-09-09T04:45:21+00:00","msec":"1788929121.156","request_id":"a0e941e9de707ba2df212b2f67cd1726","method":"POST","uri":"/api/orders/95795a95-84ad-4be3-a0c0-39d9f1f82229/payments","status":202,"request_time":"0.007","upstream":"172.20.0.8:8080","upstream_status":"202","connect_time":"0.000","header_time":"0.007","response_time":"0.008"}
nginx-1       | {"time":"2026-09-09T04:45:21+00:00","msec":"1788929121.178","request_id":"a466935574c17ae01cff5017bbc608f2","method":"POST","uri":"/api/purchases","status":201,"request_time":"0.015","upstream":"172.20.0.7:8080","upstream_status":"201","connect_time":"0.000","header_time":"0.015","response_time":"0.015"}
nginx-1       | {"time":"2026-09-09T04:45:21+00:00","msec":"1788929121.188","request_id":"6b9da8a006148a8b037124f896215872","method":"POST","uri":"/api/orders/8d14e92c-4e19-4ced-8f1a-7a97e6dd1750/payments","status":202,"request_time":"0.008","upstream":"172.20.0.8:8080","upstream_status":"202","connect_time":"0.000","header_time":"0.008","response_time":"0.008"}
nginx-1       | {"time":"2026-09-09T04:45:21+00:00","msec":"1788929121.277","request_id":"f2c900563b4b42e3331f074ae49607d6","method":"POST","uri":"/api/purchases","status":201,"request_time":"0.013","upstream":"172.20.0.8:8080","upstream_status":"201","connect_time":"0.000","header_time":"0.013","response_time":"0.013"}
nginx-1       | {"time":"2026-09-09T04:45:21+00:00","msec":"1788929121.289","request_id":"3ada63c140bb44dd386fcb3256bc8eaf","method":"POST","uri":"/api/orders/a4e8dd08-1901-4539-b977-bb2ca4969328/payments","status":202,"request_time":"0.010","upstream":"172.20.0.8:8080","upstream_status":"202","connect_time":"0.000","header_time":"0.010","response_time":"0.010"}
nginx-1       | {"time":"2026-09-09T04:45:21+00:00","msec":"1788929121.380","request_id":"031c2dc4ce5ad76d26fa79e6649e99bc","method":"POST","uri":"/api/purchases","status":201,"request_time":"0.016","upstream":"172.20.0.7:8080","upstream_status":"201","connect_time":"0.000","header_time":"0.016","response_time":"0.016"}
nginx-1       | {"time":"2026-09-09T04:45:21+00:00","msec":"1788929121.392","request_id":"bdd897c383396005365155d702ead744","method":"POST","uri":"/api/orders/ca9454ea-fd7f-4284-a0b2-19e4ba3256a6/payments","status":202,"request_time":"0.010","upstream":"172.20.0.7:8080","upstream_status":"202","connect_time":"0.000","header_time":"0.009","response_time":"0.010"}
nginx-1       | {"time":"2026-09-09T04:45:21+00:00","msec":"1788929121.482","request_id":"156d5307166e76fb76a259699d06b407","method":"POST","uri":"/api/purchases","status":201,"request_time":"0.018","upstream":"172.20.0.7:8080","upstream_status":"201","connect_time":"0.000","header_time":"0.018","response_time":"0.019"}
nginx-1       | {"time":"2026-09-09T04:45:21+00:00","msec":"1788929121.494","request_id":"3d6dadb2bf6c9c5c1306c11c4491e018","method":"POST","uri":"/api/orders/21a516d7-586b-4201-8f42-8d768eb46e67/payments","status":202,"request_time":"0.010","upstream":"172.20.0.7:8080","upstream_status":"202","connect_time":"0.000","header_time":"0.010","response_time":"0.010"}
nginx-1       | {"time":"2026-09-09T04:45:21+00:00","msec":"1788929121.646","request_id":"c116c05f1b6e434f887fcb7281e68986","method":"POST","uri":"/api/purchases","status":201,"request_time":"0.083","upstream":"172.20.0.8:8080","upstream_status":"201","connect_time":"0.000","header_time":"0.082","response_time":"0.082"}
nginx-1       | {"time":"2026-09-09T04:45:21+00:00","msec":"1788929121.657","request_id":"b4a090d4761414635d802e580aad763e","method":"POST","uri":"/api/orders/68af244b-4b41-45c1-ae6c-2ebdd8c68c10/payments","status":202,"request_time":"0.009","upstream":"172.20.0.8:8080","upstream_status":"202","connect_time":"0.000","header_time":"0.009","response_time":"0.009"}
nginx-1       | {"time":"2026-09-09T04:45:21+00:00","msec":"1788929121.745","request_id":"0aa4c1af9e3c2a7987b5a487252f485b","method":"POST","uri":"/api/purchases","status":201,"request_time":"0.082","upstream":"172.20.0.8:8080","upstream_status":"201","connect_time":"0.000","header_time":"0.082","response_time":"0.082"}
nginx-1       | {"time":"2026-09-09T04:45:21+00:00","msec":"1788929121.755","request_id":"3efbd0c06ef0c89c17780ffd88d449db","method":"POST","uri":"/api/orders/ae4b0123-9c18-46cd-b914-f398438b82ec/payments","status":202,"request_time":"0.008","upstream":"172.20.0.8:8080","upstream_status":"202","connect_time":"0.000","header_time":"0.008","response_time":"0.008"}
nginx-1       | {"time":"2026-09-09T04:45:21+00:00","msec":"1788929121.779","request_id":"e41f782cc87d8e702037cdb8131e7a85","method":"POST","uri":"/api/purchases","status":201,"request_time":"0.015","upstream":"172.20.0.7:8080","upstream_status":"201","connect_time":"0.000","header_time":"0.015","response_time":"0.015"}
nginx-1       | {"time":"2026-09-09T04:45:21+00:00","msec":"1788929121.789","request_id":"ec3231abaf1743d647eca24bcaff8ab9","method":"POST","uri":"/api/orders/cfdc9d18-f7a2-4941-b9f6-527a54a464cb/payments","status":202,"request_time":"0.008","upstream":"172.20.0.8:8080","upstream_status":"202","connect_time":"0.000","header_time":"0.008","response_time":"0.009"}
nginx-1       | {"time":"2026-09-09T04:45:21+00:00","msec":"1788929121.876","request_id":"6d69176af071b9a9c25cf721fb906e25","method":"POST","uri":"/api/purchases","status":201,"request_time":"0.012","upstream":"172.20.0.8:8080","upstream_status":"201","connect_time":"0.000","header_time":"0.012","response_time":"0.013"}
nginx-1       | {"time":"2026-09-09T04:45:21+00:00","msec":"1788929121.889","request_id":"a93ac6798f39b290aa1b0b1d9676fd59","method":"POST","uri":"/api/orders/436c5404-feb1-4ea8-96f1-e73ce0c88994/payments","status":202,"request_time":"0.011","upstream":"172.20.0.7:8080","upstream_status":"202","connect_time":"0.000","header_time":"0.010","response_time":"0.011"}
nginx-1       | {"time":"2026-09-09T04:45:21+00:00","msec":"1788929121.980","request_id":"264c6180a6e388c4c629142c3d414d5a","method":"POST","uri":"/api/purchases","status":201,"request_time":"0.016","upstream":"172.20.0.7:8080","upstream_status":"201","connect_time":"0.000","header_time":"0.015","response_time":"0.016"}
nginx-1       | {"time":"2026-09-09T04:45:21+00:00","msec":"1788929121.990","request_id":"16de0a145f79947b888d89c8a9cfaa47","method":"POST","uri":"/api/orders/fbab259e-b952-4893-9a0d-d287c5a7f899/payments","status":202,"request_time":"0.009","upstream":"172.20.0.8:8080","upstream_status":"202","connect_time":"0.000","header_time":"0.008","response_time":"0.009"}
nginx-1       | {"time":"2026-09-09T04:45:22+00:00","msec":"1788929122.082","request_id":"e47b2bfd7a86c7187f22502cbf660a38","method":"POST","uri":"/api/purchases","status":201,"request_time":"0.018","upstream":"172.20.0.7:8080","upstream_status":"201","connect_time":"0.000","header_time":"0.018","response_time":"0.018"}
nginx-1       | {"time":"2026-09-09T04:45:22+00:00","msec":"1788929122.094","request_id":"647919d22a62838e1715bf81ef543c52","method":"POST","uri":"/api/orders/84b34092-dd93-48e6-8307-53b8f5c209c5/payments","status":202,"request_time":"0.010","upstream":"172.20.0.7:8080","upstream_status":"202","connect_time":"0.000","header_time":"0.009","response_time":"0.010"}
nginx-1       | {"time":"2026-09-09T04:45:22+00:00","msec":"1788929122.181","request_id":"b77020209b42fc38f171bddde7a352f5","method":"POST","uri":"/api/purchases","status":201,"request_time":"0.018","upstream":"172.20.0.7:8080","upstream_status":"201","connect_time":"0.000","header_time":"0.017","response_time":"0.017"}
nginx-1       | {"time":"2026-09-09T04:45:22+00:00","msec":"1788929122.192","request_id":"af92975bbf906d8cc3ec6386b80cc231","method":"POST","uri":"/api/orders/f5c12d95-bc15-4206-a725-984a3d41e392/payments","status":202,"request_time":"0.009","upstream":"172.20.0.8:8080","upstream_status":"202","connect_time":"0.000","header_time":"0.008","response_time":"0.009"}
nginx-1       | {"time":"2026-09-09T04:45:22+00:00","msec":"1788929122.278","request_id":"41a063f2d84fe027020fe407bd941c06","method":"POST","uri":"/api/purchases","status":201,"request_time":"0.014","upstream":"172.20.0.7:8080","upstream_status":"201","connect_time":"0.000","header_time":"0.014","response_time":"0.014"}
nginx-1       | {"time":"2026-09-09T04:45:22+00:00","msec":"1788929122.287","request_id":"8b3728395ed7fbbc1e871b682e71d527","method":"POST","uri":"/api/orders/b625b624-4740-4076-b1c5-bcef21b1dcd0/payments","status":202,"request_time":"0.007","upstream":"172.20.0.7:8080","upstream_status":"202","connect_time":"0.000","header_time":"0.007","response_time":"0.008"}
nginx-1       | {"time":"2026-09-09T04:45:22+00:00","msec":"1788929122.377","request_id":"826268b1c543a100eae89e45be339485","method":"POST","uri":"/api/purchases","status":201,"request_time":"0.013","upstream":"172.20.0.8:8080","upstream_status":"201","connect_time":"0.000","header_time":"0.013","response_time":"0.013"}
nginx-1       | {"time":"2026-09-09T04:45:22+00:00","msec":"1788929122.388","request_id":"686080134893a6e7d6fa22e1f5dd4fbc","method":"POST","uri":"/api/orders/3203cd3d-bf84-4f78-b02b-96dc359dc733/payments","status":202,"request_time":"0.009","upstream":"172.20.0.7:8080","upstream_status":"202","connect_time":"0.000","header_time":"0.008","response_time":"0.008"}
nginx-1       | {"time":"2026-09-09T04:45:22+00:00","msec":"1788929122.474","request_id":"17ede20e8b07cf9cf04cf9ada29e3a5b","method":"POST","uri":"/api/purchases","status":201,"request_time":"0.011","upstream":"172.20.0.8:8080","upstream_status":"201","connect_time":"0.000","header_time":"0.011","response_time":"0.012"}
nginx-1       | {"time":"2026-09-09T04:45:22+00:00","msec":"1788929122.484","request_id":"6acfdbcca2c4e33487d8abec69d0abda","method":"POST","uri":"/api/orders/710302ec-7819-42fa-8f8d-338148f19ccb/payments","status":202,"request_time":"0.008","upstream":"172.20.0.8:8080","upstream_status":"202","connect_time":"0.000","header_time":"0.006","response_time":"0.007"}
nginx-1       | {"time":"2026-09-09T04:45:22+00:00","msec":"1788929122.578","request_id":"fc372db1752f898e94d483107e4d34b6","method":"POST","uri":"/api/purchases","status":201,"request_time":"0.015","upstream":"172.20.0.8:8080","upstream_status":"201","connect_time":"0.000","header_time":"0.015","response_time":"0.015"}
nginx-1       | {"time":"2026-09-09T04:45:22+00:00","msec":"1788929122.588","request_id":"2bcb8f180886f8bbb648231b313c0c31","method":"POST","uri":"/api/orders/41c96d31-dc0b-4551-85bc-f4e464121ef0/payments","status":202,"request_time":"0.008","upstream":"172.20.0.8:8080","upstream_status":"202","connect_time":"0.000","header_time":"0.008","response_time":"0.008"}
nginx-1       | {"time":"2026-09-09T04:45:22+00:00","msec":"1788929122.676","request_id":"5b82451227d549336d1e5ab2381a6fb1","method":"POST","uri":"/api/purchases","status":201,"request_time":"0.012","upstream":"172.20.0.7:8080","upstream_status":"201","connect_time":"0.000","header_time":"0.012","response_time":"0.012"}
nginx-1       | {"time":"2026-09-09T04:45:22+00:00","msec":"1788929122.685","request_id":"67eea9a10d77d2259dbbc9dbeff55be5","method":"POST","uri":"/api/orders/b62effc2-7b21-44a8-b648-793b6c48c44d/payments","status":202,"request_time":"0.008","upstream":"172.20.0.8:8080","upstream_status":"202","connect_time":"0.000","header_time":"0.007","response_time":"0.008"}
nginx-1       | {"time":"2026-09-09T04:45:22+00:00","msec":"1788929122.777","request_id":"c6ca7d2a2a3de03594d3484377702950","method":"POST","uri":"/api/purchases","status":201,"request_time":"0.013","upstream":"172.20.0.8:8080","upstream_status":"201","connect_time":"0.000","header_time":"0.013","response_time":"0.014"}
nginx-1       | {"time":"2026-09-09T04:45:22+00:00","msec":"1788929122.787","request_id":"1119779f52d4886f70d099d2e33c0e77","method":"POST","uri":"/api/orders/8c4d68dc-9daa-4b0b-81db-3edf51d4e437/payments","status":202,"request_time":"0.008","upstream":"172.20.0.8:8080","upstream_status":"202","connect_time":"0.000","header_time":"0.007","response_time":"0.007"}
nginx-1       | {"time":"2026-09-09T04:45:22+00:00","msec":"1788929122.879","request_id":"fbfe452fad9dad07bad4ba8f41799c76","method":"POST","uri":"/api/purchases","status":201,"request_time":"0.015","upstream":"172.20.0.8:8080","upstream_status":"201","connect_time":"0.000","header_time":"0.015","response_time":"0.015"}
nginx-1       | {"time":"2026-09-09T04:45:22+00:00","msec":"1788929122.891","request_id":"db2e64ebf9c06b3f748f774ea5482aa1","method":"POST","uri":"/api/orders/83a3e41d-c371-4ab7-bf6c-f915bc69072b/payments","status":202,"request_time":"0.011","upstream":"172.20.0.7:8080","upstream_status":"202","connect_time":"0.000","header_time":"0.009","response_time":"0.010"}
nginx-1       | {"time":"2026-09-09T04:45:22+00:00","msec":"1788929122.978","request_id":"0a385876d9d9e5fd8de26fcd02de3410","method":"POST","uri":"/api/purchases","status":201,"request_time":"0.014","upstream":"172.20.0.8:8080","upstream_status":"201","connect_time":"0.000","header_time":"0.014","response_time":"0.014"}
nginx-1       | {"time":"2026-09-09T04:45:22+00:00","msec":"1788929122.988","request_id":"7838555cb465cd31541c58c8221ab5e0","method":"POST","uri":"/api/orders/9fbefd2b-cef6-40c9-9a8b-9d15b7a93382/payments","status":202,"request_time":"0.009","upstream":"172.20.0.7:8080","upstream_status":"202","connect_time":"0.000","header_time":"0.008","response_time":"0.008"}
nginx-1       | {"time":"2026-09-09T04:45:23+00:00","msec":"1788929123.078","request_id":"a26117860ab1d62b0a7244b1852fa2b2","method":"POST","uri":"/api/purchases","status":201,"request_time":"0.014","upstream":"172.20.0.8:8080","upstream_status":"201","connect_time":"0.000","header_time":"0.014","response_time":"0.014"}
nginx-1       | {"time":"2026-09-09T04:45:23+00:00","msec":"1788929123.087","request_id":"7e5afdb21155c601df05d6969103e3c5","method":"POST","uri":"/api/orders/71a3feaa-ccc7-40c7-9e7a-bf7b0f4e8e6e/payments","status":202,"request_time":"0.008","upstream":"172.20.0.8:8080","upstream_status":"202","connect_time":"0.000","header_time":"0.007","response_time":"0.007"}
nginx-1       | {"time":"2026-09-09T04:45:23+00:00","msec":"1788929123.182","request_id":"27206d2e0be8c3be0f083eedb014d76a","method":"POST","uri":"/api/purchases","status":201,"request_time":"0.018","upstream":"172.20.0.7:8080","upstream_status":"201","connect_time":"0.000","header_time":"0.017","response_time":"0.018"}
nginx-1       | {"time":"2026-09-09T04:45:23+00:00","msec":"1788929123.197","request_id":"7e70c3e99ee24346fca3bb991a528261","method":"POST","uri":"/api/orders/2fec18dc-cad4-4bf0-8164-d3e582cb0fc5/payments","status":202,"request_time":"0.013","upstream":"172.20.0.7:8080","upstream_status":"202","connect_time":"0.000","header_time":"0.013","response_time":"0.013"}
nginx-1       | {"time":"2026-09-09T04:45:23+00:00","msec":"1788929123.279","request_id":"30016748d33dbb65733debb7f02b27ed","method":"POST","uri":"/api/purchases","status":201,"request_time":"0.015","upstream":"172.20.0.7:8080","upstream_status":"201","connect_time":"0.000","header_time":"0.014","response_time":"0.015"}
nginx-1       | {"time":"2026-09-09T04:45:23+00:00","msec":"1788929123.289","request_id":"6d602b4fcbf99daa99a790ca65a0216e","method":"POST","uri":"/api/orders/550445a5-1715-4226-9793-609a9bf7da49/payments","status":202,"request_time":"0.008","upstream":"172.20.0.7:8080","upstream_status":"202","connect_time":"0.000","header_time":"0.008","response_time":"0.008"}
nginx-1       | {"time":"2026-09-09T04:45:23+00:00","msec":"1788929123.378","request_id":"929b02310ded770445b591c495161ed8","method":"POST","uri":"/api/purchases","status":201,"request_time":"0.014","upstream":"172.20.0.7:8080","upstream_status":"201","connect_time":"0.000","header_time":"0.014","response_time":"0.015"}
nginx-1       | {"time":"2026-09-09T04:45:23+00:00","msec":"1788929123.393","request_id":"7d655215d9f6a56de028c5e8fa3e1d90","method":"POST","uri":"/api/orders/486ec0c9-d113-4f7c-867d-949970f4310c/payments","status":202,"request_time":"0.013","upstream":"172.20.0.8:8080","upstream_status":"202","connect_time":"0.000","header_time":"0.013","response_time":"0.013"}
nginx-1       | {"time":"2026-09-09T04:45:23+00:00","msec":"1788929123.477","request_id":"33a16d5c0dd99e129f298abfbe6591e9","method":"POST","uri":"/api/purchases","status":201,"request_time":"0.013","upstream":"172.20.0.8:8080","upstream_status":"201","connect_time":"0.000","header_time":"0.012","response_time":"0.013"}
nginx-1       | {"time":"2026-09-09T04:45:23+00:00","msec":"1788929123.488","request_id":"fec441bf197b70a5c6db42e60919efc9","method":"POST","uri":"/api/orders/a7a7fba6-2d6e-4c56-9d67-f62b90022310/payments","status":202,"request_time":"0.010","upstream":"172.20.0.7:8080","upstream_status":"202","connect_time":"0.000","header_time":"0.010","response_time":"0.010"}
nginx-1       | {"time":"2026-09-09T04:45:23+00:00","msec":"1788929123.577","request_id":"2e624da363e8986ae768ab0ddd6021f8","method":"POST","uri":"/api/purchases","status":201,"request_time":"0.013","upstream":"172.20.0.8:8080","upstream_status":"201","connect_time":"0.000","header_time":"0.012","response_time":"0.013"}
nginx-1       | {"time":"2026-09-09T04:45:23+00:00","msec":"1788929123.586","request_id":"31dfda140b5ed99a8641cdb2a86aefe9","method":"POST","uri":"/api/orders/5e7c1e7e-852a-49a0-a6dd-339a3d9385ba/payments","status":202,"request_time":"0.008","upstream":"172.20.0.8:8080","upstream_status":"202","connect_time":"0.000","header_time":"0.007","response_time":"0.007"}
nginx-1       | {"time":"2026-09-09T04:45:23+00:00","msec":"1788929123.678","request_id":"e016576bb03eb33ebc45bd8bf00d9bf1","method":"POST","uri":"/api/purchases","status":201,"request_time":"0.014","upstream":"172.20.0.7:8080","upstream_status":"201","connect_time":"0.000","header_time":"0.014","response_time":"0.014"}
nginx-1       | {"time":"2026-09-09T04:45:23+00:00","msec":"1788929123.689","request_id":"d02a2f266141e2a8934fd31483d1552c","method":"POST","uri":"/api/orders/94e8ed3c-9cc9-460d-a2bd-bcc12f86a59e/payments","status":202,"request_time":"0.009","upstream":"172.20.0.7:8080","upstream_status":"202","connect_time":"0.000","header_time":"0.009","response_time":"0.009"}
nginx-1       | {"time":"2026-09-09T04:45:23+00:00","msec":"1788929123.778","request_id":"e6a357c46a0416fc288c7e702e7b7d9a","method":"POST","uri":"/api/purchases","status":201,"request_time":"0.014","upstream":"172.20.0.7:8080","upstream_status":"201","connect_time":"0.000","header_time":"0.014","response_time":"0.014"}
nginx-1       | {"time":"2026-09-09T04:45:23+00:00","msec":"1788929123.788","request_id":"92ec64e47db8672935166b50fbbe4d37","method":"POST","uri":"/api/orders/63586784-30d5-4ea6-984e-b44a229179df/payments","status":202,"request_time":"0.008","upstream":"172.20.0.7:8080","upstream_status":"202","connect_time":"0.000","header_time":"0.008","response_time":"0.008"}
nginx-1       | {"time":"2026-09-09T04:45:23+00:00","msec":"1788929123.877","request_id":"e0fe6d6162b4cd321a03deafa735f498","method":"POST","uri":"/api/purchases","status":201,"request_time":"0.013","upstream":"172.20.0.7:8080","upstream_status":"201","connect_time":"0.000","header_time":"0.013","response_time":"0.013"}
nginx-1       | {"time":"2026-09-09T04:45:23+00:00","msec":"1788929123.888","request_id":"9d28f4f7a713996d4efac0bfdab1317c","method":"POST","uri":"/api/orders/d6967155-89ef-42ab-88b8-cdbb8217d24f/payments","status":202,"request_time":"0.009","upstream":"172.20.0.7:8080","upstream_status":"202","connect_time":"0.000","header_time":"0.008","response_time":"0.009"}
nginx-1       | {"time":"2026-09-09T04:45:23+00:00","msec":"1788929123.977","request_id":"8c7b664adf1424d48f6796c27a892343","method":"POST","uri":"/api/purchases","status":201,"request_time":"0.014","upstream":"172.20.0.8:8080","upstream_status":"201","connect_time":"0.000","header_time":"0.013","response_time":"0.014"}
nginx-1       | {"time":"2026-09-09T04:45:23+00:00","msec":"1788929123.988","request_id":"8198f4acb7189ad3e0e9e09ee2c166fe","method":"POST","uri":"/api/orders/c3d67639-af37-46de-97a0-cf92e22b86b1/payments","status":202,"request_time":"0.009","upstream":"172.20.0.8:8080","upstream_status":"202","connect_time":"0.000","header_time":"0.008","response_time":"0.008"}
nginx-1       | {"time":"2026-09-09T04:45:24+00:00","msec":"1788929124.075","request_id":"3818f1ed2819eddbd3ce5af7cba506ed","method":"POST","uri":"/api/purchases","status":201,"request_time":"0.011","upstream":"172.20.0.8:8080","upstream_status":"201","connect_time":"0.000","header_time":"0.011","response_time":"0.011"}
nginx-1       | {"time":"2026-09-09T04:45:24+00:00","msec":"1788929124.085","request_id":"d00d1aeab27e69213516fb05521d618d","method":"POST","uri":"/api/orders/93425af4-8725-4d5d-949b-1dac4b703f9d/payments","status":202,"request_time":"0.009","upstream":"172.20.0.7:8080","upstream_status":"202","connect_time":"0.000","header_time":"0.008","response_time":"0.009"}
nginx-1       | {"time":"2026-09-09T04:45:24+00:00","msec":"1788929124.183","request_id":"a56e3ad30c2c71d2a6160e5a8ba9730f","method":"POST","uri":"/api/purchases","status":201,"request_time":"0.019","upstream":"172.20.0.8:8080","upstream_status":"201","connect_time":"0.000","header_time":"0.019","response_time":"0.019"}
nginx-1       | {"time":"2026-09-09T04:45:24+00:00","msec":"1788929124.197","request_id":"9ef26ed7789bd89ebb8fb2229ddb7cb1","method":"POST","uri":"/api/orders/c7a23e48-e695-492e-8e46-8b48d4380d0a/payments","status":202,"request_time":"0.012","upstream":"172.20.0.7:8080","upstream_status":"202","connect_time":"0.000","header_time":"0.011","response_time":"0.011"}
nginx-1       | {"time":"2026-09-09T04:45:24+00:00","msec":"1788929124.282","request_id":"fed656685e65bb3607f4219e95604ff1","method":"POST","uri":"/api/purchases","status":201,"request_time":"0.018","upstream":"172.20.0.7:8080","upstream_status":"201","connect_time":"0.000","header_time":"0.016","response_time":"0.017"}
nginx-1       | {"time":"2026-09-09T04:45:24+00:00","msec":"1788929124.292","request_id":"a4a9ec1bb70d8772a69e5ddac6610751","method":"POST","uri":"/api/orders/1db34121-ac64-490b-b584-ca284332145d/payments","status":202,"request_time":"0.008","upstream":"172.20.0.8:8080","upstream_status":"202","connect_time":"0.000","header_time":"0.008","response_time":"0.008"}
nginx-1       | {"time":"2026-09-09T04:45:24+00:00","msec":"1788929124.381","request_id":"ecdb62881c3ec5a6bb492a01cc3bc400","method":"POST","uri":"/api/purchases","status":201,"request_time":"0.017","upstream":"172.20.0.7:8080","upstream_status":"201","connect_time":"0.000","header_time":"0.016","response_time":"0.017"}
nginx-1       | {"time":"2026-09-09T04:45:24+00:00","msec":"1788929124.392","request_id":"c131f4e41b9bb86186fa69baf82cdff9","method":"POST","uri":"/api/orders/b56f9b29-1b1c-4c2e-9dfb-888eeb23046b/payments","status":202,"request_time":"0.010","upstream":"172.20.0.7:8080","upstream_status":"202","connect_time":"0.000","header_time":"0.008","response_time":"0.009"}
nginx-1       | {"time":"2026-09-09T04:45:24+00:00","msec":"1788929124.485","request_id":"3ba3ebb573f5510b9482e94a7a40abc8","method":"POST","uri":"/api/purchases","status":201,"request_time":"0.021","upstream":"172.20.0.7:8080","upstream_status":"201","connect_time":"0.000","header_time":"0.020","response_time":"0.021"}
nginx-1       | {"time":"2026-09-09T04:45:24+00:00","msec":"1788929124.500","request_id":"6bdf6ad25c9b0cb91f0a4319d2589515","method":"POST","uri":"/api/orders/0e82cc8a-241f-4aa7-ad78-477b95ab9501/payments","status":202,"request_time":"0.012","upstream":"172.20.0.8:8080","upstream_status":"202","connect_time":"0.000","header_time":"0.012","response_time":"0.012"}
nginx-1       | {"time":"2026-09-09T04:45:24+00:00","msec":"1788929124.579","request_id":"9be5f287f1f8de513cd31e3cca2e1ef4","method":"POST","uri":"/api/purchases","status":201,"request_time":"0.015","upstream":"172.20.0.7:8080","upstream_status":"201","connect_time":"0.000","header_time":"0.015","response_time":"0.015"}
nginx-1       | {"time":"2026-09-09T04:45:24+00:00","msec":"1788929124.591","request_id":"6af373cee96b6f5998712c009f40813f","method":"POST","uri":"/api/orders/3a200508-85de-45c6-9892-c3c1231f1a90/payments","status":202,"request_time":"0.010","upstream":"172.20.0.8:8080","upstream_status":"202","connect_time":"0.000","header_time":"0.010","response_time":"0.010"}
nginx-1       | {"time":"2026-09-09T04:45:24+00:00","msec":"1788929124.675","request_id":"a43cb41a1cb6032d0a583fcefa1cfffa","method":"POST","uri":"/api/purchases","status":201,"request_time":"0.011","upstream":"172.20.0.8:8080","upstream_status":"201","connect_time":"0.000","header_time":"0.011","response_time":"0.011"}
nginx-1       | {"time":"2026-09-09T04:45:24+00:00","msec":"1788929124.685","request_id":"8695fa6a6495dea3b087dd37b76924c1","method":"POST","uri":"/api/orders/6912163f-ea71-4b14-b5e5-ec73bf9deee7/payments","status":202,"request_time":"0.008","upstream":"172.20.0.8:8080","upstream_status":"202","connect_time":"0.000","header_time":"0.008","response_time":"0.008"}
nginx-1       | {"time":"2026-09-09T04:45:24+00:00","msec":"1788929124.775","request_id":"919da0d4d83a2546f0ff43be6202d777","method":"POST","uri":"/api/purchases","status":201,"request_time":"0.011","upstream":"172.20.0.8:8080","upstream_status":"201","connect_time":"0.000","header_time":"0.011","response_time":"0.011"}
nginx-1       | {"time":"2026-09-09T04:45:24+00:00","msec":"1788929124.783","request_id":"5946bbdba28217ea7affa8fb88d6da65","method":"POST","uri":"/api/orders/d7faf06f-0ba6-45f5-85c8-7e8608a676a2/payments","status":202,"request_time":"0.006","upstream":"172.20.0.8:8080","upstream_status":"202","connect_time":"0.000","header_time":"0.006","response_time":"0.007"}
nginx-1       | {"time":"2026-09-09T04:45:24+00:00","msec":"1788929124.880","request_id":"90b28fbc13e922512bd4f4c03c06d048","method":"POST","uri":"/api/purchases","status":201,"request_time":"0.016","upstream":"172.20.0.7:8080","upstream_status":"201","connect_time":"0.000","header_time":"0.016","response_time":"0.016"}
nginx-1       | {"time":"2026-09-09T04:45:24+00:00","msec":"1788929124.890","request_id":"f6d52910a152676d84c4172245dd618c","method":"POST","uri":"/api/orders/f1310457-94e3-4c49-b588-5265a6d01cac/payments","status":202,"request_time":"0.008","upstream":"172.20.0.8:8080","upstream_status":"202","connect_time":"0.000","header_time":"0.007","response_time":"0.008"}
nginx-1       | {"time":"2026-09-09T04:45:24+00:00","msec":"1788929124.978","request_id":"e5b3f7ad9b96efd9ce4048c5b6eb1a7e","method":"POST","uri":"/api/purchases","status":201,"request_time":"0.014","upstream":"172.20.0.7:8080","upstream_status":"201","connect_time":"0.000","header_time":"0.014","response_time":"0.014"}
nginx-1       | {"time":"2026-09-09T04:45:24+00:00","msec":"1788929124.988","request_id":"9343504ed75041f1642eed5f4385cbf4","method":"POST","uri":"/api/orders/9bcdc45a-61ac-494c-b397-de289ac00db8/payments","status":202,"request_time":"0.008","upstream":"172.20.0.7:8080","upstream_status":"202","connect_time":"0.000","header_time":"0.007","response_time":"0.008"}
nginx-1       | {"time":"2026-09-09T04:45:25+00:00","msec":"1788929125.077","request_id":"778d25f4b8c8814f1e89011124f1a009","method":"POST","uri":"/api/purchases","status":201,"request_time":"0.013","upstream":"172.20.0.7:8080","upstream_status":"201","connect_time":"0.000","header_time":"0.013","response_time":"0.014"}
nginx-1       | {"time":"2026-09-09T04:45:25+00:00","msec":"1788929125.088","request_id":"6e87e7bf768e5ac54278e921c940a08b","method":"POST","uri":"/api/orders/dd6bc71c-2d58-47d7-94c3-6cbd958c2ef8/payments","status":202,"request_time":"0.009","upstream":"172.20.0.8:8080","upstream_status":"202","connect_time":"0.000","header_time":"0.007","response_time":"0.008"}
nginx-1       | {"time":"2026-09-09T04:45:25+00:00","msec":"1788929125.176","request_id":"a916be0cb3edabacf7ef90008b775940","method":"POST","uri":"/api/purchases","status":201,"request_time":"0.013","upstream":"172.20.0.7:8080","upstream_status":"201","connect_time":"0.000","header_time":"0.011","response_time":"0.012"}
nginx-1       | {"time":"2026-09-09T04:45:25+00:00","msec":"1788929125.185","request_id":"d9b743d8e095510173a05a8ea230dd15","method":"POST","uri":"/api/orders/a1915361-147e-406c-9d47-9e9cacbadf4f/payments","status":202,"request_time":"0.008","upstream":"172.20.0.8:8080","upstream_status":"202","connect_time":"0.000","header_time":"0.008","response_time":"0.009"}
nginx-1       | {"time":"2026-09-09T04:45:25+00:00","msec":"1788929125.284","request_id":"8b3843b3c59f7c2e0f60b5c1ac3cdad0","method":"POST","uri":"/api/purchases","status":201,"request_time":"0.019","upstream":"172.20.0.8:8080","upstream_status":"201","connect_time":"0.000","header_time":"0.018","response_time":"0.019"}
nginx-1       | {"time":"2026-09-09T04:45:25+00:00","msec":"1788929125.299","request_id":"4f8b57db6800974e9cb36a32bf74d047","method":"POST","uri":"/api/orders/67a9bfde-f3fe-4c23-b0ba-f9dd5e0790ab/payments","status":202,"request_time":"0.013","upstream":"172.20.0.7:8080","upstream_status":"202","connect_time":"0.000","header_time":"0.013","response_time":"0.013"}
nginx-1       | {"time":"2026-09-09T04:45:25+00:00","msec":"1788929125.377","request_id":"b3559cec5353b18518c4038caad6e7b4","method":"POST","uri":"/api/purchases","status":201,"request_time":"0.013","upstream":"172.20.0.8:8080","upstream_status":"201","connect_time":"0.000","header_time":"0.013","response_time":"0.013"}
nginx-1       | {"time":"2026-09-09T04:45:25+00:00","msec":"1788929125.387","request_id":"8edf9db7b6007275f33fc4574ecdedbf","method":"POST","uri":"/api/orders/5e54b644-aa85-4db8-b2d3-07bfd8c888e2/payments","status":202,"request_time":"0.009","upstream":"172.20.0.7:8080","upstream_status":"202","connect_time":"0.000","header_time":"0.008","response_time":"0.009"}
nginx-1       | {"time":"2026-09-09T04:45:25+00:00","msec":"1788929125.479","request_id":"321eb762cef46ed8f748b9a8ed2a3cac","method":"POST","uri":"/api/purchases","status":201,"request_time":"0.015","upstream":"172.20.0.7:8080","upstream_status":"201","connect_time":"0.000","header_time":"0.015","response_time":"0.015"}
nginx-1       | {"time":"2026-09-09T04:45:25+00:00","msec":"1788929125.489","request_id":"83023b35abd41c45fa03a96f3c2cb89c","method":"POST","uri":"/api/orders/e33d12bd-0e84-46d9-93b6-4c111271421c/payments","status":202,"request_time":"0.008","upstream":"172.20.0.7:8080","upstream_status":"202","connect_time":"0.000","header_time":"0.007","response_time":"0.008"}
nginx-1       | {"time":"2026-09-09T04:45:25+00:00","msec":"1788929125.583","request_id":"3be6151c9a5884045d7d27263cc2d8c4","method":"POST","uri":"/api/purchases","status":201,"request_time":"0.018","upstream":"172.20.0.7:8080","upstream_status":"201","connect_time":"0.000","header_time":"0.018","response_time":"0.018"}
nginx-1       | {"time":"2026-09-09T04:45:25+00:00","msec":"1788929125.595","request_id":"b217f77a7ab8432ac66089d8fc194fad","method":"POST","uri":"/api/orders/6196f197-70db-4a58-b2c4-12e534e35a1e/payments","status":202,"request_time":"0.010","upstream":"172.20.0.8:8080","upstream_status":"202","connect_time":"0.000","header_time":"0.010","response_time":"0.010"}
nginx-1       | {"time":"2026-09-09T04:45:25+00:00","msec":"1788929125.676","request_id":"cd04c5feb1114f3d46b3c3e658041688","method":"POST","uri":"/api/purchases","status":201,"request_time":"0.012","upstream":"172.20.0.8:8080","upstream_status":"201","connect_time":"0.000","header_time":"0.011","response_time":"0.012"}
nginx-1       | {"time":"2026-09-09T04:45:25+00:00","msec":"1788929125.685","request_id":"7c9495715483914aaba036b8afc12f19","method":"POST","uri":"/api/orders/8f5613e2-fb47-47e5-9318-6537ff14ce1b/payments","status":202,"request_time":"0.008","upstream":"172.20.0.7:8080","upstream_status":"202","connect_time":"0.000","header_time":"0.008","response_time":"0.008"}
nginx-1       | {"time":"2026-09-09T04:45:25+00:00","msec":"1788929125.775","request_id":"d05a04bbf9a2ff58252f589b914c1983","method":"POST","uri":"/api/purchases","status":201,"request_time":"0.012","upstream":"172.20.0.7:8080","upstream_status":"201","connect_time":"0.000","header_time":"0.012","response_time":"0.012"}
nginx-1       | {"time":"2026-09-09T04:45:25+00:00","msec":"1788929125.784","request_id":"a1063089528f8ffb1a07f2746e915f6f","method":"POST","uri":"/api/orders/214f8cfe-6dd5-495a-9e9c-aa326e51aba9/payments","status":202,"request_time":"0.007","upstream":"172.20.0.7:8080","upstream_status":"202","connect_time":"0.000","header_time":"0.007","response_time":"0.007"}
nginx-1       | {"time":"2026-09-09T04:45:25+00:00","msec":"1788929125.878","request_id":"41ed14dbf0a190ef3cce60f620ef7fd4","method":"POST","uri":"/api/purchases","status":201,"request_time":"0.014","upstream":"172.20.0.7:8080","upstream_status":"201","connect_time":"0.000","header_time":"0.014","response_time":"0.014"}
nginx-1       | {"time":"2026-09-09T04:45:25+00:00","msec":"1788929125.889","request_id":"729cb3d5d7b130230bb15af88ae9b7f1","method":"POST","uri":"/api/orders/3d261ff1-f424-4392-b52e-7db30c3c2439/payments","status":202,"request_time":"0.009","upstream":"172.20.0.7:8080","upstream_status":"202","connect_time":"0.000","header_time":"0.009","response_time":"0.009"}
nginx-1       | {"time":"2026-09-09T04:45:25+00:00","msec":"1788929125.977","request_id":"21c2692be1db3449537d7ee3f1c135fc","method":"POST","uri":"/api/purchases","status":201,"request_time":"0.013","upstream":"172.20.0.8:8080","upstream_status":"201","connect_time":"0.000","header_time":"0.013","response_time":"0.013"}
nginx-1       | {"time":"2026-09-09T04:45:25+00:00","msec":"1788929125.986","request_id":"302eff7d9f50032f21c7f8634299309d","method":"POST","uri":"/api/orders/bbbbe9d2-6c0f-443b-b2c5-4adc2a03ce85/payments","status":202,"request_time":"0.007","upstream":"172.20.0.7:8080","upstream_status":"202","connect_time":"0.000","header_time":"0.007","response_time":"0.008"}
nginx-1       | {"time":"2026-09-09T04:45:26+00:00","msec":"1788929126.077","request_id":"e46cdfbb453249f0ab2f7b22abbbcd1d","method":"POST","uri":"/api/purchases","status":201,"request_time":"0.013","upstream":"172.20.0.7:8080","upstream_status":"201","connect_time":"0.000","header_time":"0.013","response_time":"0.013"}
nginx-1       | {"time":"2026-09-09T04:45:26+00:00","msec":"1788929126.085","request_id":"25bd1ab10a3a48745fcfcd2528c858f7","method":"POST","uri":"/api/orders/7b5d201b-2448-4e48-9afd-4a85a2deaf6a/payments","status":202,"request_time":"0.006","upstream":"172.20.0.7:8080","upstream_status":"202","connect_time":"0.000","header_time":"0.006","response_time":"0.007"}
nginx-1       | {"time":"2026-09-09T04:45:26+00:00","msec":"1788929126.176","request_id":"26974f26df4893538ca2d8df726168f8","method":"POST","uri":"/api/purchases","status":201,"request_time":"0.012","upstream":"172.20.0.8:8080","upstream_status":"201","connect_time":"0.000","header_time":"0.012","response_time":"0.013"}
nginx-1       | {"time":"2026-09-09T04:45:26+00:00","msec":"1788929126.186","request_id":"a30fdb5e75e373235bff4b6e29aee9b4","method":"POST","uri":"/api/orders/d2ce5820-7b50-4934-b1fe-f4d5ab87998d/payments","status":202,"request_time":"0.008","upstream":"172.20.0.8:8080","upstream_status":"202","connect_time":"0.000","header_time":"0.007","response_time":"0.008"}
nginx-1       | {"time":"2026-09-09T04:45:26+00:00","msec":"1788929126.276","request_id":"9c0ed3ea49e6d8dd4d95719afca0cd11","method":"POST","uri":"/api/purchases","status":201,"request_time":"0.012","upstream":"172.20.0.8:8080","upstream_status":"201","connect_time":"0.000","header_time":"0.011","response_time":"0.012"}
nginx-1       | {"time":"2026-09-09T04:45:26+00:00","msec":"1788929126.286","request_id":"5ed760cd28c2f2128ce55171ded317ea","method":"POST","uri":"/api/orders/2f8d2ad9-ca3f-455b-8800-e9a616bf0c6b/payments","status":202,"request_time":"0.009","upstream":"172.20.0.7:8080","upstream_status":"202","connect_time":"0.000","header_time":"0.008","response_time":"0.008"}
nginx-1       | {"time":"2026-09-09T04:45:26+00:00","msec":"1788929126.375","request_id":"2c6f9fd290134c366c87602a7677b724","method":"POST","uri":"/api/purchases","status":201,"request_time":"0.012","upstream":"172.20.0.8:8080","upstream_status":"201","connect_time":"0.000","header_time":"0.011","response_time":"0.011"}
nginx-1       | {"time":"2026-09-09T04:45:26+00:00","msec":"1788929126.384","request_id":"7046460fa5b08a7d76cf2b3bb529592e","method":"POST","uri":"/api/orders/12af97d7-efa1-4a92-a61c-a3709784b2b2/payments","status":202,"request_time":"0.008","upstream":"172.20.0.7:8080","upstream_status":"202","connect_time":"0.000","header_time":"0.007","response_time":"0.007"}
nginx-1       | {"time":"2026-09-09T04:45:26+00:00","msec":"1788929126.479","request_id":"4555aed7e7a94f26c4cc6263671e04e1","method":"POST","uri":"/api/purchases","status":201,"request_time":"0.016","upstream":"172.20.0.7:8080","upstream_status":"201","connect_time":"0.000","header_time":"0.014","response_time":"0.015"}
nginx-1       | {"time":"2026-09-09T04:45:26+00:00","msec":"1788929126.490","request_id":"222dbfd5f94d6adb03dae71d8208a7aa","method":"POST","uri":"/api/orders/8b0169dc-05d0-4107-86e6-48a5dc7918fc/payments","status":202,"request_time":"0.009","upstream":"172.20.0.7:8080","upstream_status":"202","connect_time":"0.000","header_time":"0.009","response_time":"0.009"}
nginx-1       | {"time":"2026-09-09T04:45:26+00:00","msec":"1788929126.588","request_id":"c327bb10ad3096632210307ad85f5275","method":"POST","uri":"/api/purchases","status":201,"request_time":"0.024","upstream":"172.20.0.7:8080","upstream_status":"201","connect_time":"0.000","header_time":"0.023","response_time":"0.024"}
nginx-1       | {"time":"2026-09-09T04:45:26+00:00","msec":"1788929126.601","request_id":"f0c356d6f0f3777337f94607b733842f","method":"POST","uri":"/api/orders/e17c40c7-87ee-476c-acf7-0ff6b7a67248/payments","status":202,"request_time":"0.011","upstream":"172.20.0.7:8080","upstream_status":"202","connect_time":"0.000","header_time":"0.011","response_time":"0.012"}
nginx-1       | {"time":"2026-09-09T04:45:26+00:00","msec":"1788929126.677","request_id":"da050d385bf8b6f02a1265f426b230f4","method":"POST","uri":"/api/purchases","status":201,"request_time":"0.013","upstream":"172.20.0.8:8080","upstream_status":"201","connect_time":"0.000","header_time":"0.012","response_time":"0.013"}
nginx-1       | {"time":"2026-09-09T04:45:26+00:00","msec":"1788929126.688","request_id":"49e5a59b9b77147c4b9b9de6f5b36838","method":"POST","uri":"/api/orders/b09d41f6-6d3e-4361-8262-b816394ec7f7/payments","status":202,"request_time":"0.010","upstream":"172.20.0.8:8080","upstream_status":"202","connect_time":"0.000","header_time":"0.010","response_time":"0.010"}
nginx-1       | {"time":"2026-09-09T04:45:26+00:00","msec":"1788929126.775","request_id":"16204911fc7eb2b075df713184064ee0","method":"POST","uri":"/api/purchases","status":201,"request_time":"0.012","upstream":"172.20.0.8:8080","upstream_status":"201","connect_time":"0.000","header_time":"0.012","response_time":"0.013"}
nginx-1       | {"time":"2026-09-09T04:45:26+00:00","msec":"1788929126.785","request_id":"d861d875cc818984eeda0af9ba055d0d","method":"POST","uri":"/api/orders/8429434f-d6ce-44d2-b5a1-ea8dc66ce492/payments","status":202,"request_time":"0.008","upstream":"172.20.0.7:8080","upstream_status":"202","connect_time":"0.000","header_time":"0.008","response_time":"0.008"}
nginx-1       | {"time":"2026-09-09T04:45:26+00:00","msec":"1788929126.875","request_id":"71b092563d4fb5ab7436c942744ebe0e","method":"POST","uri":"/api/purchases","status":201,"request_time":"0.011","upstream":"172.20.0.7:8080","upstream_status":"201","connect_time":"0.000","header_time":"0.011","response_time":"0.011"}
nginx-1       | {"time":"2026-09-09T04:45:26+00:00","msec":"1788929126.884","request_id":"41734d1ca455366a4b0dc21369260427","method":"POST","uri":"/api/orders/f3ca4b72-5dca-49a9-a410-203e8a369884/payments","status":202,"request_time":"0.007","upstream":"172.20.0.7:8080","upstream_status":"202","connect_time":"0.000","header_time":"0.007","response_time":"0.007"}
nginx-1       | {"time":"2026-09-09T04:45:26+00:00","msec":"1788929126.977","request_id":"c80e30143d86b8cbe39cb1228fbd7212","method":"POST","uri":"/api/purchases","status":201,"request_time":"0.013","upstream":"172.20.0.8:8080","upstream_status":"201","connect_time":"0.000","header_time":"0.013","response_time":"0.013"}
nginx-1       | {"time":"2026-09-09T04:45:26+00:00","msec":"1788929126.986","request_id":"5fc2c3401672fd2f4e292b742820ad3f","method":"POST","uri":"/api/orders/9df0d7f3-d2ff-4fc8-8ded-79118bbb5092/payments","status":202,"request_time":"0.007","upstream":"172.20.0.8:8080","upstream_status":"202","connect_time":"0.000","header_time":"0.007","response_time":"0.008"}
nginx-1       | {"time":"2026-09-09T04:45:27+00:00","msec":"1788929127.075","request_id":"cab6cae055841e518a18c6b28fa8cf85","method":"POST","uri":"/api/purchases","status":201,"request_time":"0.011","upstream":"172.20.0.8:8080","upstream_status":"201","connect_time":"0.000","header_time":"0.011","response_time":"0.011"}
nginx-1       | {"time":"2026-09-09T04:45:27+00:00","msec":"1788929127.084","request_id":"be75a771b9246091ebc5900522686654","method":"POST","uri":"/api/orders/fb98e0d2-6eec-4069-a87b-3c288c1ecead/payments","status":202,"request_time":"0.007","upstream":"172.20.0.7:8080","upstream_status":"202","connect_time":"0.000","header_time":"0.007","response_time":"0.007"}
nginx-1       | {"time":"2026-09-09T04:45:27+00:00","msec":"1788929127.176","request_id":"f4c7cfa24431af27dacd3760aa4e41d0","method":"POST","uri":"/api/purchases","status":201,"request_time":"0.012","upstream":"172.20.0.7:8080","upstream_status":"201","connect_time":"0.000","header_time":"0.012","response_time":"0.012"}
nginx-1       | {"time":"2026-09-09T04:45:27+00:00","msec":"1788929127.185","request_id":"074beb9b8cd4e41278415f2a1e951fd8","method":"POST","uri":"/api/orders/d75b526c-b82c-486d-b541-af665a100972/payments","status":202,"request_time":"0.007","upstream":"172.20.0.7:8080","upstream_status":"202","connect_time":"0.000","header_time":"0.007","response_time":"0.007"}
nginx-1       | {"time":"2026-09-09T04:45:27+00:00","msec":"1788929127.277","request_id":"69b97949bd34f2cbc03d9fe5a83a3dc3","method":"POST","uri":"/api/purchases","status":201,"request_time":"0.014","upstream":"172.20.0.8:8080","upstream_status":"201","connect_time":"0.000","header_time":"0.014","response_time":"0.015"}
nginx-1       | {"time":"2026-09-09T04:45:27+00:00","msec":"1788929127.290","request_id":"89d465ad97a6911413cfa754b043db9e","method":"POST","uri":"/api/orders/9f0c419c-456b-402f-a2e4-7cb644dc7791/payments","status":202,"request_time":"0.011","upstream":"172.20.0.8:8080","upstream_status":"202","connect_time":"0.000","header_time":"0.011","response_time":"0.011"}
nginx-1       | {"time":"2026-09-09T04:45:27+00:00","msec":"1788929127.377","request_id":"3a1ad6c4e14a86a786df7ae61496374e","method":"POST","uri":"/api/purchases","status":201,"request_time":"0.014","upstream":"172.20.0.7:8080","upstream_status":"201","connect_time":"0.000","header_time":"0.014","response_time":"0.015"}
nginx-1       | {"time":"2026-09-09T04:45:27+00:00","msec":"1788929127.388","request_id":"cbc0664dfcd19f58e003f99882acc516","method":"POST","uri":"/api/orders/2e44fc59-6445-45b8-84c8-23e5a7d7fe32/payments","status":202,"request_time":"0.009","upstream":"172.20.0.7:8080","upstream_status":"202","connect_time":"0.000","header_time":"0.009","response_time":"0.010"}
nginx-1       | {"time":"2026-09-09T04:45:27+00:00","msec":"1788929127.476","request_id":"b6281f7df2f5bd57c552fd1030903db5","method":"POST","uri":"/api/purchases","status":201,"request_time":"0.012","upstream":"172.20.0.8:8080","upstream_status":"201","connect_time":"0.000","header_time":"0.012","response_time":"0.012"}
nginx-1       | {"time":"2026-09-09T04:45:27+00:00","msec":"1788929127.484","request_id":"8cf4744e3ad5f781d9837ea57e630501","method":"POST","uri":"/api/orders/d2966e2d-b8bc-4222-b21d-954709acd143/payments","status":202,"request_time":"0.007","upstream":"172.20.0.8:8080","upstream_status":"202","connect_time":"0.000","header_time":"0.006","response_time":"0.007"}
nginx-1       | {"time":"2026-09-09T04:45:27+00:00","msec":"1788929127.577","request_id":"05809ba1305eeaf45afc6addf14bd2e3","method":"POST","uri":"/api/purchases","status":201,"request_time":"0.013","upstream":"172.20.0.8:8080","upstream_status":"201","connect_time":"0.000","header_time":"0.012","response_time":"0.013"}
nginx-1       | {"time":"2026-09-09T04:45:27+00:00","msec":"1788929127.587","request_id":"7bebc6bca8740c0d77d9de0be8acb78a","method":"POST","uri":"/api/orders/9803d0ff-b357-4839-a2c5-a09b5b428869/payments","status":202,"request_time":"0.009","upstream":"172.20.0.8:8080","upstream_status":"202","connect_time":"0.000","header_time":"0.009","response_time":"0.009"}
nginx-1       | {"time":"2026-09-09T04:45:27+00:00","msec":"1788929127.681","request_id":"38ca4020c866dee814024a7757b6256a","method":"POST","uri":"/api/purchases","status":201,"request_time":"0.017","upstream":"172.20.0.8:8080","upstream_status":"201","connect_time":"0.000","header_time":"0.017","response_time":"0.017"}
nginx-1       | {"time":"2026-09-09T04:45:27+00:00","msec":"1788929127.693","request_id":"f7e5f0c33d8b0e33ccb493ceb13e555e","method":"POST","uri":"/api/orders/a707f5b3-8505-4572-8f93-28811f63c4ed/payments","status":202,"request_time":"0.010","upstream":"172.20.0.8:8080","upstream_status":"202","connect_time":"0.000","header_time":"0.009","response_time":"0.010"}
nginx-1       | {"time":"2026-09-09T04:45:27+00:00","msec":"1788929127.786","request_id":"43a18b69bcc442166db75f226b58d6b2","method":"POST","uri":"/api/purchases","status":201,"request_time":"0.022","upstream":"172.20.0.7:8080","upstream_status":"201","connect_time":"0.000","header_time":"0.021","response_time":"0.021"}
nginx-1       | {"time":"2026-09-09T04:45:27+00:00","msec":"1788929127.798","request_id":"09902fb4ffac9849b090c8c65129dd7d","method":"POST","uri":"/api/orders/d6bb4f2b-21c2-49b2-9354-f0507cdee9f8/payments","status":202,"request_time":"0.010","upstream":"172.20.0.7:8080","upstream_status":"202","connect_time":"0.000","header_time":"0.010","response_time":"0.010"}
nginx-1       | {"time":"2026-09-09T04:45:27+00:00","msec":"1788929127.874","request_id":"0c2db85598e034b473a9a386122f3b2d","method":"POST","uri":"/api/purchases","status":201,"request_time":"0.010","upstream":"172.20.0.8:8080","upstream_status":"201","connect_time":"0.000","header_time":"0.010","response_time":"0.010"}
nginx-1       | {"time":"2026-09-09T04:45:27+00:00","msec":"1788929127.883","request_id":"a56365fa6b024b5923f8b6bcf31ccc18","method":"POST","uri":"/api/orders/b58453f8-3398-472b-b2c5-48c584d51ed4/payments","status":202,"request_time":"0.007","upstream":"172.20.0.8:8080","upstream_status":"202","connect_time":"0.000","header_time":"0.007","response_time":"0.007"}
nginx-1       | {"time":"2026-09-09T04:45:27+00:00","msec":"1788929127.974","request_id":"5ceabafe0e2be86cc1498eb6222e1e36","method":"POST","uri":"/api/purchases","status":201,"request_time":"0.012","upstream":"172.20.0.8:8080","upstream_status":"201","connect_time":"0.000","header_time":"0.011","response_time":"0.011"}
nginx-1       | {"time":"2026-09-09T04:45:27+00:00","msec":"1788929127.983","request_id":"f6e47a64b97d89f33ced373253509aa8","method":"POST","uri":"/api/orders/02e05c81-c7c0-4698-a775-4f5ddf278671/payments","status":202,"request_time":"0.007","upstream":"172.20.0.8:8080","upstream_status":"202","connect_time":"0.000","header_time":"0.007","response_time":"0.007"}
nginx-1       | {"time":"2026-09-09T04:45:28+00:00","msec":"1788929128.073","request_id":"e34b1034430dad82d0f180c56918b8da","method":"POST","uri":"/api/purchases","status":201,"request_time":"0.011","upstream":"172.20.0.8:8080","upstream_status":"201","connect_time":"0.000","header_time":"0.010","response_time":"0.010"}
nginx-1       | {"time":"2026-09-09T04:45:28+00:00","msec":"1788929128.082","request_id":"0d7ec211254f1decf25cc7591b1b2eec","method":"POST","uri":"/api/orders/5e59bc3d-c8c6-4744-bf99-5159c05351b2/payments","status":202,"request_time":"0.008","upstream":"172.20.0.7:8080","upstream_status":"202","connect_time":"0.000","header_time":"0.007","response_time":"0.008"}
nginx-1       | {"time":"2026-09-09T04:45:28+00:00","msec":"1788929128.175","request_id":"7cc4e6665b44a02e3e271b3bb6ddc5ac","method":"POST","uri":"/api/purchases","status":201,"request_time":"0.013","upstream":"172.20.0.7:8080","upstream_status":"201","connect_time":"0.000","header_time":"0.012","response_time":"0.012"}
nginx-1       | {"time":"2026-09-09T04:45:28+00:00","msec":"1788929128.184","request_id":"aa681faf727abff2d19d1801c25a6665","method":"POST","uri":"/api/orders/30e4bd98-0983-4129-8c8e-580283fa9aee/payments","status":202,"request_time":"0.007","upstream":"172.20.0.7:8080","upstream_status":"202","connect_time":"0.000","header_time":"0.007","response_time":"0.008"}
nginx-1       | {"time":"2026-09-09T04:45:28+00:00","msec":"1788929128.274","request_id":"d9e9244b5e75274e7c9b8ff8d12a40ac","method":"POST","uri":"/api/purchases","status":201,"request_time":"0.011","upstream":"172.20.0.7:8080","upstream_status":"201","connect_time":"0.000","header_time":"0.011","response_time":"0.012"}
nginx-1       | {"time":"2026-09-09T04:45:28+00:00","msec":"1788929128.285","request_id":"ff82b1a5810d333dcd9aba1f6325bf61","method":"POST","uri":"/api/orders/22f219ec-2ab9-47c0-ab8d-1f4251fb1a72/payments","status":202,"request_time":"0.009","upstream":"172.20.0.7:8080","upstream_status":"202","connect_time":"0.000","header_time":"0.009","response_time":"0.009"}
nginx-1       | {"time":"2026-09-09T04:45:28+00:00","msec":"1788929128.374","request_id":"cbdb7ce160d95c6b3167f7fad1e469d9","method":"POST","uri":"/api/purchases","status":201,"request_time":"0.011","upstream":"172.20.0.8:8080","upstream_status":"201","connect_time":"0.000","header_time":"0.011","response_time":"0.011"}
nginx-1       | {"time":"2026-09-09T04:45:28+00:00","msec":"1788929128.382","request_id":"31d8f882748aa6f5bf38efa4b5ebaeab","method":"POST","uri":"/api/orders/5ac7da35-9e8d-4624-9a9e-6f5970f7f767/payments","status":202,"request_time":"0.007","upstream":"172.20.0.8:8080","upstream_status":"202","connect_time":"0.000","header_time":"0.006","response_time":"0.007"}
nginx-1       | {"time":"2026-09-09T04:45:28+00:00","msec":"1788929128.475","request_id":"7121416fff91b7b576f5731ee2cfd918","method":"POST","uri":"/api/purchases","status":201,"request_time":"0.012","upstream":"172.20.0.8:8080","upstream_status":"201","connect_time":"0.000","header_time":"0.012","response_time":"0.013"}
nginx-1       | {"time":"2026-09-09T04:45:28+00:00","msec":"1788929128.485","request_id":"4a957bbf51d91dfe458d889fabdcf4cc","method":"POST","uri":"/api/orders/b2c60912-8433-498b-a2e4-4ccfbc72fbde/payments","status":202,"request_time":"0.008","upstream":"172.20.0.7:8080","upstream_status":"202","connect_time":"0.000","header_time":"0.009","response_time":"0.009"}
nginx-1       | {"time":"2026-09-09T04:45:28+00:00","msec":"1788929128.640","request_id":"fd16f8dc572095914e08a2e3e1f4e5a6","method":"POST","uri":"/api/purchases","status":201,"request_time":"0.077","upstream":"172.20.0.7:8080","upstream_status":"201","connect_time":"0.000","header_time":"0.077","response_time":"0.077"}
nginx-1       | {"time":"2026-09-09T04:45:28+00:00","msec":"1788929128.650","request_id":"3bd5a48eb77437b551b5ebf25ed02728","method":"POST","uri":"/api/orders/450b367f-950b-4230-83e2-57b546b296c0/payments","status":202,"request_time":"0.008","upstream":"172.20.0.8:8080","upstream_status":"202","connect_time":"0.000","header_time":"0.008","response_time":"0.008"}
nginx-1       | {"time":"2026-09-09T04:45:28+00:00","msec":"1788929128.674","request_id":"03e8e3da67d9cbff70d891b94c978f1c","method":"POST","uri":"/api/purchases","status":201,"request_time":"0.012","upstream":"172.20.0.7:8080","upstream_status":"201","connect_time":"0.000","header_time":"0.011","response_time":"0.011"}
nginx-1       | {"time":"2026-09-09T04:45:28+00:00","msec":"1788929128.684","request_id":"9739e2ae4b678280191276f7841229de","method":"POST","uri":"/api/orders/f6b7cebc-8fb8-49c7-9aad-135913323bb7/payments","status":202,"request_time":"0.008","upstream":"172.20.0.8:8080","upstream_status":"202","connect_time":"0.000","header_time":"0.008","response_time":"0.009"}
nginx-1       | {"time":"2026-09-09T04:45:28+00:00","msec":"1788929128.776","request_id":"68e5f4c8aa4586654c235e997fcd8308","method":"POST","uri":"/api/purchases","status":201,"request_time":"0.014","upstream":"172.20.0.7:8080","upstream_status":"201","connect_time":"0.000","header_time":"0.014","response_time":"0.014"}
nginx-1       | {"time":"2026-09-09T04:45:28+00:00","msec":"1788929128.788","request_id":"fe92cb06eccfe1c65d35ecd2bb2d9769","method":"POST","uri":"/api/orders/01b1ef04-b123-4eaa-8218-bbad28a71b70/payments","status":202,"request_time":"0.010","upstream":"172.20.0.7:8080","upstream_status":"202","connect_time":"0.000","header_time":"0.009","response_time":"0.009"}
nginx-1       | {"time":"2026-09-09T04:45:28+00:00","msec":"1788929128.877","request_id":"c0c8e7768c00c75faff640cde021d1d4","method":"POST","uri":"/api/purchases","status":201,"request_time":"0.015","upstream":"172.20.0.8:8080","upstream_status":"201","connect_time":"0.000","header_time":"0.014","response_time":"0.014"}
nginx-1       | {"time":"2026-09-09T04:45:28+00:00","msec":"1788929128.888","request_id":"e82e7cdcdfbb37c592fb2a98ce76afac","method":"POST","uri":"/api/orders/7c548c23-1b03-4b06-890b-e78c8154da38/payments","status":202,"request_time":"0.009","upstream":"172.20.0.8:8080","upstream_status":"202","connect_time":"0.000","header_time":"0.009","response_time":"0.009"}
nginx-1       | {"time":"2026-09-09T04:45:28+00:00","msec":"1788929128.974","request_id":"e1225d47a2e2e3533c9a9a07d70c7662","method":"POST","uri":"/api/purchases","status":201,"request_time":"0.012","upstream":"172.20.0.8:8080","upstream_status":"201","connect_time":"0.000","header_time":"0.011","response_time":"0.011"}
nginx-1       | {"time":"2026-09-09T04:45:28+00:00","msec":"1788929128.984","request_id":"6b0e942dd4eb3717f57de37b9bb2ec8c","method":"POST","uri":"/api/orders/1890f3dc-908c-4c0e-8dfa-f88d2f0c9c6a/payments","status":202,"request_time":"0.009","upstream":"172.20.0.7:8080","upstream_status":"202","connect_time":"0.000","header_time":"0.007","response_time":"0.008"}
nginx-1       | {"time":"2026-09-09T04:45:29+00:00","msec":"1788929129.072","request_id":"95e8d7b2fd97de028019ff0906d83b4a","method":"POST","uri":"/api/purchases","status":201,"request_time":"0.010","upstream":"172.20.0.8:8080","upstream_status":"201","connect_time":"0.000","header_time":"0.009","response_time":"0.010"}
nginx-1       | {"time":"2026-09-09T04:45:29+00:00","msec":"1788929129.081","request_id":"e6201b3260223452220cf47199ecc58a","method":"POST","uri":"/api/orders/097a6a57-8fec-4c7c-89ab-6ddf9c613dfa/payments","status":202,"request_time":"0.007","upstream":"172.20.0.8:8080","upstream_status":"202","connect_time":"0.000","header_time":"0.007","response_time":"0.007"}
nginx-1       | {"time":"2026-09-09T04:45:29+00:00","msec":"1788929129.174","request_id":"ea12383db168bb755fd39204294c6161","method":"POST","uri":"/api/purchases","status":201,"request_time":"0.012","upstream":"172.20.0.7:8080","upstream_status":"201","connect_time":"0.000","header_time":"0.012","response_time":"0.012"}
nginx-1       | {"time":"2026-09-09T04:45:29+00:00","msec":"1788929129.183","request_id":"6ca8aab0b48e90c3997a58dea228a68f","method":"POST","uri":"/api/orders/d7a112d1-bdce-47dc-b251-3156188b19de/payments","status":202,"request_time":"0.007","upstream":"172.20.0.7:8080","upstream_status":"202","connect_time":"0.000","header_time":"0.007","response_time":"0.007"}
nginx-1       | {"time":"2026-09-09T04:45:29+00:00","msec":"1788929129.274","request_id":"721e248a4e55282b0755d4c0a47d2f15","method":"POST","uri":"/api/purchases","status":201,"request_time":"0.012","upstream":"172.20.0.7:8080","upstream_status":"201","connect_time":"0.000","header_time":"0.011","response_time":"0.011"}
nginx-1       | {"time":"2026-09-09T04:45:29+00:00","msec":"1788929129.282","request_id":"627fe99f1507df6a311e8a687483f7ac","method":"POST","uri":"/api/orders/b08d094c-3421-4f09-8f53-a380e607bcfd/payments","status":202,"request_time":"0.006","upstream":"172.20.0.7:8080","upstream_status":"202","connect_time":"0.000","header_time":"0.006","response_time":"0.007"}
nginx-1       | {"time":"2026-09-09T04:45:29+00:00","msec":"1788929129.375","request_id":"31308437d8037b2204aec9af046758e0","method":"POST","uri":"/api/purchases","status":201,"request_time":"0.012","upstream":"172.20.0.7:8080","upstream_status":"201","connect_time":"0.000","header_time":"0.012","response_time":"0.012"}
nginx-1       | {"time":"2026-09-09T04:45:29+00:00","msec":"1788929129.384","request_id":"55672cc2c2f748fd2e7de302481d2e26","method":"POST","uri":"/api/orders/3ca0c016-d24e-470d-aa90-5d2ebaf9174a/payments","status":202,"request_time":"0.007","upstream":"172.20.0.8:8080","upstream_status":"202","connect_time":"0.000","header_time":"0.008","response_time":"0.008"}
nginx-1       | {"time":"2026-09-09T04:45:29+00:00","msec":"1788929129.475","request_id":"a0f6bd68bb911be80cf0194e6a68708c","method":"POST","uri":"/api/purchases","status":201,"request_time":"0.012","upstream":"172.20.0.8:8080","upstream_status":"201","connect_time":"0.000","header_time":"0.011","response_time":"0.012"}
nginx-1       | {"time":"2026-09-09T04:45:29+00:00","msec":"1788929129.484","request_id":"bf0e747140422f9ae61c13683f61e1d9","method":"POST","uri":"/api/orders/ce2fe34d-4e52-44a3-9ab8-02b9d1141be1/payments","status":202,"request_time":"0.007","upstream":"172.20.0.7:8080","upstream_status":"202","connect_time":"0.000","header_time":"0.007","response_time":"0.007"}
nginx-1       | {"time":"2026-09-09T04:45:29+00:00","msec":"1788929129.576","request_id":"8bb63c888d0beb9e969cd5f966d41d01","method":"POST","uri":"/api/purchases","status":201,"request_time":"0.013","upstream":"172.20.0.8:8080","upstream_status":"201","connect_time":"0.000","header_time":"0.014","response_time":"0.014"}
nginx-1       | {"time":"2026-09-09T04:45:29+00:00","msec":"1788929129.587","request_id":"9093d02acc4d32e584a576b8cbc297be","method":"POST","uri":"/api/orders/632411d6-0cdd-4dcb-a7ac-caee6baf64bc/payments","status":202,"request_time":"0.008","upstream":"172.20.0.7:8080","upstream_status":"202","connect_time":"0.000","header_time":"0.008","response_time":"0.009"}
nginx-1       | {"time":"2026-09-09T04:45:29+00:00","msec":"1788929129.676","request_id":"3c41a76c98ee115840d12db8f880ff15","method":"POST","uri":"/api/purchases","status":201,"request_time":"0.013","upstream":"172.20.0.8:8080","upstream_status":"201","connect_time":"0.000","header_time":"0.012","response_time":"0.013"}
nginx-1       | {"time":"2026-09-09T04:45:29+00:00","msec":"1788929129.690","request_id":"6c52cde89a85477f2c3c1ae33e3a209a","method":"POST","uri":"/api/orders/38ce01e1-0e19-4365-805e-f4e200d4263e/payments","status":202,"request_time":"0.011","upstream":"172.20.0.7:8080","upstream_status":"202","connect_time":"0.000","header_time":"0.010","response_time":"0.011"}
nginx-1       | {"time":"2026-09-09T04:45:29+00:00","msec":"1788929129.774","request_id":"5685c27179d4950c323a74ea48bf0714","method":"POST","uri":"/api/purchases","status":201,"request_time":"0.012","upstream":"172.20.0.7:8080","upstream_status":"201","connect_time":"0.000","header_time":"0.012","response_time":"0.013"}
nginx-1       | {"time":"2026-09-09T04:45:29+00:00","msec":"1788929129.783","request_id":"8e7df32768d866175eee475dd8c41f7b","method":"POST","uri":"/api/orders/30b76ff3-8121-4e54-b047-e283bcb1b45d/payments","status":202,"request_time":"0.007","upstream":"172.20.0.8:8080","upstream_status":"202","connect_time":"0.000","header_time":"0.007","response_time":"0.007"}
nginx-1       | {"time":"2026-09-09T04:45:29+00:00","msec":"1788929129.875","request_id":"7e0fea0adefcd518850f9061411a0e9e","method":"POST","uri":"/api/purchases","status":201,"request_time":"0.012","upstream":"172.20.0.7:8080","upstream_status":"201","connect_time":"0.000","header_time":"0.012","response_time":"0.013"}
nginx-1       | {"time":"2026-09-09T04:45:29+00:00","msec":"1788929129.886","request_id":"c890270022cce507e34b15dd19b765a5","method":"POST","uri":"/api/orders/e7a2492d-636a-4b0f-9a8f-69382407c38c/payments","status":202,"request_time":"0.009","upstream":"172.20.0.7:8080","upstream_status":"202","connect_time":"0.000","header_time":"0.008","response_time":"0.008"}
nginx-1       | {"time":"2026-09-09T04:45:29+00:00","msec":"1788929129.977","request_id":"6ae37963772c4f58623d5122f7176a41","method":"POST","uri":"/api/purchases","status":201,"request_time":"0.015","upstream":"172.20.0.8:8080","upstream_status":"201","connect_time":"0.000","header_time":"0.014","response_time":"0.014"}
nginx-1       | {"time":"2026-09-09T04:45:29+00:00","msec":"1788929129.990","request_id":"69bd0388d7cd7f420b538ccffa402446","method":"POST","uri":"/api/orders/7523044a-55ad-4e77-9d3a-2dbe53c65864/payments","status":202,"request_time":"0.011","upstream":"172.20.0.7:8080","upstream_status":"202","connect_time":"0.000","header_time":"0.011","response_time":"0.011"}
nginx-1       | {"time":"2026-09-09T04:45:30+00:00","msec":"1788929130.077","request_id":"8e26d4b687aff1d167e16d6dcdbf365c","method":"POST","uri":"/api/purchases","status":201,"request_time":"0.014","upstream":"172.20.0.7:8080","upstream_status":"201","connect_time":"0.000","header_time":"0.014","response_time":"0.015"}
nginx-1       | {"time":"2026-09-09T04:45:30+00:00","msec":"1788929130.087","request_id":"f66903416a201df7ea4f0ab910819019","method":"POST","uri":"/api/orders/626bdc59-0fce-4a03-bbf5-c047a0470ed1/payments","status":202,"request_time":"0.008","upstream":"172.20.0.8:8080","upstream_status":"202","connect_time":"0.000","header_time":"0.008","response_time":"0.008"}
nginx-1       | {"time":"2026-09-09T04:45:30+00:00","msec":"1788929130.173","request_id":"7f7e32f970be1f566cb1074f526c9e49","method":"POST","uri":"/api/purchases","status":201,"request_time":"0.011","upstream":"172.20.0.8:8080","upstream_status":"201","connect_time":"0.000","header_time":"0.012","response_time":"0.012"}
nginx-1       | {"time":"2026-09-09T04:45:30+00:00","msec":"1788929130.181","request_id":"6b6f974dbb3b99382b3b1d57455ae834","method":"POST","uri":"/api/orders/9547d9bf-0331-4119-8a88-727ed2c34d08/payments","status":202,"request_time":"0.006","upstream":"172.20.0.8:8080","upstream_status":"202","connect_time":"0.000","header_time":"0.005","response_time":"0.006"}
nginx-1       | {"time":"2026-09-09T04:45:30+00:00","msec":"1788929130.272","request_id":"72914961ff0226c0c3dac5384c8ebf14","method":"POST","uri":"/api/purchases","status":201,"request_time":"0.009","upstream":"172.20.0.8:8080","upstream_status":"201","connect_time":"0.000","header_time":"0.009","response_time":"0.009"}
nginx-1       | {"time":"2026-09-09T04:45:30+00:00","msec":"1788929130.282","request_id":"60413ad9593df3cb8e2914f7a6dbed25","method":"POST","uri":"/api/orders/90862cb1-f9b2-4da4-90a8-658de6e032ca/payments","status":202,"request_time":"0.007","upstream":"172.20.0.7:8080","upstream_status":"202","connect_time":"0.000","header_time":"0.007","response_time":"0.007"}
nginx-1       | {"time":"2026-09-09T04:45:30+00:00","msec":"1788929130.374","request_id":"5af2c802e3b92a297ec784d20b21acee","method":"POST","uri":"/api/purchases","status":201,"request_time":"0.012","upstream":"172.20.0.7:8080","upstream_status":"201","connect_time":"0.000","header_time":"0.011","response_time":"0.011"}
nginx-1       | {"time":"2026-09-09T04:45:30+00:00","msec":"1788929130.382","request_id":"bb1fcba1fad5c41af7498442d2ebe51b","method":"POST","uri":"/api/orders/5bb5bb5e-46b4-4450-bd06-b326c7c6d819/payments","status":202,"request_time":"0.007","upstream":"172.20.0.8:8080","upstream_status":"202","connect_time":"0.000","header_time":"0.006","response_time":"0.006"}
nginx-1       | {"time":"2026-09-09T04:45:30+00:00","msec":"1788929130.476","request_id":"20c6dff091a31fce1d6c63c618280369","method":"POST","uri":"/api/purchases","status":201,"request_time":"0.013","upstream":"172.20.0.7:8080","upstream_status":"201","connect_time":"0.000","header_time":"0.013","response_time":"0.013"}
nginx-1       | {"time":"2026-09-09T04:45:30+00:00","msec":"1788929130.485","request_id":"466f72a8d2b9c68add394e29e0eee0fb","method":"POST","uri":"/api/orders/9071157a-3989-416b-8c20-0567e6454d5e/payments","status":202,"request_time":"0.008","upstream":"172.20.0.7:8080","upstream_status":"202","connect_time":"0.000","header_time":"0.007","response_time":"0.007"}
nginx-1       | {"time":"2026-09-09T04:45:30+00:00","msec":"1788929130.576","request_id":"00add41b182fd1eba08567714273a64d","method":"POST","uri":"/api/purchases","status":201,"request_time":"0.013","upstream":"172.20.0.7:8080","upstream_status":"201","connect_time":"0.000","header_time":"0.012","response_time":"0.012"}
nginx-1       | {"time":"2026-09-09T04:45:30+00:00","msec":"1788929130.585","request_id":"aaa3fef02384dd2c2f36151c66a7346f","method":"POST","uri":"/api/orders/3278dc39-4d54-47ab-a49e-fba442ef9b6c/payments","status":202,"request_time":"0.008","upstream":"172.20.0.8:8080","upstream_status":"202","connect_time":"0.000","header_time":"0.007","response_time":"0.007"}
nginx-1       | {"time":"2026-09-09T04:45:30+00:00","msec":"1788929130.673","request_id":"8101e8b5446db5546f526c031e9edd51","method":"POST","uri":"/api/purchases","status":201,"request_time":"0.010","upstream":"172.20.0.8:8080","upstream_status":"201","connect_time":"0.000","header_time":"0.009","response_time":"0.010"}
nginx-1       | {"time":"2026-09-09T04:45:30+00:00","msec":"1788929130.682","request_id":"a0a3907981aa443d4d5eb98981cb108e","method":"POST","uri":"/api/orders/e5d87443-b4a9-4a0a-9957-ebb060b0d4d1/payments","status":202,"request_time":"0.007","upstream":"172.20.0.8:8080","upstream_status":"202","connect_time":"0.000","header_time":"0.007","response_time":"0.007"}
nginx-1       | {"time":"2026-09-09T04:45:30+00:00","msec":"1788929130.775","request_id":"980156415b8c1c03db0c322a7450575d","method":"POST","uri":"/api/purchases","status":201,"request_time":"0.012","upstream":"172.20.0.8:8080","upstream_status":"201","connect_time":"0.000","header_time":"0.012","response_time":"0.013"}
nginx-1       | {"time":"2026-09-09T04:45:30+00:00","msec":"1788929130.786","request_id":"441682b32a0d1d7ec474d1eef559abe7","method":"POST","uri":"/api/orders/b0f245a8-f594-4f7d-ac06-04380c9f444e/payments","status":202,"request_time":"0.009","upstream":"172.20.0.7:8080","upstream_status":"202","connect_time":"0.000","header_time":"0.008","response_time":"0.008"}
nginx-1       | {"time":"2026-09-09T04:45:30+00:00","msec":"1788929130.873","request_id":"d032a41ff1956239de571b754b3aa2f9","method":"POST","uri":"/api/purchases","status":201,"request_time":"0.011","upstream":"172.20.0.8:8080","upstream_status":"201","connect_time":"0.000","header_time":"0.010","response_time":"0.010"}
nginx-1       | {"time":"2026-09-09T04:45:30+00:00","msec":"1788929130.881","request_id":"00c35670a479e14c0fad2170df30204a","method":"POST","uri":"/api/orders/936478fd-8ad1-44a9-a3fe-62a399878ae6/payments","status":202,"request_time":"0.007","upstream":"172.20.0.8:8080","upstream_status":"202","connect_time":"0.000","header_time":"0.006","response_time":"0.007"}
nginx-1       | {"time":"2026-09-09T04:45:30+00:00","msec":"1788929130.976","request_id":"73263843ac917f6a5234bab1d78507ca","method":"POST","uri":"/api/purchases","status":201,"request_time":"0.013","upstream":"172.20.0.8:8080","upstream_status":"201","connect_time":"0.000","header_time":"0.013","response_time":"0.014"}
nginx-1       | {"time":"2026-09-09T04:45:30+00:00","msec":"1788929130.987","request_id":"c4967b414219f858b03ef3a7ea36e38b","method":"POST","uri":"/api/orders/4d3ac67f-e1a3-48ae-b4d5-7a7110775396/payments","status":202,"request_time":"0.009","upstream":"172.20.0.7:8080","upstream_status":"202","connect_time":"0.000","header_time":"0.009","response_time":"0.009"}
nginx-1       | {"time":"2026-09-09T04:45:31+00:00","msec":"1788929131.075","request_id":"b2047f64aaa0074786fa862ce9baf368","method":"POST","uri":"/api/purchases","status":201,"request_time":"0.012","upstream":"172.20.0.7:8080","upstream_status":"201","connect_time":"0.000","header_time":"0.012","response_time":"0.013"}
nginx-1       | {"time":"2026-09-09T04:45:31+00:00","msec":"1788929131.086","request_id":"8ca77623b71b96343962bfa202de2bb1","method":"POST","uri":"/api/orders/c98a3b29-c049-44ce-9f6d-12bbab1d21bc/payments","status":202,"request_time":"0.009","upstream":"172.20.0.7:8080","upstream_status":"202","connect_time":"0.000","header_time":"0.009","response_time":"0.009"}
nginx-1       | {"time":"2026-09-09T04:45:31+00:00","msec":"1788929131.182","request_id":"0672b3b4e4e29cfac2d849e165457864","method":"POST","uri":"/api/purchases","status":201,"request_time":"0.019","upstream":"172.20.0.7:8080","upstream_status":"201","connect_time":"0.000","header_time":"0.019","response_time":"0.019"}
nginx-1       | {"time":"2026-09-09T04:45:31+00:00","msec":"1788929131.191","request_id":"5e5c66aaa809112dfcf27e4333ee784b","method":"POST","uri":"/api/orders/1b862671-b1a8-4401-b4fc-7b16a337ecdd/payments","status":202,"request_time":"0.007","upstream":"172.20.0.7:8080","upstream_status":"202","connect_time":"0.000","header_time":"0.007","response_time":"0.007"}
nginx-1       | {"time":"2026-09-09T04:45:31+00:00","msec":"1788929131.273","request_id":"af86c20763ae0903b3684a5784ff23de","method":"POST","uri":"/api/purchases","status":201,"request_time":"0.011","upstream":"172.20.0.7:8080","upstream_status":"201","connect_time":"0.000","header_time":"0.010","response_time":"0.011"}
nginx-1       | {"time":"2026-09-09T04:45:31+00:00","msec":"1788929131.281","request_id":"73499b8220aba2b2eaef00725bda9c5f","method":"POST","uri":"/api/orders/fd0b7e3c-8098-448d-a5e3-0e83d1762380/payments","status":202,"request_time":"0.006","upstream":"172.20.0.7:8080","upstream_status":"202","connect_time":"0.000","header_time":"0.006","response_time":"0.007"}
nginx-1       | {"time":"2026-09-09T04:45:31+00:00","msec":"1788929131.374","request_id":"4a9e585258eb0a45210bb5c3420e3775","method":"POST","uri":"/api/purchases","status":201,"request_time":"0.012","upstream":"172.20.0.8:8080","upstream_status":"201","connect_time":"0.000","header_time":"0.011","response_time":"0.011"}
nginx-1       | {"time":"2026-09-09T04:45:31+00:00","msec":"1788929131.382","request_id":"ace974d1149c78dde2e335a5a91e1841","method":"POST","uri":"/api/orders/e948f153-b53a-4d23-a738-a46797b8f2c5/payments","status":202,"request_time":"0.006","upstream":"172.20.0.7:8080","upstream_status":"202","connect_time":"0.000","header_time":"0.006","response_time":"0.007"}
nginx-1       | {"time":"2026-09-09T04:45:31+00:00","msec":"1788929131.473","request_id":"d75c1ebd5a3ac2d12fa73aea73a1544c","method":"POST","uri":"/api/purchases","status":201,"request_time":"0.010","upstream":"172.20.0.8:8080","upstream_status":"201","connect_time":"0.000","header_time":"0.010","response_time":"0.010"}
nginx-1       | {"time":"2026-09-09T04:45:31+00:00","msec":"1788929131.481","request_id":"e7739fcc03e952cf59a18882974fdcc4","method":"POST","uri":"/api/orders/8ccabbdb-0b96-459f-ba4b-e6dd32d55e00/payments","status":202,"request_time":"0.007","upstream":"172.20.0.8:8080","upstream_status":"202","connect_time":"0.000","header_time":"0.006","response_time":"0.006"}
nginx-1       | {"time":"2026-09-09T04:45:31+00:00","msec":"1788929131.575","request_id":"211a81e65cd02d8319e5f811e655dbeb","method":"POST","uri":"/api/purchases","status":201,"request_time":"0.012","upstream":"172.20.0.7:8080","upstream_status":"201","connect_time":"0.000","header_time":"0.012","response_time":"0.012"}
nginx-1       | {"time":"2026-09-09T04:45:31+00:00","msec":"1788929131.584","request_id":"732fee13fb6da9b0cc00b3bf4a42a704","method":"POST","uri":"/api/orders/ca511c1e-e48b-4bc0-a396-ec4d54eca3e0/payments","status":202,"request_time":"0.007","upstream":"172.20.0.8:8080","upstream_status":"202","connect_time":"0.000","header_time":"0.007","response_time":"0.007"}
nginx-1       | {"time":"2026-09-09T04:45:31+00:00","msec":"1788929131.676","request_id":"99f8a2ffb5a4d6d8767f756f29d57d6c","method":"POST","uri":"/api/purchases","status":201,"request_time":"0.014","upstream":"172.20.0.7:8080","upstream_status":"201","connect_time":"0.000","header_time":"0.013","response_time":"0.013"}
nginx-1       | {"time":"2026-09-09T04:45:31+00:00","msec":"1788929131.685","request_id":"06007945de34240293bd94cc5674b58a","method":"POST","uri":"/api/orders/f5fb074b-b152-4a6b-930e-442c0dba5a24/payments","status":202,"request_time":"0.007","upstream":"172.20.0.8:8080","upstream_status":"202","connect_time":"0.000","header_time":"0.007","response_time":"0.008"}
nginx-1       | {"time":"2026-09-09T04:45:31+00:00","msec":"1788929131.774","request_id":"2a3643e753fa342582cef05652e64cf4","method":"POST","uri":"/api/purchases","status":201,"request_time":"0.012","upstream":"172.20.0.7:8080","upstream_status":"201","connect_time":"0.000","header_time":"0.011","response_time":"0.011"}
nginx-1       | {"time":"2026-09-09T04:45:31+00:00","msec":"1788929131.784","request_id":"5706a026e279cb53a49528ca95232954","method":"POST","uri":"/api/orders/bae901ea-9324-4500-a9ee-c1f44eb3b5c8/payments","status":202,"request_time":"0.008","upstream":"172.20.0.8:8080","upstream_status":"202","connect_time":"0.000","header_time":"0.008","response_time":"0.008"}
nginx-1       | {"time":"2026-09-09T04:45:31+00:00","msec":"1788929131.875","request_id":"4d98c71457de6e41c5c5fa633ede8312","method":"POST","uri":"/api/purchases","status":201,"request_time":"0.012","upstream":"172.20.0.8:8080","upstream_status":"201","connect_time":"0.000","header_time":"0.012","response_time":"0.012"}
nginx-1       | {"time":"2026-09-09T04:45:31+00:00","msec":"1788929131.884","request_id":"28e46e9e3a0995538556d120e8d254e8","method":"POST","uri":"/api/orders/f0b44eb9-f71d-44a9-9472-7fdb5b607bce/payments","status":202,"request_time":"0.008","upstream":"172.20.0.8:8080","upstream_status":"202","connect_time":"0.000","header_time":"0.007","response_time":"0.007"}
nginx-1       | {"time":"2026-09-09T04:45:31+00:00","msec":"1788929131.974","request_id":"9735b6f3803fb206c01ae5686cfcdd10","method":"POST","uri":"/api/purchases","status":201,"request_time":"0.012","upstream":"172.20.0.7:8080","upstream_status":"201","connect_time":"0.000","header_time":"0.011","response_time":"0.012"}
nginx-1       | {"time":"2026-09-09T04:45:31+00:00","msec":"1788929131.982","request_id":"6a31b38984c4b332c47f48fd4a589f3c","method":"POST","uri":"/api/orders/ffd16a0b-b2d2-462b-a33e-fd1b8ae0cd27/payments","status":202,"request_time":"0.006","upstream":"172.20.0.8:8080","upstream_status":"202","connect_time":"0.000","header_time":"0.006","response_time":"0.007"}
nginx-1       | {"time":"2026-09-09T04:45:32+00:00","msec":"1788929132.075","request_id":"b159111f775debc4f3d3876ffd778e5d","method":"POST","uri":"/api/purchases","status":201,"request_time":"0.012","upstream":"172.20.0.8:8080","upstream_status":"201","connect_time":"0.000","header_time":"0.011","response_time":"0.011"}
nginx-1       | {"time":"2026-09-09T04:45:32+00:00","msec":"1788929132.086","request_id":"9f999f1fa846bef28788a7c0deb4d0e3","method":"POST","uri":"/api/orders/9d96ac29-0131-44f2-8ff6-dccfcfaff97e/payments","status":202,"request_time":"0.009","upstream":"172.20.0.7:8080","upstream_status":"202","connect_time":"0.000","header_time":"0.010","response_time":"0.010"}
nginx-1       | {"time":"2026-09-09T04:45:32+00:00","msec":"1788929132.174","request_id":"e12be78b7fc522ea1e5c011b30f9924b","method":"POST","uri":"/api/purchases","status":201,"request_time":"0.012","upstream":"172.20.0.8:8080","upstream_status":"201","connect_time":"0.000","header_time":"0.011","response_time":"0.012"}
nginx-1       | {"time":"2026-09-09T04:45:32+00:00","msec":"1788929132.185","request_id":"6f0adb236bd4ec7eea6496972b64371a","method":"POST","uri":"/api/orders/5f37f6f0-2c46-422f-865a-7c1c6088a83a/payments","status":202,"request_time":"0.009","upstream":"172.20.0.8:8080","upstream_status":"202","connect_time":"0.000","header_time":"0.009","response_time":"0.009"}
nginx-1       | {"time":"2026-09-09T04:45:32+00:00","msec":"1788929132.274","request_id":"9ff783b1c4a2012c8145324732b012f8","method":"POST","uri":"/api/purchases","status":201,"request_time":"0.012","upstream":"172.20.0.8:8080","upstream_status":"201","connect_time":"0.000","header_time":"0.011","response_time":"0.012"}
nginx-1       | {"time":"2026-09-09T04:45:32+00:00","msec":"1788929132.284","request_id":"03d1d85573d837514a2eb0f72304a551","method":"POST","uri":"/api/orders/e0e7501f-3539-478e-864e-5c90a5da5cb8/payments","status":202,"request_time":"0.008","upstream":"172.20.0.7:8080","upstream_status":"202","connect_time":"0.000","header_time":"0.008","response_time":"0.009"}
nginx-1       | {"time":"2026-09-09T04:45:32+00:00","msec":"1788929132.375","request_id":"61944af79d5245205c1182938a72b89f","method":"POST","uri":"/api/purchases","status":201,"request_time":"0.012","upstream":"172.20.0.7:8080","upstream_status":"201","connect_time":"0.000","header_time":"0.012","response_time":"0.012"}
nginx-1       | {"time":"2026-09-09T04:45:32+00:00","msec":"1788929132.384","request_id":"4e7791b6e65ac1ebcf53d1f61230d4cd","method":"POST","uri":"/api/orders/24b8b1db-6bea-4ef3-b728-ed47c91e3ee8/payments","status":202,"request_time":"0.007","upstream":"172.20.0.7:8080","upstream_status":"202","connect_time":"0.000","header_time":"0.007","response_time":"0.007"}
nginx-1       | {"time":"2026-09-09T04:45:32+00:00","msec":"1788929132.473","request_id":"e817097a066cf2099bf9de05af171d37","method":"POST","uri":"/api/purchases","status":201,"request_time":"0.011","upstream":"172.20.0.7:8080","upstream_status":"201","connect_time":"0.000","header_time":"0.010","response_time":"0.011"}
nginx-1       | {"time":"2026-09-09T04:45:32+00:00","msec":"1788929132.482","request_id":"c2b42f50121f3d8d044022b849b66f32","method":"POST","uri":"/api/orders/70af2dc7-0c8c-4548-83e3-9f33057f1cc2/payments","status":202,"request_time":"0.007","upstream":"172.20.0.7:8080","upstream_status":"202","connect_time":"0.000","header_time":"0.007","response_time":"0.007"}
nginx-1       | {"time":"2026-09-09T04:45:32+00:00","msec":"1788929132.573","request_id":"57b045e2e2aa34f69a36cfda56a9f48c","method":"POST","uri":"/api/purchases","status":201,"request_time":"0.010","upstream":"172.20.0.8:8080","upstream_status":"201","connect_time":"0.000","header_time":"0.010","response_time":"0.011"}
nginx-1       | {"time":"2026-09-09T04:45:32+00:00","msec":"1788929132.581","request_id":"04a6bcb6abbeb8f05512b61d5e2a026f","method":"POST","uri":"/api/orders/d286ce4e-ee92-47b3-87e5-5c7615da7a81/payments","status":202,"request_time":"0.006","upstream":"172.20.0.7:8080","upstream_status":"202","connect_time":"0.000","header_time":"0.007","response_time":"0.007"}
nginx-1       | {"time":"2026-09-09T04:45:32+00:00","msec":"1788929132.674","request_id":"50a9b5da55533dc8fcc797e724224129","method":"POST","uri":"/api/purchases","status":201,"request_time":"0.011","upstream":"172.20.0.7:8080","upstream_status":"201","connect_time":"0.000","header_time":"0.011","response_time":"0.011"}
nginx-1       | {"time":"2026-09-09T04:45:32+00:00","msec":"1788929132.682","request_id":"88451a04d3c6e5998a98ebb80ac64355","method":"POST","uri":"/api/orders/ba584470-aecb-4db0-b5d5-6eceeb2a4050/payments","status":202,"request_time":"0.007","upstream":"172.20.0.8:8080","upstream_status":"202","connect_time":"0.000","header_time":"0.006","response_time":"0.007"}
nginx-1       | {"time":"2026-09-09T04:45:32+00:00","msec":"1788929132.775","request_id":"e05869a5341fc77a6b21e56c0155a201","method":"POST","uri":"/api/purchases","status":201,"request_time":"0.012","upstream":"172.20.0.7:8080","upstream_status":"201","connect_time":"0.000","header_time":"0.012","response_time":"0.012"}
nginx-1       | {"time":"2026-09-09T04:45:32+00:00","msec":"1788929132.783","request_id":"543e2c0e18f7c10c767a477c8da96eac","method":"POST","uri":"/api/orders/e47d58e5-d21d-42a1-bcb2-b1b0d28edee2/payments","status":202,"request_time":"0.006","upstream":"172.20.0.7:8080","upstream_status":"202","connect_time":"0.000","header_time":"0.006","response_time":"0.006"}
nginx-1       | {"time":"2026-09-09T04:45:32+00:00","msec":"1788929132.873","request_id":"b675617dd73095fed0c226f875abafe2","method":"POST","uri":"/api/purchases","status":201,"request_time":"0.010","upstream":"172.20.0.8:8080","upstream_status":"201","connect_time":"0.000","header_time":"0.010","response_time":"0.011"}
nginx-1       | {"time":"2026-09-09T04:45:32+00:00","msec":"1788929132.882","request_id":"969509eb427102226c75956d54a5451e","method":"POST","uri":"/api/orders/c38f7e78-12b7-471e-b43e-75833321ec4c/payments","status":202,"request_time":"0.007","upstream":"172.20.0.7:8080","upstream_status":"202","connect_time":"0.000","header_time":"0.007","response_time":"0.007"}
nginx-1       | {"time":"2026-09-09T04:45:32+00:00","msec":"1788929132.977","request_id":"acb7ad932a14472cfff90a4cdc6bd25e","method":"POST","uri":"/api/purchases","status":201,"request_time":"0.014","upstream":"172.20.0.7:8080","upstream_status":"201","connect_time":"0.000","header_time":"0.014","response_time":"0.014"}
nginx-1       | {"time":"2026-09-09T04:45:32+00:00","msec":"1788929132.986","request_id":"7beeda579ebdb33b1ada5c8bdd87a92e","method":"POST","uri":"/api/orders/e2dc09b9-3091-4e74-ace8-103acc3a01d0/payments","status":202,"request_time":"0.007","upstream":"172.20.0.8:8080","upstream_status":"202","connect_time":"0.000","header_time":"0.007","response_time":"0.008"}
nginx-1       | {"time":"2026-09-09T04:45:33+00:00","msec":"1788929133.075","request_id":"b7319bdbf1156e9cb6abfd17dc6e14f5","method":"POST","uri":"/api/purchases","status":201,"request_time":"0.012","upstream":"172.20.0.7:8080","upstream_status":"201","connect_time":"0.000","header_time":"0.012","response_time":"0.013"}
nginx-1       | {"time":"2026-09-09T04:45:33+00:00","msec":"1788929133.085","request_id":"b32834990500c152ab33a61af85716ac","method":"POST","uri":"/api/orders/d3b1c5f4-39e9-45b7-b47d-e98da2d8195a/payments","status":202,"request_time":"0.008","upstream":"172.20.0.8:8080","upstream_status":"202","connect_time":"0.000","header_time":"0.007","response_time":"0.007"}
nginx-1       | {"time":"2026-09-09T04:45:33+00:00","msec":"1788929133.174","request_id":"aea88a545b8c0f7bf113f49b2b5587ff","method":"POST","uri":"/api/purchases","status":201,"request_time":"0.011","upstream":"172.20.0.7:8080","upstream_status":"201","connect_time":"0.000","header_time":"0.011","response_time":"0.012"}
nginx-1       | {"time":"2026-09-09T04:45:33+00:00","msec":"1788929133.182","request_id":"e344f6d9b681b097155b9069a97bf2a3","method":"POST","uri":"/api/orders/898e3687-7b57-4063-aad0-87408d68e943/payments","status":202,"request_time":"0.006","upstream":"172.20.0.7:8080","upstream_status":"202","connect_time":"0.000","header_time":"0.006","response_time":"0.006"}
nginx-1       | {"time":"2026-09-09T04:45:33+00:00","msec":"1788929133.275","request_id":"b58433603b01de0fa02705908efaca72","method":"POST","uri":"/api/purchases","status":201,"request_time":"0.012","upstream":"172.20.0.8:8080","upstream_status":"201","connect_time":"0.000","header_time":"0.012","response_time":"0.013"}
nginx-1       | {"time":"2026-09-09T04:45:33+00:00","msec":"1788929133.284","request_id":"88ccfa2d6d64c043d0e53214c3d8674d","method":"POST","uri":"/api/orders/666a2b96-0e59-4264-ab44-8c6354cdba70/payments","status":202,"request_time":"0.007","upstream":"172.20.0.7:8080","upstream_status":"202","connect_time":"0.000","header_time":"0.007","response_time":"0.008"}
nginx-1       | {"time":"2026-09-09T04:45:33+00:00","msec":"1788929133.375","request_id":"ed2fe140bde7941d45e9564b2184bb4d","method":"POST","uri":"/api/purchases","status":201,"request_time":"0.012","upstream":"172.20.0.8:8080","upstream_status":"201","connect_time":"0.000","header_time":"0.012","response_time":"0.013"}
nginx-1       | {"time":"2026-09-09T04:45:33+00:00","msec":"1788929133.385","request_id":"0ff42366153c10890c9df5f0f00e58be","method":"POST","uri":"/api/orders/58cf786b-46b3-4be0-97f5-2bc593f38468/payments","status":202,"request_time":"0.008","upstream":"172.20.0.8:8080","upstream_status":"202","connect_time":"0.000","header_time":"0.008","response_time":"0.008"}
nginx-1       | {"time":"2026-09-09T04:45:33+00:00","msec":"1788929133.478","request_id":"12e75767e9ef7f3f9ed7cea70026ed7a","method":"POST","uri":"/api/purchases","status":201,"request_time":"0.015","upstream":"172.20.0.7:8080","upstream_status":"201","connect_time":"0.000","header_time":"0.015","response_time":"0.015"}
nginx-1       | {"time":"2026-09-09T04:45:33+00:00","msec":"1788929133.488","request_id":"0c1380c4642f187543ef940915f00935","method":"POST","uri":"/api/orders/4e9a913a-d81c-4546-ad08-6c387739c5cc/payments","status":202,"request_time":"0.008","upstream":"172.20.0.8:8080","upstream_status":"202","connect_time":"0.000","header_time":"0.008","response_time":"0.009"}
nginx-1       | {"time":"2026-09-09T04:45:33+00:00","msec":"1788929133.574","request_id":"180864a9998372cb4b64fec3a0e7fb30","method":"POST","uri":"/api/purchases","status":201,"request_time":"0.011","upstream":"172.20.0.8:8080","upstream_status":"201","connect_time":"0.000","header_time":"0.011","response_time":"0.012"}
nginx-1       | {"time":"2026-09-09T04:45:33+00:00","msec":"1788929133.583","request_id":"3af87b843bac8586d7d527ad5f17fea0","method":"POST","uri":"/api/orders/48053bf8-2428-4d75-9d43-bd1e99da72ac/payments","status":202,"request_time":"0.007","upstream":"172.20.0.7:8080","upstream_status":"202","connect_time":"0.000","header_time":"0.007","response_time":"0.008"}
nginx-1       | {"time":"2026-09-09T04:45:33+00:00","msec":"1788929133.673","request_id":"3f15a133d4148e01e539ea4bfdb3d5e7","method":"POST","uri":"/api/purchases","status":201,"request_time":"0.010","upstream":"172.20.0.7:8080","upstream_status":"201","connect_time":"0.000","header_time":"0.010","response_time":"0.010"}
nginx-1       | {"time":"2026-09-09T04:45:33+00:00","msec":"1788929133.680","request_id":"94e40363ca94d69b22934b1569724e3b","method":"POST","uri":"/api/orders/ce8aee7e-ab70-4787-a7b2-46bb2b953ae9/payments","status":202,"request_time":"0.006","upstream":"172.20.0.7:8080","upstream_status":"202","connect_time":"0.000","header_time":"0.005","response_time":"0.006"}
nginx-1       | {"time":"2026-09-09T04:45:33+00:00","msec":"1788929133.774","request_id":"c29db6cb218d143180683fff4eb03564","method":"POST","uri":"/api/purchases","status":201,"request_time":"0.011","upstream":"172.20.0.8:8080","upstream_status":"201","connect_time":"0.000","header_time":"0.011","response_time":"0.012"}
nginx-1       | {"time":"2026-09-09T04:45:33+00:00","msec":"1788929133.783","request_id":"97cff079ed1f18f3d0539b5b224783f9","method":"POST","uri":"/api/orders/9f941c88-0e84-4d60-ae57-3b5e2fe666ac/payments","status":202,"request_time":"0.007","upstream":"172.20.0.8:8080","upstream_status":"202","connect_time":"0.000","header_time":"0.007","response_time":"0.007"}
nginx-1       | {"time":"2026-09-09T04:45:33+00:00","msec":"1788929133.873","request_id":"3142822f0c85247dcb12f05dffaea229","method":"POST","uri":"/api/purchases","status":201,"request_time":"0.011","upstream":"172.20.0.7:8080","upstream_status":"201","connect_time":"0.000","header_time":"0.011","response_time":"0.012"}
nginx-1       | {"time":"2026-09-09T04:45:33+00:00","msec":"1788929133.882","request_id":"64dfeab131df7a59b2e61a6f7ce1bc50","method":"POST","uri":"/api/orders/3245074b-da45-4e9c-b815-18f01f64692d/payments","status":202,"request_time":"0.007","upstream":"172.20.0.7:8080","upstream_status":"202","connect_time":"0.000","header_time":"0.006","response_time":"0.007"}
nginx-1       | {"time":"2026-09-09T04:45:33+00:00","msec":"1788929133.973","request_id":"342e8db140bcbf6349c4497a78430ccf","method":"POST","uri":"/api/purchases","status":201,"request_time":"0.011","upstream":"172.20.0.8:8080","upstream_status":"201","connect_time":"0.000","header_time":"0.011","response_time":"0.011"}
nginx-1       | {"time":"2026-09-09T04:45:33+00:00","msec":"1788929133.984","request_id":"f6ac2a8b5b8adcc342d2cbad9c3edb6b","method":"POST","uri":"/api/orders/26a73033-1a4b-4a45-a348-5787ec473de3/payments","status":202,"request_time":"0.009","upstream":"172.20.0.7:8080","upstream_status":"202","connect_time":"0.000","header_time":"0.008","response_time":"0.008"}
nginx-1       | {"time":"2026-09-09T04:45:34+00:00","msec":"1788929134.073","request_id":"342c265af68ebcb09cfc10c136e538a7","method":"POST","uri":"/api/purchases","status":201,"request_time":"0.010","upstream":"172.20.0.7:8080","upstream_status":"201","connect_time":"0.000","header_time":"0.010","response_time":"0.010"}
nginx-1       | {"time":"2026-09-09T04:45:34+00:00","msec":"1788929134.081","request_id":"cee197a8ee016533588b6566cc3aeb6d","method":"POST","uri":"/api/orders/b22d234f-f553-4376-b7c0-a9fa52ac4e21/payments","status":202,"request_time":"0.006","upstream":"172.20.0.8:8080","upstream_status":"202","connect_time":"0.000","header_time":"0.006","response_time":"0.007"}
nginx-1       | {"time":"2026-09-09T04:45:34+00:00","msec":"1788929134.175","request_id":"a95bfe003c3a800101bdc7b652112c98","method":"POST","uri":"/api/purchases","status":201,"request_time":"0.012","upstream":"172.20.0.7:8080","upstream_status":"201","connect_time":"0.000","header_time":"0.013","response_time":"0.013"}
nginx-1       | {"time":"2026-09-09T04:45:34+00:00","msec":"1788929134.187","request_id":"048858fdeac3a7116a03dedc72bf230c","method":"POST","uri":"/api/orders/3f24720c-9ed7-4058-8a37-a965a4e95a1f/payments","status":202,"request_time":"0.010","upstream":"172.20.0.7:8080","upstream_status":"202","connect_time":"0.000","header_time":"0.009","response_time":"0.010"}
nginx-1       | {"time":"2026-09-09T04:45:34+00:00","msec":"1788929134.342","request_id":"78818f4c6e32003ec93e5de4c698d821","method":"POST","uri":"/api/purchases","status":201,"request_time":"0.079","upstream":"172.20.0.7:8080","upstream_status":"201","connect_time":"0.000","header_time":"0.079","response_time":"0.079"}
nginx-1       | {"time":"2026-09-09T04:45:34+00:00","msec":"1788929134.355","request_id":"0d6ad1c7ea80a0c880c5eafc1c0682e6","method":"POST","uri":"/api/orders/c88e7218-bc91-42d2-abe2-1a0ecc48445d/payments","status":202,"request_time":"0.011","upstream":"172.20.0.7:8080","upstream_status":"202","connect_time":"0.000","header_time":"0.011","response_time":"0.011"}
nginx-1       | {"time":"2026-09-09T04:45:34+00:00","msec":"1788929134.377","request_id":"c4024824ef9137560b7e43693872bb69","method":"POST","uri":"/api/purchases","status":201,"request_time":"0.015","upstream":"172.20.0.8:8080","upstream_status":"201","connect_time":"0.000","header_time":"0.014","response_time":"0.014"}
nginx-1       | {"time":"2026-09-09T04:45:34+00:00","msec":"1788929134.389","request_id":"7b410483619e1c1abb2a6e95794e4595","method":"POST","uri":"/api/orders/2d54b5ef-aba2-4207-a161-5999ad140ede/payments","status":202,"request_time":"0.010","upstream":"172.20.0.8:8080","upstream_status":"202","connect_time":"0.000","header_time":"0.009","response_time":"0.009"}
nginx-1       | {"time":"2026-09-09T04:45:34+00:00","msec":"1788929134.490","request_id":"12b0634fb8bf49e175001a036695acfb","method":"POST","uri":"/api/purchases","status":201,"request_time":"0.026","upstream":"172.20.0.8:8080","upstream_status":"201","connect_time":"0.000","header_time":"0.025","response_time":"0.025"}
nginx-1       | {"time":"2026-09-09T04:45:34+00:00","msec":"1788929134.507","request_id":"db79ba5779adb5aba24c03f5bb0c5694","method":"POST","uri":"/api/orders/e660a9f0-cbf8-4a8b-8711-19b55868a1e4/payments","status":202,"request_time":"0.015","upstream":"172.20.0.8:8080","upstream_status":"202","connect_time":"0.000","header_time":"0.014","response_time":"0.015"}
nginx-1       | {"time":"2026-09-09T04:45:34+00:00","msec":"1788929134.583","request_id":"1e447d2d01acad67c5d137db8faa41ca","method":"POST","uri":"/api/purchases","status":201,"request_time":"0.020","upstream":"172.20.0.7:8080","upstream_status":"201","connect_time":"0.000","header_time":"0.020","response_time":"0.021"}
nginx-1       | {"time":"2026-09-09T04:45:34+00:00","msec":"1788929134.595","request_id":"969401810ba067e2dd93801db93b3bd2","method":"POST","uri":"/api/orders/6d758f8a-43f7-423c-bd07-0c4e5735cb62/payments","status":202,"request_time":"0.010","upstream":"172.20.0.8:8080","upstream_status":"202","connect_time":"0.000","header_time":"0.009","response_time":"0.009"}
nginx-1       | {"time":"2026-09-09T04:45:34+00:00","msec":"1788929134.674","request_id":"a7e79173fc7dd7f22faee3158431e87d","method":"POST","uri":"/api/purchases","status":201,"request_time":"0.012","upstream":"172.20.0.7:8080","upstream_status":"201","connect_time":"0.000","header_time":"0.011","response_time":"0.011"}
nginx-1       | {"time":"2026-09-09T04:45:34+00:00","msec":"1788929134.684","request_id":"6d744cdf4c0260a5bc00721a5505b725","method":"POST","uri":"/api/orders/fbc2f762-1e6f-4b94-8757-640363f60ac5/payments","status":202,"request_time":"0.008","upstream":"172.20.0.8:8080","upstream_status":"202","connect_time":"0.000","header_time":"0.008","response_time":"0.008"}
nginx-1       | {"time":"2026-09-09T04:45:34+00:00","msec":"1788929134.773","request_id":"1a31bdc1f48c2b2974e4b5fd5af8ce4d","method":"POST","uri":"/api/purchases","status":201,"request_time":"0.011","upstream":"172.20.0.8:8080","upstream_status":"201","connect_time":"0.000","header_time":"0.011","response_time":"0.011"}
nginx-1       | {"time":"2026-09-09T04:45:34+00:00","msec":"1788929134.783","request_id":"d5167e7c0bbd9c3faf7d17e9ad6ede30","method":"POST","uri":"/api/orders/1d9b7ebc-3002-47d7-90a1-f958c7b2f7e9/payments","status":202,"request_time":"0.008","upstream":"172.20.0.8:8080","upstream_status":"202","connect_time":"0.000","header_time":"0.008","response_time":"0.009"}
nginx-1       | {"time":"2026-09-09T04:45:34+00:00","msec":"1788929134.873","request_id":"499823b994d58f94e49b0ec91eb8cbf5","method":"POST","uri":"/api/purchases","status":201,"request_time":"0.010","upstream":"172.20.0.8:8080","upstream_status":"201","connect_time":"0.000","header_time":"0.010","response_time":"0.010"}
nginx-1       | {"time":"2026-09-09T04:45:34+00:00","msec":"1788929134.881","request_id":"e3a486a4f99b1ac31646a7fab05adb2e","method":"POST","uri":"/api/orders/4f2cda73-054f-4a57-9f3b-d01e6a85a476/payments","status":202,"request_time":"0.006","upstream":"172.20.0.8:8080","upstream_status":"202","connect_time":"0.000","header_time":"0.006","response_time":"0.006"}
nginx-1       | {"time":"2026-09-09T04:45:34+00:00","msec":"1788929134.975","request_id":"8cd7c39a92e7f55cc237fc2ad201b6a0","method":"POST","uri":"/api/purchases","status":201,"request_time":"0.013","upstream":"172.20.0.7:8080","upstream_status":"201","connect_time":"0.000","header_time":"0.013","response_time":"0.013"}
nginx-1       | {"time":"2026-09-09T04:45:34+00:00","msec":"1788929134.986","request_id":"92cbc75d35cb5f4fb0e24c3354111718","method":"POST","uri":"/api/orders/9c4c565a-55e8-4f50-9b3c-5952cc39e0a6/payments","status":202,"request_time":"0.009","upstream":"172.20.0.7:8080","upstream_status":"202","connect_time":"0.000","header_time":"0.008","response_time":"0.008"}
nginx-1       | {"time":"2026-09-09T04:45:35+00:00","msec":"1788929135.077","request_id":"6ddfe6f6ffbafd650d16f7061aa766a4","method":"POST","uri":"/api/purchases","status":201,"request_time":"0.015","upstream":"172.20.0.7:8080","upstream_status":"201","connect_time":"0.000","header_time":"0.015","response_time":"0.015"}
nginx-1       | {"time":"2026-09-09T04:45:35+00:00","msec":"1788929135.085","request_id":"686d294b65fcd46750735ff72dc3f5cf","method":"POST","uri":"/api/orders/7440b763-eead-46ef-b943-24e07b967604/payments","status":202,"request_time":"0.007","upstream":"172.20.0.7:8080","upstream_status":"202","connect_time":"0.000","header_time":"0.006","response_time":"0.006"}
nginx-1       | {"time":"2026-09-09T04:45:35+00:00","msec":"1788929135.174","request_id":"e3536ebf15ae32115fd7a554a02d8d94","method":"POST","uri":"/api/purchases","status":201,"request_time":"0.011","upstream":"172.20.0.8:8080","upstream_status":"201","connect_time":"0.000","header_time":"0.011","response_time":"0.011"}
nginx-1       | {"time":"2026-09-09T04:45:35+00:00","msec":"1788929135.182","request_id":"1c6eab3cae3c70c8542cf777ed27346f","method":"POST","uri":"/api/orders/8c06ddb6-3256-41e2-981b-18709f2c43c0/payments","status":202,"request_time":"0.006","upstream":"172.20.0.8:8080","upstream_status":"202","connect_time":"0.000","header_time":"0.006","response_time":"0.007"}
nginx-1       | {"time":"2026-09-09T04:45:35+00:00","msec":"1788929135.278","request_id":"2d77d1845754c4bc7e79bfbeb952990b","method":"POST","uri":"/api/purchases","status":201,"request_time":"0.015","upstream":"172.20.0.7:8080","upstream_status":"201","connect_time":"0.000","header_time":"0.015","response_time":"0.015"}
nginx-1       | {"time":"2026-09-09T04:45:35+00:00","msec":"1788929135.289","request_id":"b1341d427809c685a72a6dbff28cdcc4","method":"POST","uri":"/api/orders/e0774b5f-98c9-4ed4-80bc-17c8ccfa51e0/payments","status":202,"request_time":"0.009","upstream":"172.20.0.7:8080","upstream_status":"202","connect_time":"0.000","header_time":"0.008","response_time":"0.008"}
nginx-1       | {"time":"2026-09-09T04:45:35+00:00","msec":"1788929135.373","request_id":"7008cff513dd34ea189accae6ba8fde7","method":"POST","uri":"/api/purchases","status":201,"request_time":"0.011","upstream":"172.20.0.8:8080","upstream_status":"201","connect_time":"0.000","header_time":"0.010","response_time":"0.011"}
nginx-1       | {"time":"2026-09-09T04:45:35+00:00","msec":"1788929135.381","request_id":"407c642a07aa91993c1321005418e456","method":"POST","uri":"/api/orders/c8b5d058-86e1-4820-8d36-8eeca8ced7b2/payments","status":202,"request_time":"0.006","upstream":"172.20.0.8:8080","upstream_status":"202","connect_time":"0.000","header_time":"0.007","response_time":"0.007"}
nginx-1       | {"time":"2026-09-09T04:45:35+00:00","msec":"1788929135.474","request_id":"7de3c778ddc485aa2c700ca54651d219","method":"POST","uri":"/api/purchases","status":201,"request_time":"0.012","upstream":"172.20.0.8:8080","upstream_status":"201","connect_time":"0.000","header_time":"0.011","response_time":"0.011"}
nginx-1       | {"time":"2026-09-09T04:45:35+00:00","msec":"1788929135.482","request_id":"8769d762ecb6c41e6db74c63422c5237","method":"POST","uri":"/api/orders/53f3437d-bdf4-4f07-9ea2-8a7b7340f920/payments","status":202,"request_time":"0.007","upstream":"172.20.0.8:8080","upstream_status":"202","connect_time":"0.000","header_time":"0.006","response_time":"0.007"}
nginx-1       | {"time":"2026-09-09T04:45:35+00:00","msec":"1788929135.577","request_id":"fb4c52af1d9c38ab76969929d97a13a7","method":"POST","uri":"/api/purchases","status":201,"request_time":"0.014","upstream":"172.20.0.7:8080","upstream_status":"201","connect_time":"0.000","header_time":"0.013","response_time":"0.013"}
nginx-1       | {"time":"2026-09-09T04:45:35+00:00","msec":"1788929135.587","request_id":"3fb1f7d2e9f08a6ccac7513d80688225","method":"POST","uri":"/api/orders/5605dc04-e3b5-4078-8f41-b6034a74ab9d/payments","status":202,"request_time":"0.008","upstream":"172.20.0.7:8080","upstream_status":"202","connect_time":"0.000","header_time":"0.008","response_time":"0.008"}
nginx-1       | {"time":"2026-09-09T04:45:35+00:00","msec":"1788929135.682","request_id":"210281c7d689cc303960602a0bb85bda","method":"POST","uri":"/api/purchases","status":201,"request_time":"0.019","upstream":"172.20.0.8:8080","upstream_status":"201","connect_time":"0.000","header_time":"0.019","response_time":"0.019"}
nginx-1       | {"time":"2026-09-09T04:45:35+00:00","msec":"1788929135.692","request_id":"04d386377bee7b1a8f3628d5bb8b63b5","method":"POST","uri":"/api/orders/b8e08a02-4290-4746-b2a8-27ba5cbbd226/payments","status":202,"request_time":"0.008","upstream":"172.20.0.8:8080","upstream_status":"202","connect_time":"0.000","header_time":"0.008","response_time":"0.008"}
nginx-1       | {"time":"2026-09-09T04:45:35+00:00","msec":"1788929135.774","request_id":"d7f5608933e32fa41c1133a52b5b8bcd","method":"POST","uri":"/api/purchases","status":201,"request_time":"0.012","upstream":"172.20.0.7:8080","upstream_status":"201","connect_time":"0.000","header_time":"0.011","response_time":"0.011"}
nginx-1       | {"time":"2026-09-09T04:45:35+00:00","msec":"1788929135.785","request_id":"070aeaeae39cc44be3a1c1090dad5fcb","method":"POST","uri":"/api/orders/ae91ae73-d785-4903-9605-f0dc9084ddb1/payments","status":202,"request_time":"0.009","upstream":"172.20.0.8:8080","upstream_status":"202","connect_time":"0.000","header_time":"0.009","response_time":"0.009"}
nginx-1       | {"time":"2026-09-09T04:45:35+00:00","msec":"1788929135.874","request_id":"2e8e17d5d6eb8f3e413365758175733c","method":"POST","uri":"/api/purchases","status":201,"request_time":"0.011","upstream":"172.20.0.8:8080","upstream_status":"201","connect_time":"0.000","header_time":"0.011","response_time":"0.011"}
nginx-1       | {"time":"2026-09-09T04:45:35+00:00","msec":"1788929135.882","request_id":"9142ad96bc7fcabdddc7029e8418ad6d","method":"POST","uri":"/api/orders/c4671cf3-b0a9-4dce-b2a3-bdfd760234ed/payments","status":202,"request_time":"0.007","upstream":"172.20.0.8:8080","upstream_status":"202","connect_time":"0.000","header_time":"0.006","response_time":"0.007"}
nginx-1       | {"time":"2026-09-09T04:45:35+00:00","msec":"1788929135.973","request_id":"999dd271c21147e8892e6c51753c75ef","method":"POST","uri":"/api/purchases","status":201,"request_time":"0.011","upstream":"172.20.0.8:8080","upstream_status":"201","connect_time":"0.000","header_time":"0.011","response_time":"0.011"}
nginx-1       | {"time":"2026-09-09T04:45:35+00:00","msec":"1788929135.980","request_id":"170ca27086506f5409447191fb7aa7c2","method":"POST","uri":"/api/orders/22c07609-af5e-46b9-a0d8-862c77167c4f/payments","status":202,"request_time":"0.005","upstream":"172.20.0.8:8080","upstream_status":"202","connect_time":"0.000","header_time":"0.005","response_time":"0.006"}
nginx-1       | {"time":"2026-09-09T04:45:36+00:00","msec":"1788929136.075","request_id":"023634684a9a59087f6216859bc17086","method":"POST","uri":"/api/purchases","status":201,"request_time":"0.012","upstream":"172.20.0.8:8080","upstream_status":"201","connect_time":"0.000","header_time":"0.011","response_time":"0.012"}
nginx-1       | {"time":"2026-09-09T04:45:36+00:00","msec":"1788929136.082","request_id":"25cc48b2d65b600542aa809df115f325","method":"POST","uri":"/api/orders/2d63bef9-f915-404a-9190-490bfb5bd21d/payments","status":202,"request_time":"0.006","upstream":"172.20.0.8:8080","upstream_status":"202","connect_time":"0.000","header_time":"0.006","response_time":"0.006"}
nginx-1       | {"time":"2026-09-09T04:45:36+00:00","msec":"1788929136.175","request_id":"9c437ed07993e797165aa9ba53fd068c","method":"POST","uri":"/api/purchases","status":201,"request_time":"0.012","upstream":"172.20.0.7:8080","upstream_status":"201","connect_time":"0.000","header_time":"0.012","response_time":"0.013"}
nginx-1       | {"time":"2026-09-09T04:45:36+00:00","msec":"1788929136.184","request_id":"1d3609e81063434aa8f618071ca0c9be","method":"POST","uri":"/api/orders/cf3d2815-9b5e-452a-839f-33166dad1445/payments","status":202,"request_time":"0.007","upstream":"172.20.0.8:8080","upstream_status":"202","connect_time":"0.000","header_time":"0.007","response_time":"0.007"}
nginx-1       | {"time":"2026-09-09T04:45:36+00:00","msec":"1788929136.273","request_id":"99836a92f257ecb1bb90d0b87fb9c7db","method":"POST","uri":"/api/purchases","status":201,"request_time":"0.011","upstream":"172.20.0.7:8080","upstream_status":"201","connect_time":"0.000","header_time":"0.010","response_time":"0.010"}
nginx-1       | {"time":"2026-09-09T04:45:36+00:00","msec":"1788929136.281","request_id":"835b558a7a58d8e9ef6faf128503a9a8","method":"POST","uri":"/api/orders/c56dab76-68ec-4c4e-8f59-fe4cd48d714f/payments","status":202,"request_time":"0.007","upstream":"172.20.0.7:8080","upstream_status":"202","connect_time":"0.000","header_time":"0.006","response_time":"0.006"}
nginx-1       | {"time":"2026-09-09T04:45:36+00:00","msec":"1788929136.377","request_id":"0708ab69dcc91074c09212980e5a87ac","method":"POST","uri":"/api/purchases","status":201,"request_time":"0.014","upstream":"172.20.0.7:8080","upstream_status":"201","connect_time":"0.000","header_time":"0.014","response_time":"0.015"}
nginx-1       | {"time":"2026-09-09T04:45:36+00:00","msec":"1788929136.387","request_id":"ece90f7c93dc95d2b0fad4d6c8b1c9d9","method":"POST","uri":"/api/orders/4be2de86-cf04-4609-ba2c-510dea240ff5/payments","status":202,"request_time":"0.008","upstream":"172.20.0.8:8080","upstream_status":"202","connect_time":"0.000","header_time":"0.007","response_time":"0.007"}
nginx-1       | {"time":"2026-09-09T04:45:36+00:00","msec":"1788929136.472","request_id":"0769300b73029e7f12981f9ef9413743","method":"POST","uri":"/api/purchases","status":201,"request_time":"0.010","upstream":"172.20.0.8:8080","upstream_status":"201","connect_time":"0.000","header_time":"0.011","response_time":"0.011"}
nginx-1       | {"time":"2026-09-09T04:45:36+00:00","msec":"1788929136.481","request_id":"0758def83dea564acc40aded628a3dc6","method":"POST","uri":"/api/orders/efd52a0c-5378-453b-8493-d8eafa868a19/payments","status":202,"request_time":"0.007","upstream":"172.20.0.8:8080","upstream_status":"202","connect_time":"0.000","header_time":"0.006","response_time":"0.007"}
nginx-1       | {"time":"2026-09-09T04:45:36+00:00","msec":"1788929136.577","request_id":"25d5d967d7ddd12a9b818bfc5f4bae60","method":"POST","uri":"/api/purchases","status":201,"request_time":"0.014","upstream":"172.20.0.7:8080","upstream_status":"201","connect_time":"0.000","header_time":"0.014","response_time":"0.015"}
nginx-1       | {"time":"2026-09-09T04:45:36+00:00","msec":"1788929136.590","request_id":"0e68606ae4c414af0e7e8162e69dd2dc","method":"POST","uri":"/api/orders/a91f3415-e727-4406-a42d-843dff75c06b/payments","status":202,"request_time":"0.010","upstream":"172.20.0.8:8080","upstream_status":"202","connect_time":"0.000","header_time":"0.010","response_time":"0.011"}
nginx-1       | {"time":"2026-09-09T04:45:36+00:00","msec":"1788929136.674","request_id":"2a267cc316669bfa4f585d6ef5c80661","method":"POST","uri":"/api/purchases","status":201,"request_time":"0.011","upstream":"172.20.0.8:8080","upstream_status":"201","connect_time":"0.000","header_time":"0.011","response_time":"0.011"}
nginx-1       | {"time":"2026-09-09T04:45:36+00:00","msec":"1788929136.684","request_id":"a9c40bb0482ea744b26409d6a8c06193","method":"POST","uri":"/api/orders/e8f531b8-19b0-4905-8233-d56b3d103e3a/payments","status":202,"request_time":"0.008","upstream":"172.20.0.8:8080","upstream_status":"202","connect_time":"0.000","header_time":"0.008","response_time":"0.008"}
nginx-1       | {"time":"2026-09-09T04:45:36+00:00","msec":"1788929136.775","request_id":"6f6bbe7b0da3b4cdc9fe33f82da415b0","method":"POST","uri":"/api/purchases","status":201,"request_time":"0.012","upstream":"172.20.0.8:8080","upstream_status":"201","connect_time":"0.000","header_time":"0.013","response_time":"0.013"}
nginx-1       | {"time":"2026-09-09T04:45:36+00:00","msec":"1788929136.784","request_id":"5ebffc0508b6c0d0f1fd5d9c44da8ebc","method":"POST","uri":"/api/orders/186dd8a7-821a-48ef-83b5-c135c79aa9c8/payments","status":202,"request_time":"0.007","upstream":"172.20.0.8:8080","upstream_status":"202","connect_time":"0.000","header_time":"0.007","response_time":"0.008"}
nginx-1       | {"time":"2026-09-09T04:45:36+00:00","msec":"1788929136.875","request_id":"a2c6c39a3f5a3848ca0bdb96322fa319","method":"POST","uri":"/api/purchases","status":201,"request_time":"0.012","upstream":"172.20.0.8:8080","upstream_status":"201","connect_time":"0.000","header_time":"0.011","response_time":"0.012"}
nginx-1       | {"time":"2026-09-09T04:45:36+00:00","msec":"1788929136.884","request_id":"cf69ac3e521ec2dfbfe6ee51da5143f0","method":"POST","uri":"/api/orders/357bfd09-7e5b-4088-9637-1248f60b0bc6/payments","status":202,"request_time":"0.008","upstream":"172.20.0.8:8080","upstream_status":"202","connect_time":"0.000","header_time":"0.007","response_time":"0.007"}
nginx-1       | {"time":"2026-09-09T04:45:36+00:00","msec":"1788929136.974","request_id":"7b0faffa6127a4b51dcce6fda6d91c55","method":"POST","uri":"/api/purchases","status":201,"request_time":"0.011","upstream":"172.20.0.8:8080","upstream_status":"201","connect_time":"0.000","header_time":"0.011","response_time":"0.011"}
nginx-1       | {"time":"2026-09-09T04:45:36+00:00","msec":"1788929136.984","request_id":"0ea5afa7321740a92d1ee5ebbf40417b","method":"POST","uri":"/api/orders/6347c543-2df1-4102-aecf-b0c04f0fbcfc/payments","status":202,"request_time":"0.009","upstream":"172.20.0.7:8080","upstream_status":"202","connect_time":"0.000","header_time":"0.008","response_time":"0.008"}
nginx-1       | {"time":"2026-09-09T04:45:37+00:00","msec":"1788929137.077","request_id":"4d0d934017004c5ced475c75f45b03ca","method":"POST","uri":"/api/purchases","status":201,"request_time":"0.014","upstream":"172.20.0.8:8080","upstream_status":"201","connect_time":"0.000","header_time":"0.015","response_time":"0.015"}
nginx-1       | {"time":"2026-09-09T04:45:37+00:00","msec":"1788929137.087","request_id":"9dd758480d920af424f414ebfe56d3cc","method":"POST","uri":"/api/orders/45d79c17-c529-485a-9e2a-6203b7bafbe8/payments","status":202,"request_time":"0.008","upstream":"172.20.0.7:8080","upstream_status":"202","connect_time":"0.000","header_time":"0.007","response_time":"0.008"}
nginx-1       | {"time":"2026-09-09T04:45:37+00:00","msec":"1788929137.174","request_id":"cd2163e7fb95a986d7dca715062ad8b9","method":"POST","uri":"/api/purchases","status":201,"request_time":"0.011","upstream":"172.20.0.7:8080","upstream_status":"201","connect_time":"0.000","header_time":"0.011","response_time":"0.011"}
nginx-1       | {"time":"2026-09-09T04:45:37+00:00","msec":"1788929137.183","request_id":"f57f7f444c9afa96e55277575894ed52","method":"POST","uri":"/api/orders/b263c392-7568-44b3-872c-f4b63e26a243/payments","status":202,"request_time":"0.007","upstream":"172.20.0.7:8080","upstream_status":"202","connect_time":"0.000","header_time":"0.007","response_time":"0.007"}
nginx-1       | {"time":"2026-09-09T04:45:37+00:00","msec":"1788929137.273","request_id":"17cb664b026c86760a934bc6fb3ec519","method":"POST","uri":"/api/purchases","status":201,"request_time":"0.010","upstream":"172.20.0.7:8080","upstream_status":"201","connect_time":"0.000","header_time":"0.010","response_time":"0.011"}
nginx-1       | {"time":"2026-09-09T04:45:37+00:00","msec":"1788929137.282","request_id":"2c367cde3290538b92ce2cbecd2e48ec","method":"POST","uri":"/api/orders/d7f2a236-455f-48ec-9638-d02360049288/payments","status":202,"request_time":"0.007","upstream":"172.20.0.7:8080","upstream_status":"202","connect_time":"0.000","header_time":"0.007","response_time":"0.007"}
nginx-1       | {"time":"2026-09-09T04:45:37+00:00","msec":"1788929137.373","request_id":"8eb8e105bce73455683f8fa8f98f4e0d","method":"POST","uri":"/api/purchases","status":201,"request_time":"0.011","upstream":"172.20.0.7:8080","upstream_status":"201","connect_time":"0.000","header_time":"0.011","response_time":"0.011"}
nginx-1       | {"time":"2026-09-09T04:45:37+00:00","msec":"1788929137.380","request_id":"60ead3f6779fbde57b42639df3a07ba8","method":"POST","uri":"/api/orders/e8d58178-221e-41cf-9d4b-ad7c500a5fa4/payments","status":202,"request_time":"0.005","upstream":"172.20.0.7:8080","upstream_status":"202","connect_time":"0.000","header_time":"0.006","response_time":"0.006"}
nginx-1       | {"time":"2026-09-09T04:45:37+00:00","msec":"1788929137.473","request_id":"e0df2368c6be1809bda182916528f098","method":"POST","uri":"/api/purchases","status":201,"request_time":"0.010","upstream":"172.20.0.7:8080","upstream_status":"201","connect_time":"0.000","header_time":"0.010","response_time":"0.010"}
nginx-1       | {"time":"2026-09-09T04:45:37+00:00","msec":"1788929137.481","request_id":"72a8c25f1b4a933c6121a71e87848e7a","method":"POST","uri":"/api/orders/ce23a814-a48d-4775-aa03-b3f95951ba33/payments","status":202,"request_time":"0.006","upstream":"172.20.0.7:8080","upstream_status":"202","connect_time":"0.000","header_time":"0.006","response_time":"0.006"}
nginx-1       | {"time":"2026-09-09T04:45:37+00:00","msec":"1788929137.579","request_id":"c30101f6d1ca716881dd1e1bbc7ce076","method":"POST","uri":"/api/purchases","status":201,"request_time":"0.016","upstream":"172.20.0.7:8080","upstream_status":"201","connect_time":"0.000","header_time":"0.016","response_time":"0.017"}
nginx-1       | {"time":"2026-09-09T04:45:37+00:00","msec":"1788929137.588","request_id":"ba55c48998c427261ca625bbd679209f","method":"POST","uri":"/api/orders/42794f66-0e77-41f6-85f2-f01c33547779/payments","status":202,"request_time":"0.007","upstream":"172.20.0.7:8080","upstream_status":"202","connect_time":"0.000","header_time":"0.006","response_time":"0.006"}
nginx-1       | {"time":"2026-09-09T04:45:37+00:00","msec":"1788929137.673","request_id":"a0bf59e025719c107dd1ec118bb085f1","method":"POST","uri":"/api/purchases","status":201,"request_time":"0.011","upstream":"172.20.0.7:8080","upstream_status":"201","connect_time":"0.000","header_time":"0.010","response_time":"0.011"}
nginx-1       | {"time":"2026-09-09T04:45:37+00:00","msec":"1788929137.681","request_id":"06108cbc157d7729d295da00e3b0afdb","method":"POST","uri":"/api/orders/77dd22fa-c581-424e-a41d-2a899e05fd35/payments","status":202,"request_time":"0.006","upstream":"172.20.0.7:8080","upstream_status":"202","connect_time":"0.000","header_time":"0.007","response_time":"0.007"}
nginx-1       | {"time":"2026-09-09T04:45:37+00:00","msec":"1788929137.776","request_id":"fcccf77e134c354d43e24bf8d737d4bc","method":"POST","uri":"/api/purchases","status":201,"request_time":"0.014","upstream":"172.20.0.7:8080","upstream_status":"201","connect_time":"0.000","header_time":"0.012","response_time":"0.013"}
nginx-1       | {"time":"2026-09-09T04:45:37+00:00","msec":"1788929137.785","request_id":"ed2b986671aed65c077e6fe3ebd00db4","method":"POST","uri":"/api/orders/f9db7098-367e-4f31-8af6-5b5a72843598/payments","status":202,"request_time":"0.007","upstream":"172.20.0.8:8080","upstream_status":"202","connect_time":"0.000","header_time":"0.007","response_time":"0.008"}
nginx-1       | {"time":"2026-09-09T04:45:37+00:00","msec":"1788929137.877","request_id":"9edd3edb0e7561043fce94a197335d46","method":"POST","uri":"/api/purchases","status":201,"request_time":"0.014","upstream":"172.20.0.7:8080","upstream_status":"201","connect_time":"0.000","header_time":"0.014","response_time":"0.014"}
nginx-1       | {"time":"2026-09-09T04:45:37+00:00","msec":"1788929137.886","request_id":"d8669e1dbdec91665f5e6645e05a2742","method":"POST","uri":"/api/orders/49b6a0ba-3b6d-4ef3-b0d5-aefd5fa67f7c/payments","status":202,"request_time":"0.007","upstream":"172.20.0.8:8080","upstream_status":"202","connect_time":"0.000","header_time":"0.007","response_time":"0.008"}
nginx-1       | {"time":"2026-09-09T04:45:37+00:00","msec":"1788929137.980","request_id":"060085ead12a3ce40290d43405e3d661","method":"POST","uri":"/api/purchases","status":201,"request_time":"0.017","upstream":"172.20.0.7:8080","upstream_status":"201","connect_time":"0.000","header_time":"0.016","response_time":"0.016"}
nginx-1       | {"time":"2026-09-09T04:45:37+00:00","msec":"1788929137.989","request_id":"fa22f1a4d95085736631d9d17d4d1a7f","method":"POST","uri":"/api/orders/4367f377-c864-440f-9300-ecd6a5ba7ffa/payments","status":202,"request_time":"0.007","upstream":"172.20.0.7:8080","upstream_status":"202","connect_time":"0.000","header_time":"0.007","response_time":"0.008"}
nginx-1       | {"time":"2026-09-09T04:45:38+00:00","msec":"1788929138.073","request_id":"731174cebeda95ba79ab21f3984801dc","method":"POST","uri":"/api/purchases","status":201,"request_time":"0.010","upstream":"172.20.0.8:8080","upstream_status":"201","connect_time":"0.000","header_time":"0.010","response_time":"0.011"}
nginx-1       | {"time":"2026-09-09T04:45:38+00:00","msec":"1788929138.083","request_id":"f0e8d92cc9cddc7053f3da7d64639241","method":"POST","uri":"/api/orders/133904bc-9921-4250-8772-31c8f4258e25/payments","status":202,"request_time":"0.008","upstream":"172.20.0.8:8080","upstream_status":"202","connect_time":"0.000","header_time":"0.007","response_time":"0.007"}
nginx-1       | {"time":"2026-09-09T04:45:38+00:00","msec":"1788929138.174","request_id":"8076465314fb0a5573277113595329b2","method":"POST","uri":"/api/purchases","status":201,"request_time":"0.012","upstream":"172.20.0.7:8080","upstream_status":"201","connect_time":"0.000","header_time":"0.011","response_time":"0.012"}
nginx-1       | {"time":"2026-09-09T04:45:38+00:00","msec":"1788929138.183","request_id":"d568ed09bbd7de21addb4fa2c5d38e8b","method":"POST","uri":"/api/orders/af6cc36b-168a-4f0a-a5c0-299cdbd8653c/payments","status":202,"request_time":"0.007","upstream":"172.20.0.7:8080","upstream_status":"202","connect_time":"0.000","header_time":"0.006","response_time":"0.006"}
nginx-1       | {"time":"2026-09-09T04:45:38+00:00","msec":"1788929138.273","request_id":"4c89a738ceaddf7a4f33d107d6268b2f","method":"POST","uri":"/api/purchases","status":201,"request_time":"0.010","upstream":"172.20.0.8:8080","upstream_status":"201","connect_time":"0.000","header_time":"0.010","response_time":"0.010"}
nginx-1       | {"time":"2026-09-09T04:45:38+00:00","msec":"1788929138.281","request_id":"0b90f785e7efeafea44d26382af843da","method":"POST","uri":"/api/orders/1343ed9d-ed1b-4aca-a830-fc42649f90c1/payments","status":202,"request_time":"0.007","upstream":"172.20.0.8:8080","upstream_status":"202","connect_time":"0.000","header_time":"0.006","response_time":"0.007"}
nginx-1       | {"time":"2026-09-09T04:45:38+00:00","msec":"1788929138.373","request_id":"eff2a7baa2a299fc10bf050e121b742e","method":"POST","uri":"/api/purchases","status":201,"request_time":"0.010","upstream":"172.20.0.7:8080","upstream_status":"201","connect_time":"0.000","header_time":"0.011","response_time":"0.011"}
nginx-1       | {"time":"2026-09-09T04:45:38+00:00","msec":"1788929138.382","request_id":"ab635c96ddf89794818014fffaf0772b","method":"POST","uri":"/api/orders/613e0143-def8-4e48-8d1f-de3a5598609c/payments","status":202,"request_time":"0.007","upstream":"172.20.0.7:8080","upstream_status":"202","connect_time":"0.000","header_time":"0.006","response_time":"0.006"}
nginx-1       | {"time":"2026-09-09T04:45:38+00:00","msec":"1788929138.473","request_id":"cbf9a95d8ecfd787849d097eab3d9206","method":"POST","uri":"/api/purchases","status":201,"request_time":"0.010","upstream":"172.20.0.7:8080","upstream_status":"201","connect_time":"0.000","header_time":"0.010","response_time":"0.011"}
nginx-1       | {"time":"2026-09-09T04:45:38+00:00","msec":"1788929138.482","request_id":"3738dd1e53da895a6618035c07949b2a","method":"POST","uri":"/api/orders/8c2b45dd-a5c2-477e-8f70-68b3a5f24758/payments","status":202,"request_time":"0.007","upstream":"172.20.0.7:8080","upstream_status":"202","connect_time":"0.000","header_time":"0.006","response_time":"0.006"}
nginx-1       | {"time":"2026-09-09T04:45:38+00:00","msec":"1788929138.573","request_id":"0655ec15a6b09f656ac56d88f6c29e71","method":"POST","uri":"/api/purchases","status":201,"request_time":"0.010","upstream":"172.20.0.8:8080","upstream_status":"201","connect_time":"0.000","header_time":"0.011","response_time":"0.011"}
nginx-1       | {"time":"2026-09-09T04:45:38+00:00","msec":"1788929138.581","request_id":"6f6a9c74ef57f084cf4054fd5af9b99b","method":"POST","uri":"/api/orders/24a5f576-7488-4ee9-b3de-08fe36eb2a91/payments","status":202,"request_time":"0.006","upstream":"172.20.0.8:8080","upstream_status":"202","connect_time":"0.000","header_time":"0.006","response_time":"0.006"}
nginx-1       | {"time":"2026-09-09T04:45:38+00:00","msec":"1788929138.675","request_id":"1a0583a35602ff8c86f9e25a26a12079","method":"POST","uri":"/api/purchases","status":201,"request_time":"0.012","upstream":"172.20.0.8:8080","upstream_status":"201","connect_time":"0.000","header_time":"0.011","response_time":"0.011"}
nginx-1       | {"time":"2026-09-09T04:45:38+00:00","msec":"1788929138.684","request_id":"5fb2b734c579197bbcee54d23b24d80b","method":"POST","uri":"/api/orders/79b91339-dfd6-448e-9b72-85c08ab535cd/payments","status":202,"request_time":"0.008","upstream":"172.20.0.7:8080","upstream_status":"202","connect_time":"0.000","header_time":"0.007","response_time":"0.007"}
nginx-1       | {"time":"2026-09-09T04:45:38+00:00","msec":"1788929138.773","request_id":"6701847cd282be57a35db3e097f1bca9","method":"POST","uri":"/api/purchases","status":201,"request_time":"0.010","upstream":"172.20.0.7:8080","upstream_status":"201","connect_time":"0.000","header_time":"0.011","response_time":"0.011"}
nginx-1       | {"time":"2026-09-09T04:45:38+00:00","msec":"1788929138.782","request_id":"accedc368c9c7a8d08e4c6433ef3bb28","method":"POST","uri":"/api/orders/0384aa78-264f-476d-9100-884d24a8e8f1/payments","status":202,"request_time":"0.007","upstream":"172.20.0.8:8080","upstream_status":"202","connect_time":"0.000","header_time":"0.006","response_time":"0.006"}
nginx-1       | {"time":"2026-09-09T04:45:38+00:00","msec":"1788929138.878","request_id":"34a778c9e31a492d9896180258d87858","method":"POST","uri":"/api/purchases","status":201,"request_time":"0.015","upstream":"172.20.0.7:8080","upstream_status":"201","connect_time":"0.000","header_time":"0.014","response_time":"0.015"}
nginx-1       | {"time":"2026-09-09T04:45:38+00:00","msec":"1788929138.887","request_id":"429164993ffe8df3474b807f0ccfe6e7","method":"POST","uri":"/api/orders/d310400c-366f-4e84-9d86-e784215a67b0/payments","status":202,"request_time":"0.007","upstream":"172.20.0.7:8080","upstream_status":"202","connect_time":"0.000","header_time":"0.006","response_time":"0.006"}
nginx-1       | {"time":"2026-09-09T04:45:38+00:00","msec":"1788929138.975","request_id":"80ba4a27fb5bc4e7690938670892c172","method":"POST","uri":"/api/purchases","status":201,"request_time":"0.012","upstream":"172.20.0.7:8080","upstream_status":"201","connect_time":"0.000","header_time":"0.012","response_time":"0.012"}
nginx-1       | {"time":"2026-09-09T04:45:38+00:00","msec":"1788929138.985","request_id":"b058405ed6cdd16f47d2ae6f79e1a81e","method":"POST","uri":"/api/orders/e361ddd3-0537-46f2-8530-a67abc165ca6/payments","status":202,"request_time":"0.008","upstream":"172.20.0.7:8080","upstream_status":"202","connect_time":"0.000","header_time":"0.008","response_time":"0.008"}
nginx-1       | {"time":"2026-09-09T04:45:39+00:00","msec":"1788929139.074","request_id":"804cd6830be04cb42781db874e2aae39","method":"POST","uri":"/api/purchases","status":201,"request_time":"0.011","upstream":"172.20.0.8:8080","upstream_status":"201","connect_time":"0.000","header_time":"0.011","response_time":"0.012"}
nginx-1       | {"time":"2026-09-09T04:45:39+00:00","msec":"1788929139.083","request_id":"161ec28f94f160edb8d974859263f5c0","method":"POST","uri":"/api/orders/6c6510ed-3f4d-4015-b140-2ea6bd72b66f/payments","status":202,"request_time":"0.007","upstream":"172.20.0.8:8080","upstream_status":"202","connect_time":"0.000","header_time":"0.007","response_time":"0.007"}
nginx-1       | {"time":"2026-09-09T04:45:39+00:00","msec":"1788929139.174","request_id":"79d01b2a692ba7e03fdb41e8d388f4df","method":"POST","uri":"/api/purchases","status":201,"request_time":"0.012","upstream":"172.20.0.8:8080","upstream_status":"201","connect_time":"0.000","header_time":"0.011","response_time":"0.011"}
nginx-1       | {"time":"2026-09-09T04:45:39+00:00","msec":"1788929139.182","request_id":"2a5ba7d260ba17a47c112a6119dd7035","method":"POST","uri":"/api/orders/5be6e535-0105-43cb-a1f1-0aa4d381d784/payments","status":202,"request_time":"0.007","upstream":"172.20.0.7:8080","upstream_status":"202","connect_time":"0.000","header_time":"0.006","response_time":"0.007"}
nginx-1       | {"time":"2026-09-09T04:45:39+00:00","msec":"1788929139.272","request_id":"8fc38ae07a16cae2133f9c304912497d","method":"POST","uri":"/api/purchases","status":201,"request_time":"0.009","upstream":"172.20.0.8:8080","upstream_status":"201","connect_time":"0.000","header_time":"0.010","response_time":"0.010"}
nginx-1       | {"time":"2026-09-09T04:45:39+00:00","msec":"1788929139.280","request_id":"7109df7cd11f56269c7998c610d55821","method":"POST","uri":"/api/orders/e0e89963-23c3-4831-ac1a-50e799896347/payments","status":202,"request_time":"0.006","upstream":"172.20.0.7:8080","upstream_status":"202","connect_time":"0.000","header_time":"0.006","response_time":"0.006"}
nginx-1       | {"time":"2026-09-09T04:45:39+00:00","msec":"1788929139.375","request_id":"bda59e28114fca02c631586068a8397c","method":"POST","uri":"/api/purchases","status":201,"request_time":"0.013","upstream":"172.20.0.7:8080","upstream_status":"201","connect_time":"0.000","header_time":"0.013","response_time":"0.014"}
nginx-1       | {"time":"2026-09-09T04:45:39+00:00","msec":"1788929139.385","request_id":"9b781fe30028daf2dca39421a1fdd6a6","method":"POST","uri":"/api/orders/b84d07e1-cf02-4e35-97f8-c165c3dc93f6/payments","status":202,"request_time":"0.008","upstream":"172.20.0.7:8080","upstream_status":"202","connect_time":"0.000","header_time":"0.007","response_time":"0.007"}
nginx-1       | {"time":"2026-09-09T04:45:39+00:00","msec":"1788929139.472","request_id":"fff786003a714aa4b88dae8700d3832f","method":"POST","uri":"/api/purchases","status":201,"request_time":"0.010","upstream":"172.20.0.7:8080","upstream_status":"201","connect_time":"0.000","header_time":"0.009","response_time":"0.010"}
nginx-1       | {"time":"2026-09-09T04:45:39+00:00","msec":"1788929139.481","request_id":"df7259873af5487b35221cc25e81ab36","method":"POST","uri":"/api/orders/e0232b9f-9c3c-4141-b8bf-0518436d3d14/payments","status":202,"request_time":"0.007","upstream":"172.20.0.8:8080","upstream_status":"202","connect_time":"0.000","header_time":"0.007","response_time":"0.007"}
nginx-1       | {"time":"2026-09-09T04:45:39+00:00","msec":"1788929139.576","request_id":"52f9b6cc1fc65e693e702e76270b8750","method":"POST","uri":"/api/purchases","status":201,"request_time":"0.013","upstream":"172.20.0.7:8080","upstream_status":"201","connect_time":"0.000","header_time":"0.013","response_time":"0.013"}
nginx-1       | {"time":"2026-09-09T04:45:39+00:00","msec":"1788929139.584","request_id":"72d79db5493cc4a71b120647fc79b8e3","method":"POST","uri":"/api/orders/d870f003-81e9-4223-bd5d-f47647e10c0b/payments","status":202,"request_time":"0.007","upstream":"172.20.0.8:8080","upstream_status":"202","connect_time":"0.000","header_time":"0.006","response_time":"0.006"}
nginx-1       | {"time":"2026-09-09T04:45:39+00:00","msec":"1788929139.672","request_id":"75bd5cd1b821825abf04af32f06413fb","method":"POST","uri":"/api/purchases","status":201,"request_time":"0.010","upstream":"172.20.0.8:8080","upstream_status":"201","connect_time":"0.000","header_time":"0.009","response_time":"0.009"}
nginx-1       | {"time":"2026-09-09T04:45:39+00:00","msec":"1788929139.680","request_id":"035fa9528d49bef52593b001ece28a45","method":"POST","uri":"/api/orders/f6b666bb-0057-43d3-8b2d-47c148bc3b25/payments","status":202,"request_time":"0.007","upstream":"172.20.0.7:8080","upstream_status":"202","connect_time":"0.000","header_time":"0.006","response_time":"0.006"}
nginx-1       | {"time":"2026-09-09T04:45:39+00:00","msec":"1788929139.775","request_id":"4ccb0954dff8817926e48736bd0b79a6","method":"POST","uri":"/api/purchases","status":201,"request_time":"0.013","upstream":"172.20.0.8:8080","upstream_status":"201","connect_time":"0.000","header_time":"0.012","response_time":"0.012"}
nginx-1       | {"time":"2026-09-09T04:45:39+00:00","msec":"1788929139.784","request_id":"d9e712cdb7a92251f1ec9618559cf24c","method":"POST","uri":"/api/orders/abab19bd-9ced-4a77-b91a-717fc01da87c/payments","status":202,"request_time":"0.007","upstream":"172.20.0.7:8080","upstream_status":"202","connect_time":"0.000","header_time":"0.007","response_time":"0.008"}
nginx-1       | {"time":"2026-09-09T04:45:39+00:00","msec":"1788929139.874","request_id":"3bfdc71244a8506db81d1cb7f5a478c5","method":"POST","uri":"/api/purchases","status":201,"request_time":"0.011","upstream":"172.20.0.8:8080","upstream_status":"201","connect_time":"0.000","header_time":"0.011","response_time":"0.011"}
nginx-1       | {"time":"2026-09-09T04:45:39+00:00","msec":"1788929139.884","request_id":"b5993519c5a8c9c7b868504503fc52d7","method":"POST","uri":"/api/orders/d1ce5901-017e-4399-b312-9c2a5c726b74/payments","status":202,"request_time":"0.009","upstream":"172.20.0.7:8080","upstream_status":"202","connect_time":"0.000","header_time":"0.008","response_time":"0.009"}
nginx-1       | {"time":"2026-09-09T04:45:39+00:00","msec":"1788929139.979","request_id":"8bb6faafc50f3b70b81aaf248bb9927c","method":"POST","uri":"/api/purchases","status":201,"request_time":"0.017","upstream":"172.20.0.8:8080","upstream_status":"201","connect_time":"0.000","header_time":"0.016","response_time":"0.016"}
nginx-1       | {"time":"2026-09-09T04:45:39+00:00","msec":"1788929139.988","request_id":"90c1105d3e5f3edd57fbc7661e414f3e","method":"POST","uri":"/api/orders/ddbf7bf6-b643-4bfd-ab9e-109f955c7f81/payments","status":202,"request_time":"0.007","upstream":"172.20.0.8:8080","upstream_status":"202","connect_time":"0.000","header_time":"0.007","response_time":"0.007"}
nginx-1       | {"time":"2026-09-09T04:45:40+00:00","msec":"1788929140.074","request_id":"6cec1370561e6014d2b4e1cb7ca1bfc8","method":"POST","uri":"/api/purchases","status":201,"request_time":"0.011","upstream":"172.20.0.7:8080","upstream_status":"201","connect_time":"0.000","header_time":"0.011","response_time":"0.012"}
nginx-1       | {"time":"2026-09-09T04:45:40+00:00","msec":"1788929140.084","request_id":"17e2f2c73ce7e2f38e9b13b30ac2fbbf","method":"POST","uri":"/api/orders/3fd29f7e-64ba-4882-b1fe-4b7e9aa234fb/payments","status":202,"request_time":"0.008","upstream":"172.20.0.7:8080","upstream_status":"202","connect_time":"0.000","header_time":"0.007","response_time":"0.007"}
nginx-1       | {"time":"2026-09-09T04:45:40+00:00","msec":"1788929140.173","request_id":"a13ed5b063f6b26a49a6529c08cb1ec2","method":"POST","uri":"/api/purchases","status":201,"request_time":"0.011","upstream":"172.20.0.7:8080","upstream_status":"201","connect_time":"0.000","header_time":"0.010","response_time":"0.011"}
nginx-1       | {"time":"2026-09-09T04:45:40+00:00","msec":"1788929140.182","request_id":"79c897f1c5ffe53ec46440d1da85584f","method":"POST","uri":"/api/orders/902d780b-4891-4d65-a2f7-6716631c950e/payments","status":202,"request_time":"0.007","upstream":"172.20.0.8:8080","upstream_status":"202","connect_time":"0.000","header_time":"0.007","response_time":"0.008"}
nginx-1       | {"time":"2026-09-09T04:45:40+00:00","msec":"1788929140.275","request_id":"46002c7a6aa8223e3b8202d85e0ff9fa","method":"POST","uri":"/api/purchases","status":201,"request_time":"0.012","upstream":"172.20.0.8:8080","upstream_status":"201","connect_time":"0.000","header_time":"0.011","response_time":"0.012"}
nginx-1       | {"time":"2026-09-09T04:45:40+00:00","msec":"1788929140.285","request_id":"832541350a03260e26d71f6c3d29a2f2","method":"POST","uri":"/api/orders/8394fc17-c54b-41e1-9570-20858686e408/payments","status":202,"request_time":"0.008","upstream":"172.20.0.7:8080","upstream_status":"202","connect_time":"0.000","header_time":"0.007","response_time":"0.008"}
nginx-1       | {"time":"2026-09-09T04:45:40+00:00","msec":"1788929140.372","request_id":"16c19a2fe4e84b84e30f532f2aaeb272","method":"POST","uri":"/api/purchases","status":201,"request_time":"0.010","upstream":"172.20.0.7:8080","upstream_status":"201","connect_time":"0.000","header_time":"0.011","response_time":"0.011"}
nginx-1       | {"time":"2026-09-09T04:45:40+00:00","msec":"1788929140.382","request_id":"9e357188f82338e52185210d3ba9d995","method":"POST","uri":"/api/orders/c7be0a8f-a5ef-4b8b-af17-ac441043d68b/payments","status":202,"request_time":"0.008","upstream":"172.20.0.8:8080","upstream_status":"202","connect_time":"0.000","header_time":"0.007","response_time":"0.007"}
nginx-1       | {"time":"2026-09-09T04:45:40+00:00","msec":"1788929140.473","request_id":"d48eb8db09e2e229c676d642e74508f4","method":"POST","uri":"/api/purchases","status":201,"request_time":"0.010","upstream":"172.20.0.8:8080","upstream_status":"201","connect_time":"0.000","header_time":"0.011","response_time":"0.011"}
nginx-1       | {"time":"2026-09-09T04:45:40+00:00","msec":"1788929140.482","request_id":"da7b2d3e7547931b84ac779393be2401","method":"POST","uri":"/api/orders/79801fa4-352a-4cea-a867-181e67ea6a7f/payments","status":202,"request_time":"0.007","upstream":"172.20.0.7:8080","upstream_status":"202","connect_time":"0.000","header_time":"0.006","response_time":"0.006"}
nginx-1       | {"time":"2026-09-09T04:45:40+00:00","msec":"1788929140.573","request_id":"2b4f69ecfcbbf763df0b5e702eb966ed","method":"POST","uri":"/api/purchases","status":201,"request_time":"0.010","upstream":"172.20.0.7:8080","upstream_status":"201","connect_time":"0.000","header_time":"0.010","response_time":"0.011"}
nginx-1       | {"time":"2026-09-09T04:45:40+00:00","msec":"1788929140.582","request_id":"1ddc51bac7025d7e80f19d1411d1e020","method":"POST","uri":"/api/orders/d95e03ea-0fd6-427b-8ab3-99e13420579b/payments","status":202,"request_time":"0.007","upstream":"172.20.0.8:8080","upstream_status":"202","connect_time":"0.000","header_time":"0.007","response_time":"0.007"}
nginx-1       | {"time":"2026-09-09T04:45:40+00:00","msec":"1788929140.672","request_id":"4c7770a325d5a3e51c02f7fb0a0d6ccc","method":"POST","uri":"/api/purchases","status":201,"request_time":"0.009","upstream":"172.20.0.7:8080","upstream_status":"201","connect_time":"0.000","header_time":"0.009","response_time":"0.010"}
nginx-1       | {"time":"2026-09-09T04:45:40+00:00","msec":"1788929140.680","request_id":"3d774204e317d3edfccb5c28e8fe878b","method":"POST","uri":"/api/orders/ba8c8cbe-3f3f-41ae-b742-806b9b6d3efa/payments","status":202,"request_time":"0.006","upstream":"172.20.0.7:8080","upstream_status":"202","connect_time":"0.000","header_time":"0.006","response_time":"0.006"}
nginx-1       | {"time":"2026-09-09T04:45:40+00:00","msec":"1788929140.772","request_id":"1c74bbdf5331747f602496bbf4d6985a","method":"POST","uri":"/api/purchases","status":201,"request_time":"0.010","upstream":"172.20.0.8:8080","upstream_status":"201","connect_time":"0.000","header_time":"0.010","response_time":"0.011"}
nginx-1       | {"time":"2026-09-09T04:45:40+00:00","msec":"1788929140.782","request_id":"c6bb5effe0deba0cce678bd63382ec71","method":"POST","uri":"/api/orders/66b61df4-b751-42d7-b6cb-a37b26ddf8ec/payments","status":202,"request_time":"0.008","upstream":"172.20.0.8:8080","upstream_status":"202","connect_time":"0.000","header_time":"0.008","response_time":"0.009"}
nginx-1       | {"time":"2026-09-09T04:45:40+00:00","msec":"1788929140.872","request_id":"96e2b1c46b7b076d9b45a0ee88894a4a","method":"POST","uri":"/api/purchases","status":201,"request_time":"0.009","upstream":"172.20.0.8:8080","upstream_status":"201","connect_time":"0.000","header_time":"0.009","response_time":"0.010"}
nginx-1       | {"time":"2026-09-09T04:45:40+00:00","msec":"1788929140.881","request_id":"04288697460ee41b824412fd3dd80af4","method":"POST","uri":"/api/orders/28119d91-e587-4cd4-b670-0748bbe9c789/payments","status":202,"request_time":"0.007","upstream":"172.20.0.8:8080","upstream_status":"202","connect_time":"0.000","header_time":"0.007","response_time":"0.007"}
nginx-1       | {"time":"2026-09-09T04:45:40+00:00","msec":"1788929140.974","request_id":"76ea7576b55e92f53ad4d62e0e8295ea","method":"POST","uri":"/api/purchases","status":201,"request_time":"0.011","upstream":"172.20.0.7:8080","upstream_status":"201","connect_time":"0.000","header_time":"0.011","response_time":"0.011"}
nginx-1       | {"time":"2026-09-09T04:45:40+00:00","msec":"1788929140.983","request_id":"a3c8d794cfc485f66e75765d9d5031fb","method":"POST","uri":"/api/orders/f83ec0d9-f0f9-4ab9-a5c8-b52a0bc7b83a/payments","status":202,"request_time":"0.007","upstream":"172.20.0.8:8080","upstream_status":"202","connect_time":"0.000","header_time":"0.007","response_time":"0.007"}
nginx-1       | {"time":"2026-09-09T04:45:41+00:00","msec":"1788929141.073","request_id":"c80f33f75e6515251bc6041e9a8582f8","method":"POST","uri":"/api/purchases","status":201,"request_time":"0.011","upstream":"172.20.0.7:8080","upstream_status":"201","connect_time":"0.000","header_time":"0.010","response_time":"0.010"}
nginx-1       | {"time":"2026-09-09T04:45:41+00:00","msec":"1788929141.081","request_id":"e2c92f7f248ee01b5184a43c4cff490c","method":"POST","uri":"/api/orders/07c7226e-5419-4336-a8ca-60fda3ff4391/payments","status":202,"request_time":"0.007","upstream":"172.20.0.8:8080","upstream_status":"202","connect_time":"0.000","header_time":"0.006","response_time":"0.006"}
nginx-1       | {"time":"2026-09-09T04:45:41+00:00","msec":"1788929141.178","request_id":"f2a6ad86acd87717269cb2668ecdba6e","method":"POST","uri":"/api/purchases","status":201,"request_time":"0.015","upstream":"172.20.0.8:8080","upstream_status":"201","connect_time":"0.000","header_time":"0.014","response_time":"0.014"}
nginx-1       | {"time":"2026-09-09T04:45:41+00:00","msec":"1788929141.187","request_id":"c16b42d2e3181f75387c1c4731cc8f6b","method":"POST","uri":"/api/orders/2a2f3369-a932-4b61-a909-3aa671a5d425/payments","status":202,"request_time":"0.007","upstream":"172.20.0.8:8080","upstream_status":"202","connect_time":"0.000","header_time":"0.007","response_time":"0.008"}
nginx-1       | {"time":"2026-09-09T04:45:41+00:00","msec":"1788929141.274","request_id":"805e1b725fde0a1c1ec2fc4e8538351b","method":"POST","uri":"/api/purchases","status":201,"request_time":"0.012","upstream":"172.20.0.7:8080","upstream_status":"201","connect_time":"0.000","header_time":"0.012","response_time":"0.012"}
nginx-1       | {"time":"2026-09-09T04:45:41+00:00","msec":"1788929141.282","request_id":"0ec02b9bd62037b1726e9e576b61f940","method":"POST","uri":"/api/orders/746430b1-c572-484c-b7a2-a0fadc82394d/payments","status":202,"request_time":"0.007","upstream":"172.20.0.7:8080","upstream_status":"202","connect_time":"0.000","header_time":"0.006","response_time":"0.007"}
nginx-1       | {"time":"2026-09-09T04:45:41+00:00","msec":"1788929141.375","request_id":"10c68aea602ee916ab43c5ee92e8f1e9","method":"POST","uri":"/api/purchases","status":201,"request_time":"0.013","upstream":"172.20.0.7:8080","upstream_status":"201","connect_time":"0.000","header_time":"0.012","response_time":"0.012"}
nginx-1       | {"time":"2026-09-09T04:45:41+00:00","msec":"1788929141.383","request_id":"41aecb6211b06745da69e4fe59c8d065","method":"POST","uri":"/api/orders/64964578-ab3c-4c9a-837e-260eaf83021d/payments","status":202,"request_time":"0.007","upstream":"172.20.0.8:8080","upstream_status":"202","connect_time":"0.000","header_time":"0.006","response_time":"0.006"}
nginx-1       | {"time":"2026-09-09T04:45:41+00:00","msec":"1788929141.472","request_id":"e1b5536bf650442dcfa2af9b27b6f040","method":"POST","uri":"/api/purchases","status":201,"request_time":"0.010","upstream":"172.20.0.8:8080","upstream_status":"201","connect_time":"0.000","header_time":"0.009","response_time":"0.010"}
nginx-1       | {"time":"2026-09-09T04:45:41+00:00","msec":"1788929141.481","request_id":"0045baef7d9a3d1556bbe6af12ac7bbc","method":"POST","uri":"/api/orders/8885834d-bd64-46fd-a707-7244bc6c6619/payments","status":202,"request_time":"0.007","upstream":"172.20.0.7:8080","upstream_status":"202","connect_time":"0.000","header_time":"0.007","response_time":"0.007"}
nginx-1       | {"time":"2026-09-09T04:45:41+00:00","msec":"1788929141.573","request_id":"39d8c57c69d46d32277f2537b36afa43","method":"POST","uri":"/api/purchases","status":201,"request_time":"0.011","upstream":"172.20.0.7:8080","upstream_status":"201","connect_time":"0.000","header_time":"0.010","response_time":"0.010"}
nginx-1       | {"time":"2026-09-09T04:45:41+00:00","msec":"1788929141.581","request_id":"d3155ee75cfa5f114c4f89d238ff7041","method":"POST","uri":"/api/orders/ec8e5277-fc56-4bfa-b415-53cda771e0ad/payments","status":202,"request_time":"0.007","upstream":"172.20.0.7:8080","upstream_status":"202","connect_time":"0.000","header_time":"0.006","response_time":"0.006"}
nginx-1       | {"time":"2026-09-09T04:45:41+00:00","msec":"1788929141.673","request_id":"4ded819becbe82cee698a1f891f5a370","method":"POST","uri":"/api/purchases","status":201,"request_time":"0.010","upstream":"172.20.0.8:8080","upstream_status":"201","connect_time":"0.000","header_time":"0.010","response_time":"0.010"}
nginx-1       | {"time":"2026-09-09T04:45:41+00:00","msec":"1788929141.683","request_id":"d23fe6cc12d161558836f66bfa26ebbb","method":"POST","uri":"/api/orders/a04baa84-a4a9-4d7f-80d2-1c5ab60917bf/payments","status":202,"request_time":"0.008","upstream":"172.20.0.8:8080","upstream_status":"202","connect_time":"0.000","header_time":"0.008","response_time":"0.008"}
nginx-1       | {"time":"2026-09-09T04:45:41+00:00","msec":"1788929141.773","request_id":"ed7c1fd5a45c76de6eadd483f02cf378","method":"POST","uri":"/api/purchases","status":201,"request_time":"0.011","upstream":"172.20.0.7:8080","upstream_status":"201","connect_time":"0.000","header_time":"0.011","response_time":"0.011"}
nginx-1       | {"time":"2026-09-09T04:45:41+00:00","msec":"1788929141.780","request_id":"0d7157516c521b790ba724c2ded97fe3","method":"POST","uri":"/api/orders/1447f4aa-d098-4a56-b7c1-0073e737501d/payments","status":202,"request_time":"0.006","upstream":"172.20.0.7:8080","upstream_status":"202","connect_time":"0.000","header_time":"0.005","response_time":"0.006"}
nginx-1       | {"time":"2026-09-09T04:45:41+00:00","msec":"1788929141.873","request_id":"5f6fd3d5fd042d0ba7e0ed0ab899ef51","method":"POST","uri":"/api/purchases","status":201,"request_time":"0.010","upstream":"172.20.0.7:8080","upstream_status":"201","connect_time":"0.000","header_time":"0.010","response_time":"0.010"}
nginx-1       | {"time":"2026-09-09T04:45:41+00:00","msec":"1788929141.880","request_id":"dfd720c12813248ef75fa2f246c3de83","method":"POST","uri":"/api/orders/ab96fe19-8678-4e83-a92e-a2d3763a266f/payments","status":202,"request_time":"0.006","upstream":"172.20.0.8:8080","upstream_status":"202","connect_time":"0.000","header_time":"0.005","response_time":"0.005"}
nginx-1       | {"time":"2026-09-09T04:45:41+00:00","msec":"1788929141.973","request_id":"20f91874f0496566146bf0c2a6c0ec2d","method":"POST","uri":"/api/purchases","status":201,"request_time":"0.011","upstream":"172.20.0.7:8080","upstream_status":"201","connect_time":"0.000","header_time":"0.010","response_time":"0.010"}
nginx-1       | {"time":"2026-09-09T04:45:41+00:00","msec":"1788929141.981","request_id":"d96c50e4c02aec40bf5c620791eb9962","method":"POST","uri":"/api/orders/becd0441-ec6b-4dc0-9c02-b35456f98cf4/payments","status":202,"request_time":"0.006","upstream":"172.20.0.8:8080","upstream_status":"202","connect_time":"0.000","header_time":"0.006","response_time":"0.006"}
nginx-1       | {"time":"2026-09-09T04:45:42+00:00","msec":"1788929142.073","request_id":"0fc33ee5d18d89df4b572839ce14ae6e","method":"POST","uri":"/api/purchases","status":201,"request_time":"0.011","upstream":"172.20.0.8:8080","upstream_status":"201","connect_time":"0.000","header_time":"0.011","response_time":"0.011"}
nginx-1       | {"time":"2026-09-09T04:45:42+00:00","msec":"1788929142.082","request_id":"fe7d2959c08265e774a6294d8b6e4e57","method":"POST","uri":"/api/orders/614c3907-8cc7-4b45-9daa-d32cfa9e1594/payments","status":202,"request_time":"0.007","upstream":"172.20.0.8:8080","upstream_status":"202","connect_time":"0.000","header_time":"0.007","response_time":"0.007"}
nginx-1       | {"time":"2026-09-09T04:45:42+00:00","msec":"1788929142.173","request_id":"6049e220c8a282f7d147d6d14e84bb0b","method":"POST","uri":"/api/purchases","status":201,"request_time":"0.011","upstream":"172.20.0.7:8080","upstream_status":"201","connect_time":"0.000","header_time":"0.010","response_time":"0.011"}
nginx-1       | {"time":"2026-09-09T04:45:42+00:00","msec":"1788929142.181","request_id":"8a25e885a948f560f93b7188316d137f","method":"POST","uri":"/api/orders/fba4bfe3-ceda-4f2e-a576-bc4691f6c11e/payments","status":202,"request_time":"0.006","upstream":"172.20.0.8:8080","upstream_status":"202","connect_time":"0.000","header_time":"0.006","response_time":"0.007"}
nginx-1       | {"time":"2026-09-09T04:45:42+00:00","msec":"1788929142.279","request_id":"720a7a62d60cb1b7d093f3a96b6a35dd","method":"POST","uri":"/api/purchases","status":201,"request_time":"0.016","upstream":"172.20.0.7:8080","upstream_status":"201","connect_time":"0.000","header_time":"0.016","response_time":"0.016"}
nginx-1       | {"time":"2026-09-09T04:45:42+00:00","msec":"1788929142.289","request_id":"f9f9b0a7a10f84997fb01e383e8015e6","method":"POST","uri":"/api/orders/880fa115-7cb4-4073-b736-6fcb680ef875/payments","status":202,"request_time":"0.007","upstream":"172.20.0.7:8080","upstream_status":"202","connect_time":"0.000","header_time":"0.007","response_time":"0.007"}
nginx-1       | {"time":"2026-09-09T04:45:42+00:00","msec":"1788929142.373","request_id":"0263ddbf2fa9f6d0cb22982f59684d04","method":"POST","uri":"/api/purchases","status":201,"request_time":"0.011","upstream":"172.20.0.8:8080","upstream_status":"201","connect_time":"0.000","header_time":"0.011","response_time":"0.012"}
nginx-1       | {"time":"2026-09-09T04:45:42+00:00","msec":"1788929142.387","request_id":"f242b76d723928b60c6ba826d19e124f","method":"POST","uri":"/api/orders/b6238892-3e58-4b16-b8c2-3b6cf4baf323/payments","status":202,"request_time":"0.012","upstream":"172.20.0.7:8080","upstream_status":"202","connect_time":"0.000","header_time":"0.012","response_time":"0.012"}
nginx-1       | {"time":"2026-09-09T04:45:42+00:00","msec":"1788929142.473","request_id":"4cedc3bd9029a4d7a84f0b0fd1db8d25","method":"POST","uri":"/api/purchases","status":201,"request_time":"0.011","upstream":"172.20.0.8:8080","upstream_status":"201","connect_time":"0.000","header_time":"0.010","response_time":"0.010"}
nginx-1       | {"time":"2026-09-09T04:45:42+00:00","msec":"1788929142.487","request_id":"38584fc4fb24e4ffaa2ba92784b8c680","method":"POST","uri":"/api/orders/a90cbbe5-a2f8-46a3-83b8-760c2aaa7609/payments","status":202,"request_time":"0.012","upstream":"172.20.0.7:8080","upstream_status":"202","connect_time":"0.000","header_time":"0.012","response_time":"0.012"}
nginx-1       | {"time":"2026-09-09T04:45:42+00:00","msec":"1788929142.574","request_id":"4664830fd04be5818944b5604728839d","method":"POST","uri":"/api/purchases","status":201,"request_time":"0.011","upstream":"172.20.0.8:8080","upstream_status":"201","connect_time":"0.000","header_time":"0.011","response_time":"0.011"}
nginx-1       | {"time":"2026-09-09T04:45:42+00:00","msec":"1788929142.582","request_id":"0f99b87044d8435519ae0a4b495c4b76","method":"POST","uri":"/api/orders/6540e579-fe49-4498-9535-977aa24e5284/payments","status":202,"request_time":"0.007","upstream":"172.20.0.8:8080","upstream_status":"202","connect_time":"0.000","header_time":"0.006","response_time":"0.006"}
nginx-1       | {"time":"2026-09-09T04:45:42+00:00","msec":"1788929142.671","request_id":"59ccd65c752ace33681e0d04e3873091","method":"POST","uri":"/api/purchases","status":201,"request_time":"0.009","upstream":"172.20.0.8:8080","upstream_status":"201","connect_time":"0.000","header_time":"0.008","response_time":"0.008"}
nginx-1       | {"time":"2026-09-09T04:45:42+00:00","msec":"1788929142.680","request_id":"2a52748ffbb040475b5d71259201ef40","method":"POST","uri":"/api/orders/cef4430e-55cd-40f4-8d2d-c2909fef582c/payments","status":202,"request_time":"0.007","upstream":"172.20.0.7:8080","upstream_status":"202","connect_time":"0.000","header_time":"0.007","response_time":"0.007"}
nginx-1       | {"time":"2026-09-09T04:45:42+00:00","msec":"1788929142.772","request_id":"d5b68aacc7d01f9f5a91cfce3612c932","method":"POST","uri":"/api/purchases","status":201,"request_time":"0.010","upstream":"172.20.0.8:8080","upstream_status":"201","connect_time":"0.000","header_time":"0.009","response_time":"0.009"}
nginx-1       | {"time":"2026-09-09T04:45:42+00:00","msec":"1788929142.781","request_id":"1d8f82389b0d41bb0f4be6de36da5e20","method":"POST","uri":"/api/orders/1f5a5c51-7415-4305-a183-85ed86b05f2c/payments","status":202,"request_time":"0.007","upstream":"172.20.0.7:8080","upstream_status":"202","connect_time":"0.000","header_time":"0.007","response_time":"0.007"}
nginx-1       | {"time":"2026-09-09T04:45:42+00:00","msec":"1788929142.871","request_id":"ad45da946a45a9e4203b768d064f11d7","method":"POST","uri":"/api/purchases","status":201,"request_time":"0.009","upstream":"172.20.0.8:8080","upstream_status":"201","connect_time":"0.000","header_time":"0.009","response_time":"0.010"}
nginx-1       | {"time":"2026-09-09T04:45:42+00:00","msec":"1788929142.878","request_id":"fa48e44b696b5d02f7b408066cdf8ca4","method":"POST","uri":"/api/orders/0a5a1df7-e5c2-42b4-93e8-3ae164277553/payments","status":202,"request_time":"0.005","upstream":"172.20.0.8:8080","upstream_status":"202","connect_time":"0.000","header_time":"0.006","response_time":"0.006"}
nginx-1       | {"time":"2026-09-09T04:45:42+00:00","msec":"1788929142.973","request_id":"85a254ef17477266535c2267dfd82710","method":"POST","uri":"/api/purchases","status":201,"request_time":"0.010","upstream":"172.20.0.8:8080","upstream_status":"201","connect_time":"0.000","header_time":"0.010","response_time":"0.010"}
nginx-1       | {"time":"2026-09-09T04:45:42+00:00","msec":"1788929142.980","request_id":"15022ceab3dd0c3ae610316ab5e1fd2d","method":"POST","uri":"/api/orders/8d4575f2-fdba-4a0a-975c-328cb97b9c7e/payments","status":202,"request_time":"0.006","upstream":"172.20.0.7:8080","upstream_status":"202","connect_time":"0.000","header_time":"0.005","response_time":"0.006"}
nginx-1       | {"time":"2026-09-09T04:45:43+00:00","msec":"1788929143.074","request_id":"8d731d56a378aa2ad962236aa3831f0b","method":"POST","uri":"/api/purchases","status":201,"request_time":"0.011","upstream":"172.20.0.7:8080","upstream_status":"201","connect_time":"0.000","header_time":"0.012","response_time":"0.012"}
nginx-1       | {"time":"2026-09-09T04:45:43+00:00","msec":"1788929143.083","request_id":"ff4a84c8186b86d000c0a224def30712","method":"POST","uri":"/api/orders/09a0a39b-912c-4dd4-a79b-4168aca4a344/payments","status":202,"request_time":"0.007","upstream":"172.20.0.7:8080","upstream_status":"202","connect_time":"0.000","header_time":"0.006","response_time":"0.007"}
nginx-1       | {"time":"2026-09-09T04:45:43+00:00","msec":"1788929143.174","request_id":"e5936754beec04ee307ab58170fb056a","method":"POST","uri":"/api/purchases","status":201,"request_time":"0.011","upstream":"172.20.0.7:8080","upstream_status":"201","connect_time":"0.000","header_time":"0.011","response_time":"0.011"}
nginx-1       | {"time":"2026-09-09T04:45:43+00:00","msec":"1788929143.183","request_id":"073a2bb3bedb7753b8f4c07c5c7e2c1f","method":"POST","uri":"/api/orders/cb4155b2-72d9-4c33-bbe0-840cf5090b28/payments","status":202,"request_time":"0.008","upstream":"172.20.0.8:8080","upstream_status":"202","connect_time":"0.000","header_time":"0.007","response_time":"0.007"}
nginx-1       | {"time":"2026-09-09T04:45:43+00:00","msec":"1788929143.273","request_id":"c8b4bdfe63409963dcd09ac5af55254a","method":"POST","uri":"/api/purchases","status":201,"request_time":"0.010","upstream":"172.20.0.7:8080","upstream_status":"201","connect_time":"0.000","header_time":"0.010","response_time":"0.010"}
nginx-1       | {"time":"2026-09-09T04:45:43+00:00","msec":"1788929143.281","request_id":"8ea46de09509a1977ad974efee7109b8","method":"POST","uri":"/api/orders/0111302b-bbaa-422f-9545-d873f84613ac/payments","status":202,"request_time":"0.006","upstream":"172.20.0.7:8080","upstream_status":"202","connect_time":"0.000","header_time":"0.006","response_time":"0.006"}
nginx-1       | {"time":"2026-09-09T04:45:43+00:00","msec":"1788929143.372","request_id":"9a675c4b4abaac6334b38b82939feaa1","method":"POST","uri":"/api/purchases","status":201,"request_time":"0.010","upstream":"172.20.0.7:8080","upstream_status":"201","connect_time":"0.000","header_time":"0.010","response_time":"0.010"}
nginx-1       | {"time":"2026-09-09T04:45:43+00:00","msec":"1788929143.380","request_id":"01029bf29d910e798348ca732c42cdcb","method":"POST","uri":"/api/orders/b8b60a01-ed4c-43e3-9de4-c6ee09027428/payments","status":202,"request_time":"0.006","upstream":"172.20.0.7:8080","upstream_status":"202","connect_time":"0.000","header_time":"0.006","response_time":"0.006"}
nginx-1       | {"time":"2026-09-09T04:45:43+00:00","msec":"1788929143.474","request_id":"4bb72fb2074e442e00e68489a5654ffd","method":"POST","uri":"/api/purchases","status":201,"request_time":"0.011","upstream":"172.20.0.7:8080","upstream_status":"201","connect_time":"0.000","header_time":"0.011","response_time":"0.012"}
nginx-1       | {"time":"2026-09-09T04:45:43+00:00","msec":"1788929143.484","request_id":"72556304a521fea6d5affbf87105e627","method":"POST","uri":"/api/orders/dc7d56df-dbc3-4b46-b83b-b2faa56bf009/payments","status":202,"request_time":"0.008","upstream":"172.20.0.8:8080","upstream_status":"202","connect_time":"0.000","header_time":"0.008","response_time":"0.008"}
nginx-1       | {"time":"2026-09-09T04:45:43+00:00","msec":"1788929143.574","request_id":"e422b4ef2c63fdecfb5d803ec0414cdd","method":"POST","uri":"/api/purchases","status":201,"request_time":"0.011","upstream":"172.20.0.7:8080","upstream_status":"201","connect_time":"0.000","header_time":"0.011","response_time":"0.011"}
nginx-1       | {"time":"2026-09-09T04:45:43+00:00","msec":"1788929143.583","request_id":"32739ab0e5341af03ad5aeeb5cb2c02f","method":"POST","uri":"/api/orders/380be504-1eda-480d-be64-0399dff399b4/payments","status":202,"request_time":"0.007","upstream":"172.20.0.8:8080","upstream_status":"202","connect_time":"0.000","header_time":"0.007","response_time":"0.007"}
nginx-1       | {"time":"2026-09-09T04:45:43+00:00","msec":"1788929143.672","request_id":"01bfdeaf1977744b3104cb8b23c97711","method":"POST","uri":"/api/purchases","status":201,"request_time":"0.010","upstream":"172.20.0.7:8080","upstream_status":"201","connect_time":"0.000","header_time":"0.009","response_time":"0.010"}
nginx-1       | {"time":"2026-09-09T04:45:43+00:00","msec":"1788929143.681","request_id":"f0a6b431ce8a6d758406bc94e069d138","method":"POST","uri":"/api/orders/fb94f93d-eb73-401c-ab77-8c22328da52d/payments","status":202,"request_time":"0.007","upstream":"172.20.0.8:8080","upstream_status":"202","connect_time":"0.000","header_time":"0.008","response_time":"0.008"}
nginx-1       | {"time":"2026-09-09T04:45:43+00:00","msec":"1788929143.773","request_id":"ebf3be7f97381797b43511d350c20e7c","method":"POST","uri":"/api/purchases","status":201,"request_time":"0.011","upstream":"172.20.0.8:8080","upstream_status":"201","connect_time":"0.000","header_time":"0.010","response_time":"0.011"}
nginx-1       | {"time":"2026-09-09T04:45:43+00:00","msec":"1788929143.781","request_id":"6e268606f250063bc8a9487cc16d6995","method":"POST","uri":"/api/orders/70e686ef-cec7-4677-bcba-209f4b46c4ec/payments","status":202,"request_time":"0.006","upstream":"172.20.0.7:8080","upstream_status":"202","connect_time":"0.000","header_time":"0.006","response_time":"0.006"}
nginx-1       | {"time":"2026-09-09T04:45:43+00:00","msec":"1788929143.871","request_id":"f5411f234bdb144aef35ebf228cd8a94","method":"POST","uri":"/api/purchases","status":201,"request_time":"0.009","upstream":"172.20.0.8:8080","upstream_status":"201","connect_time":"0.000","header_time":"0.008","response_time":"0.009"}
nginx-1       | {"time":"2026-09-09T04:45:43+00:00","msec":"1788929143.879","request_id":"05ecb16d2cc02994f28ae1db8e08352c","method":"POST","uri":"/api/orders/2c82a276-795e-4e2a-bc99-783edccacd95/payments","status":202,"request_time":"0.006","upstream":"172.20.0.7:8080","upstream_status":"202","connect_time":"0.000","header_time":"0.006","response_time":"0.006"}
nginx-1       | {"time":"2026-09-09T04:45:43+00:00","msec":"1788929143.974","request_id":"4fc424355faab19cdfe7da52c76398ec","method":"POST","uri":"/api/purchases","status":201,"request_time":"0.012","upstream":"172.20.0.8:8080","upstream_status":"201","connect_time":"0.000","header_time":"0.011","response_time":"0.012"}
nginx-1       | {"time":"2026-09-09T04:45:43+00:00","msec":"1788929143.983","request_id":"c5f398ce12e21425e8b37ff55a69d8d9","method":"POST","uri":"/api/orders/8ffe7891-0e99-48c4-bde6-0d001292d4fd/payments","status":202,"request_time":"0.007","upstream":"172.20.0.8:8080","upstream_status":"202","connect_time":"0.000","header_time":"0.007","response_time":"0.007"}
nginx-1       | {"time":"2026-09-09T04:45:44+00:00","msec":"1788929144.074","request_id":"57cb8833d372970ee22e81b6907e5b59","method":"POST","uri":"/api/purchases","status":201,"request_time":"0.011","upstream":"172.20.0.7:8080","upstream_status":"201","connect_time":"0.000","header_time":"0.011","response_time":"0.011"}
nginx-1       | {"time":"2026-09-09T04:45:44+00:00","msec":"1788929144.082","request_id":"cf9ea858ff476e1969c3f0f6a7f7a2f2","method":"POST","uri":"/api/orders/8ec80303-763a-4d93-bc74-e897c5e18d85/payments","status":202,"request_time":"0.006","upstream":"172.20.0.8:8080","upstream_status":"202","connect_time":"0.000","header_time":"0.006","response_time":"0.006"}
nginx-1       | {"time":"2026-09-09T04:45:44+00:00","msec":"1788929144.175","request_id":"9cabcd452e5193a39770efedc1023fb5","method":"POST","uri":"/api/purchases","status":201,"request_time":"0.012","upstream":"172.20.0.8:8080","upstream_status":"201","connect_time":"0.000","header_time":"0.012","response_time":"0.013"}
nginx-1       | {"time":"2026-09-09T04:45:44+00:00","msec":"1788929144.183","request_id":"2e04bf3b8e0913c2deb6e6151aef89d8","method":"POST","uri":"/api/orders/faaeaec1-db2b-49ae-a179-54c38acdb54f/payments","status":202,"request_time":"0.006","upstream":"172.20.0.7:8080","upstream_status":"202","connect_time":"0.000","header_time":"0.006","response_time":"0.007"}
nginx-1       | {"time":"2026-09-09T04:45:44+00:00","msec":"1788929144.275","request_id":"ecbf006d55c090fb10e4e1b970f0bb7d","method":"POST","uri":"/api/purchases","status":201,"request_time":"0.013","upstream":"172.20.0.7:8080","upstream_status":"201","connect_time":"0.000","header_time":"0.012","response_time":"0.012"}
nginx-1       | {"time":"2026-09-09T04:45:44+00:00","msec":"1788929144.284","request_id":"20a14ead28d25c74823bb24c06faecd3","method":"POST","uri":"/api/orders/35aa1c77-d6d0-436e-b143-70f0ae2fe9cc/payments","status":202,"request_time":"0.007","upstream":"172.20.0.8:8080","upstream_status":"202","connect_time":"0.000","header_time":"0.006","response_time":"0.007"}
nginx-1       | {"time":"2026-09-09T04:45:44+00:00","msec":"1788929144.374","request_id":"cfcfa9307f18545d98dc3784b37e8888","method":"POST","uri":"/api/purchases","status":201,"request_time":"0.011","upstream":"172.20.0.7:8080","upstream_status":"201","connect_time":"0.000","header_time":"0.011","response_time":"0.011"}
nginx-1       | {"time":"2026-09-09T04:45:44+00:00","msec":"1788929144.383","request_id":"0c1140184a70c149a9f54ba9ea220551","method":"POST","uri":"/api/orders/8ac7f466-3d87-4186-b1ed-98dd9d7d540c/payments","status":202,"request_time":"0.007","upstream":"172.20.0.8:8080","upstream_status":"202","connect_time":"0.000","header_time":"0.007","response_time":"0.007"}
nginx-1       | {"time":"2026-09-09T04:45:44+00:00","msec":"1788929144.477","request_id":"64327dac12efa0db3f45a7cc9c0e131c","method":"POST","uri":"/api/purchases","status":201,"request_time":"0.013","upstream":"172.20.0.7:8080","upstream_status":"201","connect_time":"0.000","header_time":"0.013","response_time":"0.014"}
nginx-1       | {"time":"2026-09-09T04:45:44+00:00","msec":"1788929144.491","request_id":"c1acd2976827287e33126b74b1e07d97","method":"POST","uri":"/api/orders/a87bb4a6-0edc-47e8-ab53-8433dc7b9c85/payments","status":202,"request_time":"0.012","upstream":"172.20.0.7:8080","upstream_status":"202","connect_time":"0.000","header_time":"0.011","response_time":"0.012"}
nginx-1       | {"time":"2026-09-09T04:45:44+00:00","msec":"1788929144.578","request_id":"45bd8eb0eb4a56f7cbc4687bf6391ce3","method":"POST","uri":"/api/purchases","status":201,"request_time":"0.016","upstream":"172.20.0.8:8080","upstream_status":"201","connect_time":"0.000","header_time":"0.015","response_time":"0.016"}
nginx-1       | {"time":"2026-09-09T04:45:44+00:00","msec":"1788929144.588","request_id":"a9355c7bc6e222adbd614be827fde105","method":"POST","uri":"/api/orders/1cdf21d2-4c6d-469b-8f23-0286a2bf305f/payments","status":202,"request_time":"0.008","upstream":"172.20.0.8:8080","upstream_status":"202","connect_time":"0.000","header_time":"0.008","response_time":"0.008"}
nginx-1       | {"time":"2026-09-09T04:45:44+00:00","msec":"1788929144.674","request_id":"9fc70e8b28f70a12241b992e06456366","method":"POST","uri":"/api/purchases","status":201,"request_time":"0.011","upstream":"172.20.0.7:8080","upstream_status":"201","connect_time":"0.000","header_time":"0.011","response_time":"0.011"}
nginx-1       | {"time":"2026-09-09T04:45:44+00:00","msec":"1788929144.685","request_id":"dc475ba0680a780f53d602b5af22cbbb","method":"POST","uri":"/api/orders/bd931197-8661-4a31-ba4a-4b445051a15e/payments","status":202,"request_time":"0.009","upstream":"172.20.0.8:8080","upstream_status":"202","connect_time":"0.000","header_time":"0.009","response_time":"0.009"}
nginx-1       | {"time":"2026-09-09T04:45:44+00:00","msec":"1788929144.774","request_id":"00fd3d7ee4caacbba7676e3bd173a4fc","method":"POST","uri":"/api/purchases","status":201,"request_time":"0.012","upstream":"172.20.0.8:8080","upstream_status":"201","connect_time":"0.000","header_time":"0.011","response_time":"0.011"}
nginx-1       | {"time":"2026-09-09T04:45:44+00:00","msec":"1788929144.783","request_id":"e6df3fa6114891c9eb0e8f00e155b34e","method":"POST","uri":"/api/orders/e0a783f4-30c4-448f-9bcb-f3e34d9e88b8/payments","status":202,"request_time":"0.007","upstream":"172.20.0.7:8080","upstream_status":"202","connect_time":"0.000","header_time":"0.007","response_time":"0.007"}
nginx-1       | {"time":"2026-09-09T04:45:44+00:00","msec":"1788929144.875","request_id":"111329265ede9031d34979a7f6395b94","method":"POST","uri":"/api/purchases","status":201,"request_time":"0.012","upstream":"172.20.0.8:8080","upstream_status":"201","connect_time":"0.000","header_time":"0.012","response_time":"0.012"}
nginx-1       | {"time":"2026-09-09T04:45:44+00:00","msec":"1788929144.883","request_id":"4395395f41e9b6d241cf92998c2b6436","method":"POST","uri":"/api/orders/2ba3f487-412a-4c33-89a8-c0a824b2e704/payments","status":202,"request_time":"0.007","upstream":"172.20.0.7:8080","upstream_status":"202","connect_time":"0.000","header_time":"0.006","response_time":"0.006"}
nginx-1       | {"time":"2026-09-09T04:45:44+00:00","msec":"1788929144.973","request_id":"1769e0406c56e95daacaaf33e226aa91","method":"POST","uri":"/api/purchases","status":201,"request_time":"0.010","upstream":"172.20.0.7:8080","upstream_status":"201","connect_time":"0.000","header_time":"0.011","response_time":"0.011"}
nginx-1       | {"time":"2026-09-09T04:45:44+00:00","msec":"1788929144.982","request_id":"50cb7469bfa4ccc66d2843e844209b6d","method":"POST","uri":"/api/orders/c7e56a47-c2fe-4fb0-80e0-c50d06f840f4/payments","status":202,"request_time":"0.007","upstream":"172.20.0.8:8080","upstream_status":"202","connect_time":"0.000","header_time":"0.006","response_time":"0.007"}
nginx-1       | {"time":"2026-09-09T04:45:45+00:00","msec":"1788929145.073","request_id":"f53b80cabe081992c60bfbaa7715cbe1","method":"POST","uri":"/api/purchases","status":201,"request_time":"0.010","upstream":"172.20.0.7:8080","upstream_status":"201","connect_time":"0.000","header_time":"0.010","response_time":"0.010"}
nginx-1       | {"time":"2026-09-09T04:45:45+00:00","msec":"1788929145.081","request_id":"018b12a09222da67fed02fe2070f66ae","method":"POST","uri":"/api/orders/1258f4d1-84b1-4719-bdce-e237f9b627b2/payments","status":202,"request_time":"0.007","upstream":"172.20.0.7:8080","upstream_status":"202","connect_time":"0.000","header_time":"0.006","response_time":"0.006"}
nginx-1       | {"time":"2026-09-09T04:45:45+00:00","msec":"1788929145.173","request_id":"e59d16866138b6362f44143395c79b8f","method":"POST","uri":"/api/purchases","status":201,"request_time":"0.010","upstream":"172.20.0.8:8080","upstream_status":"201","connect_time":"0.000","header_time":"0.010","response_time":"0.010"}
nginx-1       | {"time":"2026-09-09T04:45:45+00:00","msec":"1788929145.182","request_id":"b53deff9a5d1cf664eb6be5215e184b4","method":"POST","uri":"/api/orders/8bd0f6a5-77bf-49ae-b4bd-1cb414ab97f9/payments","status":202,"request_time":"0.007","upstream":"172.20.0.7:8080","upstream_status":"202","connect_time":"0.000","header_time":"0.007","response_time":"0.007"}
nginx-1       | {"time":"2026-09-09T04:45:45+00:00","msec":"1788929145.272","request_id":"400dc57c52d323220951e8eb31347d56","method":"POST","uri":"/api/purchases","status":201,"request_time":"0.010","upstream":"172.20.0.8:8080","upstream_status":"201","connect_time":"0.000","header_time":"0.010","response_time":"0.010"}
nginx-1       | {"time":"2026-09-09T04:45:45+00:00","msec":"1788929145.279","request_id":"f932e35a1c977ed2177a138b9402db4f","method":"POST","uri":"/api/orders/db7ab1c8-6957-455f-934d-312124c968b4/payments","status":202,"request_time":"0.006","upstream":"172.20.0.7:8080","upstream_status":"202","connect_time":"0.000","header_time":"0.005","response_time":"0.005"}
nginx-1       | {"time":"2026-09-09T04:45:45+00:00","msec":"1788929145.372","request_id":"cd0259911df05e00addc13fd8475dbaf","method":"POST","uri":"/api/purchases","status":201,"request_time":"0.010","upstream":"172.20.0.8:8080","upstream_status":"201","connect_time":"0.000","header_time":"0.010","response_time":"0.010"}
nginx-1       | {"time":"2026-09-09T04:45:45+00:00","msec":"1788929145.380","request_id":"2dad148a2a995622d6901d9f4fd724a6","method":"POST","uri":"/api/orders/464c3bdd-c7ee-4ba4-a7fd-21ebcf209085/payments","status":202,"request_time":"0.006","upstream":"172.20.0.7:8080","upstream_status":"202","connect_time":"0.000","header_time":"0.006","response_time":"0.006"}
nginx-1       | {"time":"2026-09-09T04:45:45+00:00","msec":"1788929145.473","request_id":"bae45668684db3c9d917b1330a44d6ec","method":"POST","uri":"/api/purchases","status":201,"request_time":"0.010","upstream":"172.20.0.7:8080","upstream_status":"201","connect_time":"0.000","header_time":"0.010","response_time":"0.010"}
nginx-1       | {"time":"2026-09-09T04:45:45+00:00","msec":"1788929145.482","request_id":"552e70c7cd9df5498a6b6e3e32d2f528","method":"POST","uri":"/api/orders/b28ebc60-9e2d-48cb-904f-0356513bbdd4/payments","status":202,"request_time":"0.007","upstream":"172.20.0.8:8080","upstream_status":"202","connect_time":"0.000","header_time":"0.007","response_time":"0.007"}
nginx-1       | {"time":"2026-09-09T04:45:45+00:00","msec":"1788929145.573","request_id":"1041c25bfe0ea43a8e91cf2b914e5c58","method":"POST","uri":"/api/purchases","status":201,"request_time":"0.010","upstream":"172.20.0.8:8080","upstream_status":"201","connect_time":"0.000","header_time":"0.010","response_time":"0.010"}
nginx-1       | {"time":"2026-09-09T04:45:45+00:00","msec":"1788929145.581","request_id":"6f4f197c397070b5d447678113c24d67","method":"POST","uri":"/api/orders/0172750d-bc17-49bc-adae-e4d539259fd4/payments","status":202,"request_time":"0.006","upstream":"172.20.0.7:8080","upstream_status":"202","connect_time":"0.000","header_time":"0.007","response_time":"0.007"}
nginx-1       | {"time":"2026-09-09T04:45:45+00:00","msec":"1788929145.672","request_id":"b7ef989d2136f80122488ce902220a5b","method":"POST","uri":"/api/purchases","status":201,"request_time":"0.010","upstream":"172.20.0.7:8080","upstream_status":"201","connect_time":"0.000","header_time":"0.010","response_time":"0.010"}
nginx-1       | {"time":"2026-09-09T04:45:45+00:00","msec":"1788929145.680","request_id":"c022ac699de0d6789e7e16bf6c04ac31","method":"POST","uri":"/api/orders/9f6d8de9-ad65-4419-8618-e5496bac7d43/payments","status":202,"request_time":"0.007","upstream":"172.20.0.8:8080","upstream_status":"202","connect_time":"0.000","header_time":"0.006","response_time":"0.006"}
nginx-1       | {"time":"2026-09-09T04:45:45+00:00","msec":"1788929145.774","request_id":"3adcf4c1c629e9746647f5f6708e38a1","method":"POST","uri":"/api/purchases","status":201,"request_time":"0.011","upstream":"172.20.0.7:8080","upstream_status":"201","connect_time":"0.000","header_time":"0.011","response_time":"0.011"}
nginx-1       | {"time":"2026-09-09T04:45:45+00:00","msec":"1788929145.783","request_id":"124734f1a4f91ea015e18eacfd0069b8","method":"POST","uri":"/api/orders/ee45556b-556c-4dd4-9e70-bafbc889bde1/payments","status":202,"request_time":"0.008","upstream":"172.20.0.8:8080","upstream_status":"202","connect_time":"0.000","header_time":"0.007","response_time":"0.007"}
nginx-1       | {"time":"2026-09-09T04:45:45+00:00","msec":"1788929145.873","request_id":"9eb9041a4db4cac071d843e829e1d85c","method":"POST","uri":"/api/purchases","status":201,"request_time":"0.011","upstream":"172.20.0.7:8080","upstream_status":"201","connect_time":"0.000","header_time":"0.010","response_time":"0.011"}
nginx-1       | {"time":"2026-09-09T04:45:45+00:00","msec":"1788929145.882","request_id":"ccbb07be6409b25f7e59b538c0757143","method":"POST","uri":"/api/orders/7927df14-8a43-4b8a-928a-e2dae339ed86/payments","status":202,"request_time":"0.007","upstream":"172.20.0.7:8080","upstream_status":"202","connect_time":"0.000","header_time":"0.006","response_time":"0.006"}
nginx-1       | {"time":"2026-09-09T04:45:45+00:00","msec":"1788929145.973","request_id":"7711a8a8c881e18716d165a4da5f06cd","method":"POST","uri":"/api/purchases","status":201,"request_time":"0.011","upstream":"172.20.0.7:8080","upstream_status":"201","connect_time":"0.000","header_time":"0.010","response_time":"0.010"}
nginx-1       | {"time":"2026-09-09T04:45:45+00:00","msec":"1788929145.980","request_id":"7da9c9dc0e3440a95a157d6d2b9e0a2c","method":"POST","uri":"/api/orders/b2a5c838-7fb9-41a3-9f32-211ab29b6c4f/payments","status":202,"request_time":"0.006","upstream":"172.20.0.8:8080","upstream_status":"202","connect_time":"0.000","header_time":"0.005","response_time":"0.005"}
