redis-1       | 1:C 08 Sep 2026 05:37:13.675 * oO0OoO0OoO0Oo Redis is starting oO0OoO0OoO0Oo
redis-1       | 1:C 08 Sep 2026 05:37:13.675 * Redis version=7.4.9, bits=64, commit=00000000, modified=0, pid=1, just started
redis-1       | 1:C 08 Sep 2026 05:37:13.675 * Configuration loaded
redis-1       | 1:M 08 Sep 2026 05:37:13.676 * monotonic clock: POSIX clock_gettime
worker-1      | 
prometheus-1  | ts=2026-09-08T16:13:40.745Z caller=main.go:627 level=info msg="No time or size retention was set so using the default time retention" duration=15d
worker-1      |   .   ____          _            __ _ _
worker-1      |  /\\ / ___'_ __ _ _(_)_ __  __ _ \ \ \ \
worker-1      | ( ( )\___ | '_ | '_| | '_ \/ _` | \ \ \ \
worker-1      |  \\/  ___)| |_)| | | | | || (_| |  ) ) ) )
worker-1      |   '  |____| .__|_| |_|_| |_\__, | / / / /
prometheus-1  | ts=2026-09-08T16:13:40.745Z caller=main.go:671 level=info msg="Starting Prometheus Server" mode=server version="(version=2.55.1, branch=HEAD, revision=6d7569113f1ca814f1e149f74176656540043b8d)"
postgres-1    | The files belonging to this database system will be owned by user "postgres".
worker-1      |  =========|_|==============|___/=/_/_/_/
postgres-1    | This user must also own the server process.
postgres-1    | 
api1-1        | 
postgres-1    | The database cluster will be initialized with locale "en_US.utf8".
nginx-1       | /docker-entrypoint.sh: /docker-entrypoint.d/ is not empty, will attempt to perform configuration
postgres-1    | The default database encoding has accordingly been set to "UTF8".
nginx-1       | /docker-entrypoint.sh: Looking for shell scripts in /docker-entrypoint.d/
worker-1      | 
nginx-1       | /docker-entrypoint.sh: Launching /docker-entrypoint.d/10-listen-on-ipv6-by-default.sh
worker-1      |  :: Spring Boot ::               (v3.5.16)
mock-pg-1     | 
redis-1       | 1:M 08 Sep 2026 05:37:13.746 * Running mode=standalone, port=6379.
mock-pg-1     |   .   ____          _            __ _ _
mock-pg-1     |  /\\ / ___'_ __ _ _(_)_ __  __ _ \ \ \ \
mock-pg-1     | ( ( )\___ | '_ | '_| | '_ \/ _` | \ \ \ \
mock-pg-1     |  \\/  ___)| |_)| | | | | || (_| |  ) ) ) )
mock-pg-1     |   '  |____| .__|_| |_|_| |_\__, | / / / /
mock-pg-1     |  =========|_|==============|___/=/_/_/_/
mock-pg-1     | 
mock-pg-1     |  :: Spring Boot ::               (v3.5.16)
mock-pg-1     | 
mock-pg-1     | 2026-09-08T16:13:52.369Z  INFO 1 --- [limited-goods] [           main] com.limitedgoods.Application             : Starting Application v0.1.0 using Java 21.0.12 with PID 1 (/app/app.jar started by root in /app)
mock-pg-1     | 2026-09-08T16:13:52.371Z  INFO 1 --- [limited-goods] [           main] com.limitedgoods.Application             : The following 1 profile is active: "mockpg"
mock-pg-1     | 2026-09-08T16:14:02.363Z  INFO 1 --- [limited-goods] [           main] .s.d.r.c.RepositoryConfigurationDelegate : Multiple Spring Data modules found, entering strict repository configuration mode
mock-pg-1     | 2026-09-08T16:14:02.365Z  INFO 1 --- [limited-goods] [           main] .s.d.r.c.RepositoryConfigurationDelegate : Bootstrapping Spring Data JPA repositories in DEFAULT mode.
mock-pg-1     | 2026-09-08T16:14:02.663Z  INFO 1 --- [limited-goods] [           main] .s.d.r.c.RepositoryConfigurationDelegate : Finished Spring Data repository scanning in 197 ms. Found 0 JPA repository interfaces.
mock-pg-1     | 2026-09-08T16:14:02.760Z  INFO 1 --- [limited-goods] [           main] .s.d.r.c.RepositoryConfigurationDelegate : Multiple Spring Data modules found, entering strict repository configuration mode
mock-pg-1     | 2026-09-08T16:14:02.761Z  INFO 1 --- [limited-goods] [           main] .s.d.r.c.RepositoryConfigurationDelegate : Bootstrapping Spring Data Redis repositories in DEFAULT mode.
mock-pg-1     | 2026-09-08T16:14:02.770Z  INFO 1 --- [limited-goods] [           main] .s.d.r.c.RepositoryConfigurationDelegate : Finished Spring Data repository scanning in 1 ms. Found 0 Redis repository interfaces.
mock-pg-1     | 2026-09-08T16:14:07.261Z  INFO 1 --- [limited-goods] [           main] o.s.b.w.embedded.tomcat.TomcatWebServer  : Tomcat initialized with port 8080 (http)
mock-pg-1     | 2026-09-08T16:14:07.464Z  INFO 1 --- [limited-goods] [           main] o.apache.catalina.core.StandardService   : Starting service [Tomcat]
api1-1        |   .   ____          _            __ _ _
api1-1        |  /\\ / ___'_ __ _ _(_)_ __  __ _ \ \ \ \
api1-1        | ( ( )\___ | '_ | '_| | '_ \/ _` | \ \ \ \
api1-1        |  \\/  ___)| |_)| | | | | || (_| |  ) ) ) )
api2-1        | 
api2-1        |   .   ____          _            __ _ _
api2-1        |  /\\ / ___'_ __ _ _(_)_ __  __ _ \ \ \ \
api2-1        | ( ( )\___ | '_ | '_| | '_ \/ _` | \ \ \ \
nginx-1       | 10-listen-on-ipv6-by-default.sh: info: Getting the checksum of /etc/nginx/conf.d/default.conf
api1-1        |   '  |____| .__|_| |_|_| |_\__, | / / / /
nginx-1       | 10-listen-on-ipv6-by-default.sh: info: Enabled listen on IPv6 in /etc/nginx/conf.d/default.conf
nginx-1       | /docker-entrypoint.sh: Sourcing /docker-entrypoint.d/15-local-resolvers.envsh
nginx-1       | /docker-entrypoint.sh: Launching /docker-entrypoint.d/20-envsubst-on-templates.sh
redis-1       | 1:M 08 Sep 2026 05:37:13.747 * Server initialized
api1-1        |  =========|_|==============|___/=/_/_/_/
api1-1        | 
api1-1        |  :: Spring Boot ::               (v3.5.16)
postgres-1    | The default text search configuration will be set to "english".
worker-1      | 
postgres-1    | 
postgres-1    | Data page checksums are disabled.
redis-1       | 1:M 08 Sep 2026 05:37:13.747 * Ready to accept connections tcp
redis-1       | 1:M 08 Sep 2026 06:37:14.066 * 1 changes in 3600 seconds. Saving...
mock-pg-1     | 2026-09-08T16:14:07.464Z  INFO 1 --- [limited-goods] [           main] o.apache.catalina.core.StandardEngine    : Starting Servlet engine: [Apache Tomcat/10.1.55]
mock-pg-1     | 2026-09-08T16:14:08.267Z  INFO 1 --- [limited-goods] [           main] o.a.c.c.C.[Tomcat].[localhost].[/]       : Initializing Spring embedded WebApplicationContext
worker-1      | 2026-09-08T16:14:46.961Z  INFO 1 --- [limited-goods] [           main] com.limitedgoods.Application             : Starting Application v0.1.0 using Java 21.0.12 with PID 1 (/app/app.jar started by root in /app)
prometheus-1  | ts=2026-09-08T16:13:40.745Z caller=main.go:676 level=info build_context="(go=go1.23.2, platform=linux/amd64, user=root@194e0f5dd5e8, date=20241106-10:08:33, tags=netgo,builtinassets,stringlabels)"
postgres-1    | 
prometheus-1  | ts=2026-09-08T16:13:40.745Z caller=main.go:677 level=info host_details="(Linux 6.18.33.2-microsoft-standard-WSL2 #1 SMP PREEMPT_DYNAMIC Thu Jun 18 21:54:43 UTC 2026 x86_64 fa8845112f6f localdomain)"
prometheus-1  | ts=2026-09-08T16:13:40.745Z caller=main.go:678 level=info fd_limits="(soft=1048576, hard=1048576)"
prometheus-1  | ts=2026-09-08T16:13:40.745Z caller=main.go:679 level=info vm_limits="(soft=unlimited, hard=unlimited)"
prometheus-1  | ts=2026-09-08T16:13:40.748Z caller=web.go:585 level=info component=web msg="Start listening for connections" address=0.0.0.0:9090
prometheus-1  | ts=2026-09-08T16:13:40.749Z caller=main.go:1197 level=info msg="Starting TSDB ..."
prometheus-1  | ts=2026-09-08T16:13:40.751Z caller=tls_config.go:348 level=info component=web msg="Listening on" address=[::]:9090
prometheus-1  | ts=2026-09-08T16:13:40.751Z caller=tls_config.go:351 level=info component=web msg="TLS is disabled." http2=false address=[::]:9090
prometheus-1  | ts=2026-09-08T16:13:40.845Z caller=head.go:627 level=info component=tsdb msg="Replaying on-disk memory mappable chunks if any"
prometheus-1  | ts=2026-09-08T16:13:40.845Z caller=head.go:714 level=info component=tsdb msg="On-disk memory mappable chunks replay completed" duration=1.603µs
prometheus-1  | ts=2026-09-08T16:13:40.845Z caller=head.go:722 level=info component=tsdb msg="Replaying WAL, this may take a while"
prometheus-1  | ts=2026-09-08T16:13:40.845Z caller=head.go:794 level=info component=tsdb msg="WAL segment loaded" segment=0 maxSegment=0
nginx-1       | /docker-entrypoint.sh: Launching /docker-entrypoint.d/30-tune-worker-processes.sh
worker-1      | 2026-09-08T16:14:46.965Z  INFO 1 --- [limited-goods] [           main] com.limitedgoods.Application             : No active profile set, falling back to 1 default profile: "default"
postgres-1    | fixing permissions on existing directory /var/lib/postgresql/data ... ok
postgres-1    | creating subdirectories ... ok
api2-1        |  \\/  ___)| |_)| | | | | || (_| |  ) ) ) )
api2-1        |   '  |____| .__|_| |_|_| |_\__, | / / / /
redis-1       | 1:M 08 Sep 2026 06:37:14.071 * Background saving started by pid 10587
redis-1       | 10587:C 08 Sep 2026 06:37:14.083 * DB saved on disk
redis-1       | 10587:C 08 Sep 2026 06:37:14.085 * Fork CoW for RDB: current 0 MB, peak 0 MB, average 0 MB
redis-1       | 1:M 08 Sep 2026 06:37:14.172 * Background saving terminated with success
nginx-1       | /docker-entrypoint.sh: Configuration complete; ready for start up
prometheus-1  | ts=2026-09-08T16:13:40.845Z caller=head.go:831 level=info component=tsdb msg="WAL replay completed" checkpoint_replay_duration=30.007µs wal_replay_duration=339.338µs wbl_replay_duration=140ns chunk_snapshot_load_duration=0s mmap_chunk_replay_duration=1.603µs total_replay_duration=392.289µs
prometheus-1  | ts=2026-09-08T16:13:40.847Z caller=main.go:1218 level=info fs_type=EXT4_SUPER_MAGIC
nginx-1       | 172.20.0.1 - - [08/Sep/2026:05:49:25 +0000] "GET /api/sales/00000000-0000-0000-0000-000000000000 HTTP/1.1" 404 36 "-" "curl/8.21.0"
worker-1      | 2026-09-08T16:14:52.868Z  INFO 1 --- [limited-goods] [           main] .s.d.r.c.RepositoryConfigurationDelegate : Multiple Spring Data modules found, entering strict repository configuration mode
api1-1        | 
api1-1        | 2026-09-08T16:14:44.549Z  INFO 1 --- [limited-goods] [           main] com.limitedgoods.Application             : Starting Application v0.1.0 using Java 21.0.12 with PID 1 (/app/app.jar started by root in /app)
prometheus-1  | ts=2026-09-08T16:13:40.847Z caller=main.go:1221 level=info msg="TSDB started"
prometheus-1  | ts=2026-09-08T16:13:40.847Z caller=main.go:1404 level=info msg="Loading configuration file" filename=/etc/prometheus/prometheus.yml
mock-pg-1     | 2026-09-08T16:14:08.359Z  INFO 1 --- [limited-goods] [           main] w.s.c.ServletWebServerApplicationContext : Root WebApplicationContext: initialization completed in 15496 ms
nginx-1       | 172.20.0.1 - - [08/Sep/2026:05:49:42 +0000] "GET /api/sales/00000000-0000-0000-0000-000000000000 HTTP/1.1" 404 36 "-" "Mozilla/5.0 (Windows NT 10.0; Microsoft Windows 10.0.26200; ko-KR) PowerShell/7.6.5"
nginx-1       | 172.20.0.1 - - [08/Sep/2026:05:50:24 +0000] "GET /api/sales/00000000-0000-0000-0000-000000000000 HTTP/1.1" 404 36 "-" "Mozilla/5.0 (Windows NT 10.0; Microsoft Windows 10.0.26200; ko-KR) PowerShell/7.6.5"
nginx-1       | 172.20.0.1 - - [08/Sep/2026:05:50:25 +0000] "POST /api/sales HTTP/1.1" 201 263 "-" "Mozilla/5.0 (Windows NT 10.0; Microsoft Windows 10.0.26200; ko-KR) PowerShell/7.6.5"
nginx-1       | 172.20.0.1 - - [08/Sep/2026:05:50:27 +0000] "POST /api/purchases HTTP/1.1" 201 261 "-" "Mozilla/5.0 (Windows NT 10.0; Microsoft Windows 10.0.26200; ko-KR) PowerShell/7.6.5"
redis-1       | 1:M 08 Sep 2026 10:44:50.725 * 1 changes in 3600 seconds. Saving...
redis-1       | 1:M 08 Sep 2026 10:44:50.727 * Background saving started by pid 49302
redis-1       | 49302:C 08 Sep 2026 10:44:50.737 * DB saved on disk
redis-1       | 49302:C 08 Sep 2026 10:44:50.737 * Fork CoW for RDB: current 0 MB, peak 0 MB, average 0 MB
redis-1       | 1:M 08 Sep 2026 10:44:50.828 * Background saving terminated with success
redis-1       | 1:M 08 Sep 2026 11:44:51.052 * 1 changes in 3600 seconds. Saving...
redis-1       | 1:M 08 Sep 2026 11:44:51.053 * Background saving started by pid 54894
redis-1       | 54894:C 08 Sep 2026 11:44:51.057 * DB saved on disk
redis-1       | 54894:C 08 Sep 2026 11:44:51.057 * Fork CoW for RDB: current 0 MB, peak 0 MB, average 0 MB
prometheus-1  | ts=2026-09-08T16:13:40.849Z caller=main.go:1441 level=info msg="updated GOGC" old=100 new=75
postgres-1    | selecting dynamic shared memory implementation ... posix
postgres-1    | selecting default max_connections ... 100
api2-1        |  =========|_|==============|___/=/_/_/_/
worker-1      | 2026-09-08T16:14:52.870Z  INFO 1 --- [limited-goods] [           main] .s.d.r.c.RepositoryConfigurationDelegate : Bootstrapping Spring Data JPA repositories in DEFAULT mode.
worker-1      | 2026-09-08T16:14:52.967Z  INFO 1 --- [limited-goods] [           main] .s.d.r.c.RepositoryConfigurationDelegate : Finished Spring Data repository scanning in 88 ms. Found 0 JPA repository interfaces.
api1-1        | 2026-09-08T16:14:44.551Z  INFO 1 --- [limited-goods] [           main] com.limitedgoods.Application             : No active profile set, falling back to 1 default profile: "default"
api2-1        | 
api2-1        |  :: Spring Boot ::               (v3.5.16)
api2-1        | 
api1-1        | 2026-09-08T16:14:48.248Z  INFO 1 --- [limited-goods] [           main] .s.d.r.c.RepositoryConfigurationDelegate : Multiple Spring Data modules found, entering strict repository configuration mode
mock-pg-1     | 2026-09-08T16:14:12.472Z  INFO 1 --- [limited-goods] [           main] com.zaxxer.hikari.HikariDataSource       : HikariPool-1 - Starting...
api1-1        | 2026-09-08T16:14:48.250Z  INFO 1 --- [limited-goods] [           main] .s.d.r.c.RepositoryConfigurationDelegate : Bootstrapping Spring Data JPA repositories in DEFAULT mode.
mock-pg-1     | 2026-09-08T16:14:14.364Z  INFO 1 --- [limited-goods] [           main] com.zaxxer.hikari.pool.HikariPool        : HikariPool-1 - Added connection org.postgresql.jdbc.PgConnection@19924f15
mock-pg-1     | 2026-09-08T16:14:14.366Z  INFO 1 --- [limited-goods] [           main] com.zaxxer.hikari.HikariDataSource       : HikariPool-1 - Start completed.
mock-pg-1     | 2026-09-08T16:14:14.660Z  INFO 1 --- [limited-goods] [           main] org.flywaydb.core.FlywayExecutor         : Database: jdbc:postgresql://postgres:5432/limited_goods_perf (PostgreSQL 16.14)
mock-pg-1     | 2026-09-08T16:14:14.971Z  INFO 1 --- [limited-goods] [           main] o.f.c.i.s.JdbcTableSchemaHistory         : Schema history table "public"."flyway_schema_history" does not exist yet
mock-pg-1     | 2026-09-08T16:14:15.062Z  INFO 1 --- [limited-goods] [           main] o.f.core.internal.command.DbValidate     : Successfully validated 2 migrations (execution time 00:00.185s)
mock-pg-1     | 2026-09-08T16:14:15.161Z  INFO 1 --- [limited-goods] [           main] o.f.c.i.s.JdbcTableSchemaHistory         : Creating Schema History table "public"."flyway_schema_history" ...
nginx-1       | 172.20.0.1 - - [08/Sep/2026:05:50:27 +0000] "POST /api/orders/167e3ea3-d67d-4687-a92c-0f1daaef7284/payments HTTP/1.1" 202 96 "-" "Mozilla/5.0 (Windows NT 10.0; Microsoft Windows 10.0.26200; ko-KR) PowerShell/7.6.5"
postgres-1    | selecting default shared_buffers ... 128MB
prometheus-1  | ts=2026-09-08T16:13:40.850Z caller=main.go:1452 level=info msg="Completed loading of configuration file" filename=/etc/prometheus/prometheus.yml totalDuration=2.297097ms db_storage=1.163µs remote_storage=1.683µs web_handler=511ns query_engine=1.232µs scrape=550.47µs scrape_sd=36.86µs notify=1.012µs notify_sd=611ns rules=1.633µs tracing=7.484µs
prometheus-1  | ts=2026-09-08T16:13:40.850Z caller=main.go:1182 level=info msg="Server is ready to receive web requests."
prometheus-1  | ts=2026-09-08T16:13:40.850Z caller=manager.go:164 level=info component="rule manager" msg="Starting rule manager..."
worker-1      | 2026-09-08T16:14:53.063Z  INFO 1 --- [limited-goods] [           main] .s.d.r.c.RepositoryConfigurationDelegate : Multiple Spring Data modules found, entering strict repository configuration mode
worker-1      | 2026-09-08T16:14:53.065Z  INFO 1 --- [limited-goods] [           main] .s.d.r.c.RepositoryConfigurationDelegate : Bootstrapping Spring Data Redis repositories in DEFAULT mode.
worker-1      | 2026-09-08T16:14:53.162Z  INFO 1 --- [limited-goods] [           main] .s.d.r.c.RepositoryConfigurationDelegate : Finished Spring Data repository scanning in 1 ms. Found 0 Redis repository interfaces.
redis-1       | 1:M 08 Sep 2026 11:44:51.154 * Background saving terminated with success
redis-1       | 1:signal-handler (1788884016) Received SIGTERM scheduling shutdown...
mock-pg-1     | 2026-09-08T16:14:15.467Z  INFO 1 --- [limited-goods] [           main] o.f.core.internal.command.DbMigrate      : Current version of schema "public": << Empty Schema >>
nginx-1       | 172.20.0.1 - - [08/Sep/2026:05:50:27 +0000] "GET /api/orders/167e3ea3-d67d-4687-a92c-0f1daaef7284 HTTP/1.1" 200 347 "-" "Mozilla/5.0 (Windows NT 10.0; Microsoft Windows 10.0.26200; ko-KR) PowerShell/7.6.5"
mock-pg-1     | 2026-09-08T16:14:15.569Z  INFO 1 --- [limited-goods] [           main] o.f.core.internal.command.DbMigrate      : Migrating schema "public" to version "1 - initial"
api2-1        | 2026-09-08T16:14:44.579Z  INFO 1 --- [limited-goods] [           main] com.limitedgoods.Application             : Starting Application v0.1.0 using Java 21.0.12 with PID 1 (/app/app.jar started by root in /app)
api1-1        | 2026-09-08T16:14:48.344Z  INFO 1 --- [limited-goods] [           main] .s.d.r.c.RepositoryConfigurationDelegate : Finished Spring Data repository scanning in 81 ms. Found 0 JPA repository interfaces.
api1-1        | 2026-09-08T16:14:48.355Z  INFO 1 --- [limited-goods] [           main] .s.d.r.c.RepositoryConfigurationDelegate : Multiple Spring Data modules found, entering strict repository configuration mode
api1-1        | 2026-09-08T16:14:48.356Z  INFO 1 --- [limited-goods] [           main] .s.d.r.c.RepositoryConfigurationDelegate : Bootstrapping Spring Data Redis repositories in DEFAULT mode.
api1-1        | 2026-09-08T16:14:48.367Z  INFO 1 --- [limited-goods] [           main] .s.d.r.c.RepositoryConfigurationDelegate : Finished Spring Data repository scanning in 1 ms. Found 0 Redis repository interfaces.
worker-1      | 2026-09-08T16:14:55.958Z  INFO 1 --- [limited-goods] [           main] o.s.b.w.embedded.tomcat.TomcatWebServer  : Tomcat initialized with port 8080 (http)
worker-1      | 2026-09-08T16:14:56.079Z  INFO 1 --- [limited-goods] [           main] o.apache.catalina.core.StandardService   : Starting service [Tomcat]
api1-1        | 2026-09-08T16:14:50.375Z  INFO 1 --- [limited-goods] [           main] o.s.b.w.embedded.tomcat.TomcatWebServer  : Tomcat initialized with port 8080 (http)
api1-1        | 2026-09-08T16:14:50.452Z  INFO 1 --- [limited-goods] [           main] o.apache.catalina.core.StandardService   : Starting service [Tomcat]
api1-1        | 2026-09-08T16:14:50.453Z  INFO 1 --- [limited-goods] [           main] o.apache.catalina.core.StandardEngine    : Starting Servlet engine: [Apache Tomcat/10.1.55]
redis-1       | 1:M 08 Sep 2026 16:13:36.864 * User requested shutdown...
postgres-1    | selecting default time zone ... UTC
postgres-1    | creating configuration files ... ok
postgres-1    | running bootstrap script ... ok
worker-1      | 2026-09-08T16:14:56.079Z  INFO 1 --- [limited-goods] [           main] o.apache.catalina.core.StandardEngine    : Starting Servlet engine: [Apache Tomcat/10.1.55]
mock-pg-1     | 2026-09-08T16:14:15.962Z  INFO 1 --- [limited-goods] [           main] o.f.core.internal.command.DbMigrate      : Migrating schema "public" to version "2 - local mock pg"
mock-pg-1     | 2026-09-08T16:14:16.068Z  INFO 1 --- [limited-goods] [           main] o.f.core.internal.command.DbMigrate      : Successfully applied 2 migrations to schema "public", now at version v2 (execution time 00:00.217s)
nginx-1       | 172.20.0.1 - - [08/Sep/2026:05:50:28 +0000] "GET /api/orders/167e3ea3-d67d-4687-a92c-0f1daaef7284 HTTP/1.1" 200 347 "-" "Mozilla/5.0 (Windows NT 10.0; Microsoft Windows 10.0.26200; ko-KR) PowerShell/7.6.5"
postgres-1    | sh: locale: not found
postgres-1    | 2026-09-08 05:37:14.384 UTC [35] WARNING:  no usable system locales were found
postgres-1    | performing post-bootstrap initialization ... ok
postgres-1    | initdb: warning: enabling "trust" authentication for local connections
api2-1        | 2026-09-08T16:14:44.581Z  INFO 1 --- [limited-goods] [           main] com.limitedgoods.Application             : No active profile set, falling back to 1 default profile: "default"
mock-pg-1     | 2026-09-08T16:14:16.966Z  INFO 1 --- [limited-goods] [           main] o.hibernate.jpa.internal.util.LogHelper  : HHH000204: Processing PersistenceUnitInfo [name: default]
mock-pg-1     | 2026-09-08T16:14:17.560Z  INFO 1 --- [limited-goods] [           main] org.hibernate.Version                    : HHH000412: Hibernate ORM core version 6.6.53.Final
mock-pg-1     | 2026-09-08T16:14:17.863Z  INFO 1 --- [limited-goods] [           main] o.h.c.internal.RegionFactoryInitiator    : HHH000026: Second-level cache disabled
mock-pg-1     | 2026-09-08T16:14:21.161Z  INFO 1 --- [limited-goods] [           main] o.s.o.j.p.SpringPersistenceUnitInfo      : No LoadTimeWeaver setup: ignoring JPA class transformer
mock-pg-1     | 2026-09-08T16:14:21.862Z  INFO 1 --- [limited-goods] [           main] org.hibernate.orm.connections.pooling    : HHH10001005: Database info:
redis-1       | 1:M 08 Sep 2026 16:13:36.865 * Saving the final RDB snapshot before exiting.
redis-1       | 1:M 08 Sep 2026 16:13:36.870 * DB saved on disk
nginx-1       | 172.20.0.1 - - [08/Sep/2026:05:50:29 +0000] "GET /api/orders/167e3ea3-d67d-4687-a92c-0f1daaef7284 HTTP/1.1" 200 347 "-" "Mozilla/5.0 (Windows NT 10.0; Microsoft Windows 10.0.26200; ko-KR) PowerShell/7.6.5"
nginx-1       | 172.20.0.1 - - [08/Sep/2026:05:50:30 +0000] "GET /api/orders/167e3ea3-d67d-4687-a92c-0f1daaef7284 HTTP/1.1" 200 347 "-" "Mozilla/5.0 (Windows NT 10.0; Microsoft Windows 10.0.26200; ko-KR) PowerShell/7.6.5"
nginx-1       | 172.20.0.1 - - [08/Sep/2026:05:50:31 +0000] "GET /api/orders/167e3ea3-d67d-4687-a92c-0f1daaef7284 HTTP/1.1" 200 340 "-" "Mozilla/5.0 (Windows NT 10.0; Microsoft Windows 10.0.26200; ko-KR) PowerShell/7.6.5"
nginx-1       | 172.20.0.1 - - [08/Sep/2026:05:50:31 +0000] "POST /api/purchases HTTP/1.1" 201 261 "-" "Mozilla/5.0 (Windows NT 10.0; Microsoft Windows 10.0.26200; ko-KR) PowerShell/7.6.5"
nginx-1       | 172.20.0.1 - - [08/Sep/2026:05:50:31 +0000] "POST /api/orders/af8f626a-f198-4247-a38d-5ef5d6e86be9/payments HTTP/1.1" 202 102 "-" "Mozilla/5.0 (Windows NT 10.0; Microsoft Windows 10.0.26200; ko-KR) PowerShell/7.6.5"
api2-1        | 2026-09-08T16:14:48.188Z  INFO 1 --- [limited-goods] [           main] .s.d.r.c.RepositoryConfigurationDelegate : Multiple Spring Data modules found, entering strict repository configuration mode
api2-1        | 2026-09-08T16:14:48.190Z  INFO 1 --- [limited-goods] [           main] .s.d.r.c.RepositoryConfigurationDelegate : Bootstrapping Spring Data JPA repositories in DEFAULT mode.
api2-1        | 2026-09-08T16:14:48.280Z  INFO 1 --- [limited-goods] [           main] .s.d.r.c.RepositoryConfigurationDelegate : Finished Spring Data repository scanning in 79 ms. Found 0 JPA repository interfaces.
api2-1        | 2026-09-08T16:14:48.292Z  INFO 1 --- [limited-goods] [           main] .s.d.r.c.RepositoryConfigurationDelegate : Multiple Spring Data modules found, entering strict repository configuration mode
api2-1        | 2026-09-08T16:14:48.293Z  INFO 1 --- [limited-goods] [           main] .s.d.r.c.RepositoryConfigurationDelegate : Bootstrapping Spring Data Redis repositories in DEFAULT mode.
api2-1        | 2026-09-08T16:14:48.372Z  INFO 1 --- [limited-goods] [           main] .s.d.r.c.RepositoryConfigurationDelegate : Finished Spring Data repository scanning in 1 ms. Found 0 Redis repository interfaces.
postgres-1    | initdb: hint: You can change this by editing pg_hba.conf or using the option -A, or --auth-local and --auth-host, the next time you run initdb.
postgres-1    | syncing data to disk ... ok
postgres-1    | 
postgres-1    | 
postgres-1    | Success. You can now start the database server using:
postgres-1    | 
api1-1        | 2026-09-08T16:14:50.751Z  INFO 1 --- [limited-goods] [           main] o.a.c.c.C.[Tomcat].[localhost].[/]       : Initializing Spring embedded WebApplicationContext
api1-1        | 2026-09-08T16:14:50.752Z  INFO 1 --- [limited-goods] [           main] w.s.c.ServletWebServerApplicationContext : Root WebApplicationContext: initialization completed in 6094 ms
api1-1        | 2026-09-08T16:14:52.460Z  INFO 1 --- [limited-goods] [           main] com.zaxxer.hikari.HikariDataSource       : HikariPool-1 - Starting...
postgres-1    |     pg_ctl -D /var/lib/postgresql/data -l logfile start
postgres-1    | 
postgres-1    | waiting for server to start....2026-09-08 05:37:15.248 UTC [41] LOG:  starting PostgreSQL 16.14 on x86_64-pc-linux-musl, compiled by gcc (Alpine 15.2.0) 15.2.0, 64-bit
postgres-1    | 2026-09-08 05:37:15.251 UTC [41] LOG:  listening on Unix socket "/var/run/postgresql/.s.PGSQL.5432"
postgres-1    | 2026-09-08 05:37:15.261 UTC [44] LOG:  database system was shut down at 2026-09-08 05:37:14 UTC
postgres-1    | 2026-09-08 05:37:15.267 UTC [41] LOG:  database system is ready to accept connections
postgres-1    |  done
postgres-1    | server started
postgres-1    | CREATE DATABASE
worker-1      | 2026-09-08T16:14:56.461Z  INFO 1 --- [limited-goods] [           main] o.a.c.c.C.[Tomcat].[localhost].[/]       : Initializing Spring embedded WebApplicationContext
worker-1      | 2026-09-08T16:14:56.462Z  INFO 1 --- [limited-goods] [           main] w.s.c.ServletWebServerApplicationContext : Root WebApplicationContext: initialization completed in 9288 ms
worker-1      | 2026-09-08T16:14:58.871Z  INFO 1 --- [limited-goods] [           main] com.zaxxer.hikari.HikariDataSource       : HikariPool-1 - Starting...
worker-1      | 2026-09-08T16:14:59.758Z  INFO 1 --- [limited-goods] [           main] com.zaxxer.hikari.pool.HikariPool        : HikariPool-1 - Added connection org.postgresql.jdbc.PgConnection@573870cb
nginx-1       | 172.20.0.1 - - [08/Sep/2026:05:50:31 +0000] "GET /api/orders/af8f626a-f198-4247-a38d-5ef5d6e86be9 HTTP/1.1" 200 353 "-" "Mozilla/5.0 (Windows NT 10.0; Microsoft Windows 10.0.26200; ko-KR) PowerShell/7.6.5"
nginx-1       | 172.20.0.1 - - [08/Sep/2026:05:50:32 +0000] "GET /api/orders/af8f626a-f198-4247-a38d-5ef5d6e86be9 HTTP/1.1" 200 353 "-" "Mozilla/5.0 (Windows NT 10.0; Microsoft Windows 10.0.26200; ko-KR) PowerShell/7.6.5"
nginx-1       | 172.20.0.1 - - [08/Sep/2026:05:50:33 +0000] "GET /api/orders/af8f626a-f198-4247-a38d-5ef5d6e86be9 HTTP/1.1" 200 346 "-" "Mozilla/5.0 (Windows NT 10.0; Microsoft Windows 10.0.26200; ko-KR) PowerShell/7.6.5"
postgres-1    | 
postgres-1    | 
postgres-1    | /usr/local/bin/docker-entrypoint.sh: running /docker-entrypoint-initdb.d/01-init.sql
postgres-1    | CREATE DATABASE
postgres-1    | CREATE DATABASE
redis-1       | 1:M 08 Sep 2026 16:13:36.870 # Redis is now ready to exit, bye bye...
redis-1       | 1:C 08 Sep 2026 16:13:38.700 * oO0OoO0OoO0Oo Redis is starting oO0OoO0OoO0Oo
api2-1        | 2026-09-08T16:14:50.471Z  INFO 1 --- [limited-goods] [           main] o.s.b.w.embedded.tomcat.TomcatWebServer  : Tomcat initialized with port 8080 (http)
postgres-1    | 
postgres-1    | 
postgres-1    | waiting for server to shut down....2026-09-08 05:37:15.572 UTC [41] LOG:  received fast shutdown request
api1-1        | 2026-09-08T16:14:52.966Z  INFO 1 --- [limited-goods] [           main] com.zaxxer.hikari.pool.HikariPool        : HikariPool-1 - Added connection org.postgresql.jdbc.PgConnection@7791ff50
api1-1        | 2026-09-08T16:14:52.968Z  INFO 1 --- [limited-goods] [           main] com.zaxxer.hikari.HikariDataSource       : HikariPool-1 - Start completed.
nginx-1       | 172.20.0.1 - - [08/Sep/2026:05:50:33 +0000] "POST /api/purchases HTTP/1.1" 201 261 "-" "Mozilla/5.0 (Windows NT 10.0; Microsoft Windows 10.0.26200; ko-KR) PowerShell/7.6.5"
postgres-1    | 2026-09-08 05:37:15.574 UTC [41] LOG:  aborting any active transactions
postgres-1    | 2026-09-08 05:37:15.576 UTC [41] LOG:  background worker "logical replication launcher" (PID 47) exited with exit code 1
postgres-1    | 2026-09-08 05:37:15.577 UTC [42] LOG:  shutting down
postgres-1    | 2026-09-08 05:37:15.579 UTC [42] LOG:  checkpoint starting: shutdown immediate
redis-1       | 1:C 08 Sep 2026 16:13:38.700 * Redis version=7.4.9, bits=64, commit=00000000, modified=0, pid=1, just started
redis-1       | 1:C 08 Sep 2026 16:13:38.700 * Configuration loaded
redis-1       | 1:M 08 Sep 2026 16:13:38.702 * monotonic clock: POSIX clock_gettime
api2-1        | 2026-09-08T16:14:50.494Z  INFO 1 --- [limited-goods] [           main] o.apache.catalina.core.StandardService   : Starting service [Tomcat]
postgres-1    | 2026-09-08 05:37:15.675 UTC [62] FATAL:  the database system is shutting down
postgres-1    | 2026-09-08 05:37:15.849 UTC [42] LOG:  checkpoint complete: wrote 2766 buffers (16.9%); 0 WAL file(s) added, 0 removed, 1 recycled; write=0.119 s, sync=0.144 s, total=0.273 s; sync files=893, longest=0.004 s, average=0.001 s; distance=12816 kB, estimate=12816 kB; lsn=0/2176838, redo lsn=0/2176838
postgres-1    | 2026-09-08 05:37:15.863 UTC [41] LOG:  database system is shut down
api1-1        | 2026-09-08T16:14:53.162Z  INFO 1 --- [limited-goods] [           main] org.flywaydb.core.FlywayExecutor         : Database: jdbc:postgresql://postgres:5432/limited_goods_perf (PostgreSQL 16.14)
api1-1        | 2026-09-08T16:14:53.360Z  INFO 1 --- [limited-goods] [           main] o.f.core.internal.command.DbValidate     : Successfully validated 2 migrations (execution time 00:00.102s)
api1-1        | 2026-09-08T16:14:53.376Z  INFO 1 --- [limited-goods] [           main] o.f.core.internal.command.DbMigrate      : Current version of schema "public": 2
api1-1        | 2026-09-08T16:14:53.444Z  INFO 1 --- [limited-goods] [           main] o.f.core.internal.command.DbMigrate      : Schema "public" is up to date. No migration necessary.
api1-1        | 2026-09-08T16:14:53.843Z  INFO 1 --- [limited-goods] [           main] o.hibernate.jpa.internal.util.LogHelper  : HHH000204: Processing PersistenceUnitInfo [name: default]
api1-1        | 2026-09-08T16:14:53.972Z  INFO 1 --- [limited-goods] [           main] org.hibernate.Version                    : HHH000412: Hibernate ORM core version 6.6.53.Final
api2-1        | 2026-09-08T16:14:50.494Z  INFO 1 --- [limited-goods] [           main] o.apache.catalina.core.StandardEngine    : Starting Servlet engine: [Apache Tomcat/10.1.55]
api2-1        | 2026-09-08T16:14:50.791Z  INFO 1 --- [limited-goods] [           main] o.a.c.c.C.[Tomcat].[localhost].[/]       : Initializing Spring embedded WebApplicationContext
mock-pg-1     | 	Database JDBC URL [Connecting through datasource 'HikariDataSource (HikariPool-1)']
api1-1        | 2026-09-08T16:14:54.152Z  INFO 1 --- [limited-goods] [           main] o.h.c.internal.RegionFactoryInitiator    : HHH000026: Second-level cache disabled
mock-pg-1     | 	Database driver: undefined/unknown
api1-1        | 2026-09-08T16:14:54.865Z  INFO 1 --- [limited-goods] [           main] o.s.o.j.p.SpringPersistenceUnitInfo      : No LoadTimeWeaver setup: ignoring JPA class transformer
nginx-1       | 172.20.0.1 - - [08/Sep/2026:05:50:33 +0000] "POST /api/orders/2595b579-6153-49aa-b385-58646454f85a/payments HTTP/1.1" 202 104 "-" "Mozilla/5.0 (Windows NT 10.0; Microsoft Windows 10.0.26200; ko-KR) PowerShell/7.6.5"
postgres-1    |  done
nginx-1       | 172.20.0.1 - - [08/Sep/2026:05:50:33 +0000] "GET /api/orders/2595b579-6153-49aa-b385-58646454f85a HTTP/1.1" 200 355 "-" "Mozilla/5.0 (Windows NT 10.0; Microsoft Windows 10.0.26200; ko-KR) PowerShell/7.6.5"
postgres-1    | server stopped
api2-1        | 2026-09-08T16:14:50.792Z  INFO 1 --- [limited-goods] [           main] w.s.c.ServletWebServerApplicationContext : Root WebApplicationContext: initialization completed in 6107 ms
api2-1        | 2026-09-08T16:14:52.680Z  INFO 1 --- [limited-goods] [           main] com.zaxxer.hikari.HikariDataSource       : HikariPool-1 - Starting...
api2-1        | 2026-09-08T16:14:53.270Z  INFO 1 --- [limited-goods] [           main] com.zaxxer.hikari.pool.HikariPool        : HikariPool-1 - Added connection org.postgresql.jdbc.PgConnection@46de118b
api1-1        | 2026-09-08T16:14:55.063Z  INFO 1 --- [limited-goods] [           main] org.hibernate.orm.connections.pooling    : HHH10001005: Database info:
api1-1        | 	Database JDBC URL [Connecting through datasource 'HikariDataSource (HikariPool-1)']
api1-1        | 	Database driver: undefined/unknown
api1-1        | 	Database version: 16.14
api1-1        | 	Autocommit mode: undefined/unknown
worker-1      | 2026-09-08T16:14:59.760Z  INFO 1 --- [limited-goods] [           main] com.zaxxer.hikari.HikariDataSource       : HikariPool-1 - Start completed.
nginx-1       | 172.20.0.1 - - [08/Sep/2026:05:50:34 +0000] "GET /api/orders/2595b579-6153-49aa-b385-58646454f85a HTTP/1.1" 200 355 "-" "Mozilla/5.0 (Windows NT 10.0; Microsoft Windows 10.0.26200; ko-KR) PowerShell/7.6.5"
worker-1      | 2026-09-08T16:14:59.867Z  INFO 1 --- [limited-goods] [           main] org.flywaydb.core.FlywayExecutor         : Database: jdbc:postgresql://postgres:5432/limited_goods_perf (PostgreSQL 16.14)
nginx-1       | 172.20.0.1 - - [08/Sep/2026:05:50:35 +0000] "GET /api/orders/2595b579-6153-49aa-b385-58646454f85a HTTP/1.1" 200 355 "-" "Mozilla/5.0 (Windows NT 10.0; Microsoft Windows 10.0.26200; ko-KR) PowerShell/7.6.5"
nginx-1       | 172.20.0.1 - - [08/Sep/2026:05:50:36 +0000] "GET /api/orders/2595b579-6153-49aa-b385-58646454f85a HTTP/1.1" 200 355 "-" "Mozilla/5.0 (Windows NT 10.0; Microsoft Windows 10.0.26200; ko-KR) PowerShell/7.6.5"
mock-pg-1     | 	Database version: 16.14
mock-pg-1     | 	Autocommit mode: undefined/unknown
api2-1        | 2026-09-08T16:14:53.272Z  INFO 1 --- [limited-goods] [           main] com.zaxxer.hikari.HikariDataSource       : HikariPool-1 - Start completed.
api2-1        | 2026-09-08T16:14:53.389Z  INFO 1 --- [limited-goods] [           main] org.flywaydb.core.FlywayExecutor         : Database: jdbc:postgresql://postgres:5432/limited_goods_perf (PostgreSQL 16.14)
api2-1        | 2026-09-08T16:14:53.598Z  INFO 1 --- [limited-goods] [           main] o.f.core.internal.command.DbValidate     : Successfully validated 2 migrations (execution time 00:00.107s)
nginx-1       | 172.20.0.1 - - [08/Sep/2026:05:50:37 +0000] "GET /api/orders/2595b579-6153-49aa-b385-58646454f85a HTTP/1.1" 200 348 "-" "Mozilla/5.0 (Windows NT 10.0; Microsoft Windows 10.0.26200; ko-KR) PowerShell/7.6.5"
nginx-1       | 172.20.0.1 - - [08/Sep/2026:05:50:37 +0000] "GET /api/sales/a5deaf5f-aefe-4657-bc8b-2ece0e5529a0 HTTP/1.1" 200 260 "-" "Mozilla/5.0 (Windows NT 10.0; Microsoft Windows 10.0.26200; ko-KR) PowerShell/7.6.5"
api1-1        | 	Isolation level: undefined/unknown
api1-1        | 	Minimum pool size: undefined/unknown
worker-1      | 2026-09-08T16:15:00.166Z  INFO 1 --- [limited-goods] [           main] o.f.core.internal.command.DbValidate     : Successfully validated 2 migrations (execution time 00:00.113s)
worker-1      | 2026-09-08T16:15:00.262Z  INFO 1 --- [limited-goods] [           main] o.f.core.internal.command.DbMigrate      : Current version of schema "public": 2
redis-1       | 1:M 08 Sep 2026 16:13:38.791 * Running mode=standalone, port=6379.
redis-1       | 1:M 08 Sep 2026 16:13:38.792 * Server initialized
redis-1       | 1:M 08 Sep 2026 16:13:38.792 * Loading RDB produced by version 7.4.9
redis-1       | 1:M 08 Sep 2026 16:13:38.792 * RDB age 2 seconds
nginx-1       | /docker-entrypoint.sh: /docker-entrypoint.d/ is not empty, will attempt to perform configuration
api2-1        | 2026-09-08T16:14:53.681Z  INFO 1 --- [limited-goods] [           main] o.f.core.internal.command.DbMigrate      : Current version of schema "public": 2
nginx-1       | /docker-entrypoint.sh: Looking for shell scripts in /docker-entrypoint.d/
api2-1        | 2026-09-08T16:14:53.683Z  INFO 1 --- [limited-goods] [           main] o.f.core.internal.command.DbMigrate      : Schema "public" is up to date. No migration necessary.
postgres-1    | 
postgres-1    | PostgreSQL init process complete; ready for start up.
postgres-1    | 
mock-pg-1     | 	Isolation level: undefined/unknown
mock-pg-1     | 	Minimum pool size: undefined/unknown
mock-pg-1     | 	Maximum pool size: undefined/unknown
mock-pg-1     | 2026-09-08T16:14:28.062Z  INFO 1 --- [limited-goods] [           main] o.h.e.t.j.p.i.JtaPlatformInitiator       : HHH000489: No JTA platform available (set 'hibernate.transaction.jta.platform' to enable JTA platform integration)
worker-1      | 2026-09-08T16:15:00.264Z  INFO 1 --- [limited-goods] [           main] o.f.core.internal.command.DbMigrate      : Schema "public" is up to date. No migration necessary.
nginx-1       | /docker-entrypoint.sh: Launching /docker-entrypoint.d/10-listen-on-ipv6-by-default.sh
nginx-1       | 10-listen-on-ipv6-by-default.sh: info: IPv6 listen already enabled
nginx-1       | /docker-entrypoint.sh: Sourcing /docker-entrypoint.d/15-local-resolvers.envsh
nginx-1       | /docker-entrypoint.sh: Launching /docker-entrypoint.d/20-envsubst-on-templates.sh
nginx-1       | /docker-entrypoint.sh: Launching /docker-entrypoint.d/30-tune-worker-processes.sh
api2-1        | 2026-09-08T16:14:54.082Z  INFO 1 --- [limited-goods] [           main] o.hibernate.jpa.internal.util.LogHelper  : HHH000204: Processing PersistenceUnitInfo [name: default]
mock-pg-1     | 2026-09-08T16:14:28.262Z  INFO 1 --- [limited-goods] [           main] j.LocalContainerEntityManagerFactoryBean : Initialized JPA EntityManagerFactory for persistence unit 'default'
postgres-1    | 2026-09-08 05:37:15.898 UTC [1] LOG:  starting PostgreSQL 16.14 on x86_64-pc-linux-musl, compiled by gcc (Alpine 15.2.0) 15.2.0, 64-bit
mock-pg-1     | 2026-09-08T16:14:37.862Z  INFO 1 --- [limited-goods] [           main] o.s.b.a.e.web.EndpointLinksResolver      : Exposing 2 endpoints beneath base path '/actuator'
postgres-1    | 2026-09-08 05:37:15.899 UTC [1] LOG:  listening on IPv4 address "0.0.0.0", port 5432
api2-1        | 2026-09-08T16:14:54.264Z  INFO 1 --- [limited-goods] [           main] org.hibernate.Version                    : HHH000412: Hibernate ORM core version 6.6.53.Final
redis-1       | 1:M 08 Sep 2026 16:13:38.792 * RDB memory usage when created 1.32 Mb
api1-1        | 	Maximum pool size: undefined/unknown
nginx-1       | /docker-entrypoint.sh: Configuration complete; ready for start up
api1-1        | 2026-09-08T16:14:57.344Z  INFO 1 --- [limited-goods] [           main] o.h.e.t.j.p.i.JtaPlatformInitiator       : HHH000489: No JTA platform available (set 'hibernate.transaction.jta.platform' to enable JTA platform integration)
mock-pg-1     | 2026-09-08T16:14:38.369Z  INFO 1 --- [limited-goods] [           main] o.s.b.w.embedded.tomcat.TomcatWebServer  : Tomcat started on port 8080 (http) with context path '/'
mock-pg-1     | 2026-09-08T16:14:38.559Z  INFO 1 --- [limited-goods] [           main] com.limitedgoods.Application             : Started Application in 51.093 seconds (process running for 57.185)
mock-pg-1     | 2026-09-08T16:14:40.361Z  INFO 1 --- [limited-goods] [nio-8080-exec-1] o.a.c.c.C.[Tomcat].[localhost].[/]       : Initializing Spring DispatcherServlet 'dispatcherServlet'
mock-pg-1     | 2026-09-08T16:14:40.361Z  INFO 1 --- [limited-goods] [nio-8080-exec-1] o.s.web.servlet.DispatcherServlet        : Initializing Servlet 'dispatcherServlet'
mock-pg-1     | 2026-09-08T16:14:40.362Z  INFO 1 --- [limited-goods] [nio-8080-exec-1] o.s.web.servlet.DispatcherServlet        : Completed initialization in 1 ms
redis-1       | 1:M 08 Sep 2026 16:13:38.792 * Done loading RDB, keys loaded: 0, keys expired: 0.
redis-1       | 1:M 08 Sep 2026 16:13:38.793 * DB loaded from disk: 0.000 seconds
api1-1        | 2026-09-08T16:14:57.381Z  INFO 1 --- [limited-goods] [           main] j.LocalContainerEntityManagerFactoryBean : Initialized JPA EntityManagerFactory for persistence unit 'default'
api1-1        | 2026-09-08T16:15:00.755Z  INFO 1 --- [limited-goods] [           main] o.s.b.a.e.web.EndpointLinksResolver      : Exposing 2 endpoints beneath base path '/actuator'
postgres-1    | 2026-09-08 05:37:15.899 UTC [1] LOG:  listening on IPv6 address "::", port 5432
postgres-1    | 2026-09-08 05:37:15.903 UTC [1] LOG:  listening on Unix socket "/var/run/postgresql/.s.PGSQL.5432"
postgres-1    | 2026-09-08 05:37:15.909 UTC [66] LOG:  database system was shut down at 2026-09-08 05:37:15 UTC
postgres-1    | 2026-09-08 05:37:15.918 UTC [1] LOG:  database system is ready to accept connections
postgres-1    | 2026-09-08 05:42:15.907 UTC [64] LOG:  checkpoint starting: time
redis-1       | 1:M 08 Sep 2026 16:13:38.793 * Ready to accept connections tcp
postgres-1    | 2026-09-08 05:42:40.492 UTC [64] LOG:  checkpoint complete: wrote 247 buffers (1.5%); 0 WAL file(s) added, 0 removed, 0 recycled; write=24.482 s, sync=0.087 s, total=24.585 s; sync files=606, longest=0.003 s, average=0.001 s; distance=1424 kB, estimate=1424 kB; lsn=0/22DA9E0, redo lsn=0/22DA9A8
worker-1      | 2026-09-08T16:15:00.769Z  INFO 1 --- [limited-goods] [           main] o.hibernate.jpa.internal.util.LogHelper  : HHH000204: Processing PersistenceUnitInfo [name: default]
worker-1      | 2026-09-08T16:15:00.962Z  INFO 1 --- [limited-goods] [           main] org.hibernate.Version                    : HHH000412: Hibernate ORM core version 6.6.53.Final
nginx-1       | /docker-entrypoint.sh: /docker-entrypoint.d/ is not empty, will attempt to perform configuration
nginx-1       | /docker-entrypoint.sh: Looking for shell scripts in /docker-entrypoint.d/
nginx-1       | /docker-entrypoint.sh: Launching /docker-entrypoint.d/10-listen-on-ipv6-by-default.sh
api2-1        | 2026-09-08T16:14:54.368Z  INFO 1 --- [limited-goods] [           main] o.h.c.internal.RegionFactoryInitiator    : HHH000026: Second-level cache disabled
api2-1        | 2026-09-08T16:14:55.093Z  INFO 1 --- [limited-goods] [           main] o.s.o.j.p.SpringPersistenceUnitInfo      : No LoadTimeWeaver setup: ignoring JPA class transformer
api2-1        | 2026-09-08T16:14:55.289Z  INFO 1 --- [limited-goods] [           main] org.hibernate.orm.connections.pooling    : HHH10001005: Database info:
api2-1        | 	Database JDBC URL [Connecting through datasource 'HikariDataSource (HikariPool-1)']
nginx-1       | 10-listen-on-ipv6-by-default.sh: info: IPv6 listen already enabled
api1-1        | 2026-09-08T16:15:00.955Z  INFO 1 --- [limited-goods] [           main] o.s.b.w.embedded.tomcat.TomcatWebServer  : Tomcat started on port 8080 (http) with context path '/'
worker-1      | 2026-09-08T16:15:01.156Z  INFO 1 --- [limited-goods] [           main] o.h.c.internal.RegionFactoryInitiator    : HHH000026: Second-level cache disabled
worker-1      | 2026-09-08T16:15:02.468Z  INFO 1 --- [limited-goods] [           main] o.s.o.j.p.SpringPersistenceUnitInfo      : No LoadTimeWeaver setup: ignoring JPA class transformer
worker-1      | 2026-09-08T16:15:02.852Z  INFO 1 --- [limited-goods] [           main] org.hibernate.orm.connections.pooling    : HHH10001005: Database info:
worker-1      | 	Database JDBC URL [Connecting through datasource 'HikariDataSource (HikariPool-1)']
api1-1        | 2026-09-08T16:15:00.972Z  INFO 1 --- [limited-goods] [           main] com.limitedgoods.Application             : Started Application in 17.816 seconds (process running for 19.464)
api1-1        | 2026-09-08T16:15:02.274Z  INFO 1 --- [limited-goods] [nio-8080-exec-1] o.a.c.c.C.[Tomcat].[localhost].[/]       : Initializing Spring DispatcherServlet 'dispatcherServlet'
api1-1        | 2026-09-08T16:15:02.274Z  INFO 1 --- [limited-goods] [nio-8080-exec-1] o.s.web.servlet.DispatcherServlet        : Initializing Servlet 'dispatcherServlet'
api1-1        | 2026-09-08T16:15:02.276Z  INFO 1 --- [limited-goods] [nio-8080-exec-1] o.s.web.servlet.DispatcherServlet        : Completed initialization in 2 ms
worker-1      | 	Database driver: undefined/unknown
worker-1      | 	Database version: 16.14
worker-1      | 	Autocommit mode: undefined/unknown
mock-pg-1     | 2026-09-08T16:15:15.622Z  INFO 1 --- [limited-goods] [ionShutdownHook] o.s.b.w.e.tomcat.GracefulShutdown        : Commencing graceful shutdown. Waiting for active requests to complete
mock-pg-1     | 2026-09-08T16:15:15.657Z  INFO 1 --- [limited-goods] [tomcat-shutdown] o.s.b.w.e.tomcat.GracefulShutdown        : Graceful shutdown complete
mock-pg-1     | 2026-09-08T16:15:15.858Z  INFO 1 --- [limited-goods] [ionShutdownHook] j.LocalContainerEntityManagerFactoryBean : Closing JPA EntityManagerFactory for persistence unit 'default'
postgres-1    | 2026-09-08 05:52:15.659 UTC [64] LOG:  checkpoint starting: time
postgres-1    | 2026-09-08 05:52:20.620 UTC [64] LOG:  checkpoint complete: wrote 50 buffers (0.3%); 0 WAL file(s) added, 0 removed, 0 recycled; write=4.916 s, sync=0.037 s, total=4.962 s; sync files=30, longest=0.021 s, average=0.002 s; distance=16 kB, estimate=1283 kB; lsn=0/22DEB98, redo lsn=0/22DEB60
postgres-1    | 2026-09-08 05:57:15.706 UTC [64] LOG:  checkpoint starting: time
postgres-1    | 2026-09-08 05:57:22.415 UTC [64] LOG:  checkpoint complete: wrote 67 buffers (0.4%); 0 WAL file(s) added, 0 removed, 0 recycled; write=6.618 s, sync=0.080 s, total=6.710 s; sync files=514, longest=0.003 s, average=0.001 s; distance=530 kB, estimate=1208 kB; lsn=0/2363658, redo lsn=0/2363620
api2-1        | 	Database driver: undefined/unknown
api2-1        | 	Database version: 16.14
nginx-1       | /docker-entrypoint.sh: Sourcing /docker-entrypoint.d/15-local-resolvers.envsh
nginx-1       | /docker-entrypoint.sh: Launching /docker-entrypoint.d/20-envsubst-on-templates.sh
nginx-1       | /docker-entrypoint.sh: Launching /docker-entrypoint.d/30-tune-worker-processes.sh
nginx-1       | /docker-entrypoint.sh: Configuration complete; ready for start up
postgres-1    | 2026-09-08 10:45:39.456 UTC [64] LOG:  checkpoint starting: time
postgres-1    | 2026-09-08 10:45:42.871 UTC [64] LOG:  checkpoint complete: wrote 34 buffers (0.2%); 0 WAL file(s) added, 0 removed, 0 recycled; write=3.317 s, sync=0.079 s, total=3.415 s; sync files=461, longest=0.003 s, average=0.001 s; distance=434 kB, estimate=1130 kB; lsn=0/23D0098, redo lsn=0/23D0028
postgres-1    | 2026-09-08 10:50:39.921 UTC [64] LOG:  checkpoint starting: time
worker-1      | 	Isolation level: undefined/unknown
worker-1      | 	Minimum pool size: undefined/unknown
api1-1        | 2026-09-08T16:15:15.091Z  INFO 1 --- [limited-goods] [ionShutdownHook] o.s.b.w.e.tomcat.GracefulShutdown        : Commencing graceful shutdown. Waiting for active requests to complete
api1-1        | 2026-09-08T16:15:15.096Z  INFO 1 --- [limited-goods] [tomcat-shutdown] o.s.b.w.e.tomcat.GracefulShutdown        : Graceful shutdown complete
postgres-1    | 2026-09-08 10:50:42.843 UTC [64] LOG:  checkpoint complete: wrote 30 buffers (0.2%); 0 WAL file(s) added, 0 removed, 0 recycled; write=2.909 s, sync=0.008 s, total=2.923 s; sync files=28, longest=0.004 s, average=0.001 s; distance=43 kB, estimate=1022 kB; lsn=0/23DAD40, redo lsn=0/23DAD08
postgres-1    | 2026-09-08 16:13:36.797 UTC [1] LOG:  received fast shutdown request
mock-pg-1     | 2026-09-08T16:15:15.863Z  INFO 1 --- [limited-goods] [ionShutdownHook] com.zaxxer.hikari.HikariDataSource       : HikariPool-1 - Shutdown initiated...
mock-pg-1     | 2026-09-08T16:15:15.867Z  INFO 1 --- [limited-goods] [ionShutdownHook] com.zaxxer.hikari.HikariDataSource       : HikariPool-1 - Shutdown completed.
mock-pg-1     | 
worker-1      | 	Maximum pool size: undefined/unknown
worker-1      | 2026-09-08T16:15:05.855Z  INFO 1 --- [limited-goods] [           main] o.h.e.t.j.p.i.JtaPlatformInitiator       : HHH000489: No JTA platform available (set 'hibernate.transaction.jta.platform' to enable JTA platform integration)
nginx-1       | 2026/09/08 05:54:47 [error] 22#22: *1 connect() failed (111: Connection refused) while connecting to upstream, client: 172.20.0.1, server: , request: "GET /api/sales/00000000-0000-0000-0000-000000000000 HTTP/1.1", upstream: "http://172.20.0.5:8080/api/sales/00000000-0000-0000-0000-000000000000", host: "127.0.0.1:8080"
nginx-1       | 172.20.0.1 - - [08/Sep/2026:05:54:47 +0000] "GET /api/sales/00000000-0000-0000-0000-000000000000 HTTP/1.1" 502 157 "-" "Mozilla/5.0 (Windows NT 10.0; Microsoft Windows 10.0.26200; ko-KR) PowerShell/7.6.5"
nginx-1       | 2026/09/08 05:54:49 [error] 22#22: *3 connect() failed (111: Connection refused) while connecting to upstream, client: 172.20.0.1, server: , request: "GET /api/sales/00000000-0000-0000-0000-000000000000 HTTP/1.1", upstream: "http://172.20.0.4:8080/api/sales/00000000-0000-0000-0000-000000000000", host: "127.0.0.1:8080"
api2-1        | 	Autocommit mode: undefined/unknown
worker-1      | 2026-09-08T16:15:05.952Z  INFO 1 --- [limited-goods] [           main] j.LocalContainerEntityManagerFactoryBean : Initialized JPA EntityManagerFactory for persistence unit 'default'
worker-1      | 2026-09-08T16:15:10.760Z  INFO 1 --- [limited-goods] [           main] o.s.b.a.e.web.EndpointLinksResolver      : Exposing 2 endpoints beneath base path '/actuator'
postgres-1    | 2026-09-08 16:13:36.800 UTC [1] LOG:  aborting any active transactions
nginx-1       | 172.20.0.1 - - [08/Sep/2026:05:54:49 +0000] "GET /api/sales/00000000-0000-0000-0000-000000000000 HTTP/1.1" 502 157 "-" "Mozilla/5.0 (Windows NT 10.0; Microsoft Windows 10.0.26200; ko-KR) PowerShell/7.6.5"
api1-1        | 2026-09-08T16:15:15.118Z  INFO 1 --- [limited-goods] [ionShutdownHook] j.LocalContainerEntityManagerFactoryBean : Closing JPA EntityManagerFactory for persistence unit 'default'
api1-1        | 2026-09-08T16:15:15.143Z  INFO 1 --- [limited-goods] [ionShutdownHook] com.zaxxer.hikari.HikariDataSource       : HikariPool-1 - Shutdown initiated...
api1-1        | 2026-09-08T16:15:15.146Z  INFO 1 --- [limited-goods] [ionShutdownHook] com.zaxxer.hikari.HikariDataSource       : HikariPool-1 - Shutdown completed.
worker-1      | 2026-09-08T16:15:11.058Z  INFO 1 --- [limited-goods] [           main] o.s.b.w.embedded.tomcat.TomcatWebServer  : Tomcat started on port 8080 (http) with context path '/'
worker-1      | 2026-09-08T16:15:11.155Z  INFO 1 --- [limited-goods] [           main] com.limitedgoods.Application             : Started Application in 26.993 seconds (process running for 29.601)
worker-1      | 2026-09-08T16:15:13.169Z  INFO 1 --- [limited-goods] [nio-8080-exec-1] o.a.c.c.C.[Tomcat].[localhost].[/]       : Initializing Spring DispatcherServlet 'dispatcherServlet'
worker-1      | 2026-09-08T16:15:13.170Z  INFO 1 --- [limited-goods] [nio-8080-exec-1] o.s.web.servlet.DispatcherServlet        : Initializing Servlet 'dispatcherServlet'
worker-1      | 2026-09-08T16:15:13.171Z  INFO 1 --- [limited-goods] [nio-8080-exec-1] o.s.web.servlet.DispatcherServlet        : Completed initialization in 1 ms
nginx-1       | 2026/09/08 05:54:52 [error] 22#22: *5 no live upstreams while connecting to upstream, client: 172.20.0.1, server: , request: "GET /api/sales/00000000-0000-0000-0000-000000000000 HTTP/1.1", upstream: "http://goods/api/sales/00000000-0000-0000-0000-000000000000", host: "127.0.0.1:8080"
nginx-1       | 172.20.0.1 - - [08/Sep/2026:05:54:52 +0000] "GET /api/sales/00000000-0000-0000-0000-000000000000 HTTP/1.1" 502 157 "-" "Mozilla/5.0 (Windows NT 10.0; Microsoft Windows 10.0.26200; ko-KR) PowerShell/7.6.5"
nginx-1       | 2026/09/08 05:54:54 [error] 22#22: *6 no live upstreams while connecting to upstream, client: 172.20.0.1, server: , request: "GET /api/sales/00000000-0000-0000-0000-000000000000 HTTP/1.1", upstream: "http://goods/api/sales/00000000-0000-0000-0000-000000000000", host: "127.0.0.1:8080"
nginx-1       | 172.20.0.1 - - [08/Sep/2026:05:54:54 +0000] "GET /api/sales/00000000-0000-0000-0000-000000000000 HTTP/1.1" 502 157 "-" "Mozilla/5.0 (Windows NT 10.0; Microsoft Windows 10.0.26200; ko-KR) PowerShell/7.6.5"
nginx-1       | 2026/09/08 05:54:56 [error] 22#22: *7 no live upstreams while connecting to upstream, client: 172.20.0.1, server: , request: "GET /api/sales/00000000-0000-0000-0000-000000000000 HTTP/1.1", upstream: "http://goods/api/sales/00000000-0000-0000-0000-000000000000", host: "127.0.0.1:8080"
mock-pg-1     |   .   ____          _            __ _ _
mock-pg-1     |  /\\ / ___'_ __ _ _(_)_ __  __ _ \ \ \ \
mock-pg-1     | ( ( )\___ | '_ | '_| | '_ \/ _` | \ \ \ \
mock-pg-1     |  \\/  ___)| |_)| | | | | || (_| |  ) ) ) )
postgres-1    | 2026-09-08 16:13:36.807 UTC [1] LOG:  background worker "logical replication launcher" (PID 69) exited with exit code 1
postgres-1    | 2026-09-08 16:13:36.808 UTC [64] LOG:  shutting down
postgres-1    | 2026-09-08 16:13:36.810 UTC [64] LOG:  checkpoint starting: shutdown immediate
postgres-1    | 2026-09-08 16:13:36.829 UTC [64] LOG:  checkpoint complete: wrote 0 buffers (0.0%); 0 WAL file(s) added, 0 removed, 0 recycled; write=0.013 s, sync=0.001 s, total=0.021 s; sync files=0, longest=0.000 s, average=0.000 s; distance=0 kB, estimate=919 kB; lsn=0/23DADF0, redo lsn=0/23DADF0
mock-pg-1     |   '  |____| .__|_| |_|_| |_\__, | / / / /
mock-pg-1     |  =========|_|==============|___/=/_/_/_/
mock-pg-1     | 
postgres-1    | 2026-09-08 16:13:36.842 UTC [1] LOG:  database system is shut down
postgres-1    | 
postgres-1    | PostgreSQL Database directory appears to contain a database; Skipping initialization
postgres-1    | 
postgres-1    | 2026-09-08 16:13:38.815 UTC [1] LOG:  starting PostgreSQL 16.14 on x86_64-pc-linux-musl, compiled by gcc (Alpine 15.2.0) 15.2.0, 64-bit
postgres-1    | 2026-09-08 16:13:38.815 UTC [1] LOG:  listening on IPv4 address "0.0.0.0", port 5432
postgres-1    | 2026-09-08 16:13:38.815 UTC [1] LOG:  listening on IPv6 address "::", port 5432
postgres-1    | 2026-09-08 16:13:38.819 UTC [1] LOG:  listening on Unix socket "/var/run/postgresql/.s.PGSQL.5432"
postgres-1    | 2026-09-08 16:13:38.829 UTC [29] LOG:  database system was shut down at 2026-09-08 16:13:36 UTC
api2-1        | 	Isolation level: undefined/unknown
api2-1        | 	Minimum pool size: undefined/unknown
api2-1        | 	Maximum pool size: undefined/unknown
api2-1        | 2026-09-08T16:14:57.803Z  INFO 1 --- [limited-goods] [           main] o.h.e.t.j.p.i.JtaPlatformInitiator       : HHH000489: No JTA platform available (set 'hibernate.transaction.jta.platform' to enable JTA platform integration)
api1-1        | 
worker-1      | 2026-09-08T16:15:15.090Z  INFO 1 --- [limited-goods] [ionShutdownHook] o.s.b.w.e.tomcat.GracefulShutdown        : Commencing graceful shutdown. Waiting for active requests to complete
worker-1      | 2026-09-08T16:15:15.093Z  INFO 1 --- [limited-goods] [tomcat-shutdown] o.s.b.w.e.tomcat.GracefulShutdown        : Graceful shutdown complete
worker-1      | 2026-09-08T16:15:15.159Z  INFO 1 --- [limited-goods] [ionShutdownHook] j.LocalContainerEntityManagerFactoryBean : Closing JPA EntityManagerFactory for persistence unit 'default'
nginx-1       | 172.20.0.1 - - [08/Sep/2026:05:54:56 +0000] "GET /api/sales/00000000-0000-0000-0000-000000000000 HTTP/1.1" 502 157 "-" "Mozilla/5.0 (Windows NT 10.0; Microsoft Windows 10.0.26200; ko-KR) PowerShell/7.6.5"
nginx-1       | 2026/09/08 05:54:58 [error] 22#22: *8 connect() failed (111: Connection refused) while connecting to upstream, client: 172.20.0.1, server: , request: "GET /api/sales/00000000-0000-0000-0000-000000000000 HTTP/1.1", upstream: "http://172.20.0.5:8080/api/sales/00000000-0000-0000-0000-000000000000", host: "127.0.0.1:8080"
postgres-1    | 2026-09-08 16:13:38.837 UTC [1] LOG:  database system is ready to accept connections
worker-1      | 2026-09-08T16:15:15.161Z  INFO 1 --- [limited-goods] [ionShutdownHook] com.zaxxer.hikari.HikariDataSource       : HikariPool-1 - Shutdown initiated...
worker-1      | 2026-09-08T16:15:15.164Z  INFO 1 --- [limited-goods] [ionShutdownHook] com.zaxxer.hikari.HikariDataSource       : HikariPool-1 - Shutdown completed.
mock-pg-1     |  :: Spring Boot ::               (v3.5.16)
mock-pg-1     | 
mock-pg-1     | 2026-09-08T16:15:27.677Z  INFO 1 --- [limited-goods] [           main] com.limitedgoods.Application             : Starting Application v0.1.0 using Java 21.0.12 with PID 1 (/app/app.jar started by root in /app)
mock-pg-1     | 2026-09-08T16:15:27.679Z  INFO 1 --- [limited-goods] [           main] com.limitedgoods.Application             : The following 1 profile is active: "mockpg"
mock-pg-1     | 2026-09-08T16:15:37.478Z  INFO 1 --- [limited-goods] [           main] .s.d.r.c.RepositoryConfigurationDelegate : Multiple Spring Data modules found, entering strict repository configuration mode
api1-1        |   .   ____          _            __ _ _
api1-1        |  /\\ / ___'_ __ _ _(_)_ __  __ _ \ \ \ \
api1-1        | ( ( )\___ | '_ | '_| | '_ \/ _` | \ \ \ \
api1-1        |  \\/  ___)| |_)| | | | | || (_| |  ) ) ) )
mock-pg-1     | 2026-09-08T16:15:37.480Z  INFO 1 --- [limited-goods] [           main] .s.d.r.c.RepositoryConfigurationDelegate : Bootstrapping Spring Data JPA repositories in DEFAULT mode.
mock-pg-1     | 2026-09-08T16:15:37.674Z  INFO 1 --- [limited-goods] [           main] .s.d.r.c.RepositoryConfigurationDelegate : Finished Spring Data repository scanning in 99 ms. Found 0 JPA repository interfaces.
mock-pg-1     | 2026-09-08T16:15:37.773Z  INFO 1 --- [limited-goods] [           main] .s.d.r.c.RepositoryConfigurationDelegate : Multiple Spring Data modules found, entering strict repository configuration mode
mock-pg-1     | 2026-09-08T16:15:37.867Z  INFO 1 --- [limited-goods] [           main] .s.d.r.c.RepositoryConfigurationDelegate : Bootstrapping Spring Data Redis repositories in DEFAULT mode.
mock-pg-1     | 2026-09-08T16:15:37.967Z  INFO 1 --- [limited-goods] [           main] .s.d.r.c.RepositoryConfigurationDelegate : Finished Spring Data repository scanning in 92 ms. Found 0 Redis repository interfaces.
mock-pg-1     | 2026-09-08T16:15:42.673Z  INFO 1 --- [limited-goods] [           main] o.s.b.w.embedded.tomcat.TomcatWebServer  : Tomcat initialized with port 8080 (http)
mock-pg-1     | 2026-09-08T16:15:42.971Z  INFO 1 --- [limited-goods] [           main] o.apache.catalina.core.StandardService   : Starting service [Tomcat]
mock-pg-1     | 2026-09-08T16:15:42.971Z  INFO 1 --- [limited-goods] [           main] o.apache.catalina.core.StandardEngine    : Starting Servlet engine: [Apache Tomcat/10.1.55]
worker-1      | 
worker-1      |   .   ____          _            __ _ _
worker-1      |  /\\ / ___'_ __ _ _(_)_ __  __ _ \ \ \ \
api1-1        |   '  |____| .__|_| |_|_| |_\__, | / / / /
api1-1        |  =========|_|==============|___/=/_/_/_/
api1-1        | 
api1-1        |  :: Spring Boot ::               (v3.5.16)
api1-1        | 
api1-1        | 2026-09-08T16:16:16.539Z  INFO 1 --- [limited-goods] [           main] com.limitedgoods.Application             : Starting Application v0.1.0 using Java 21.0.12 with PID 1 (/app/app.jar started by root in /app)
nginx-1       | 172.20.0.1 - - [08/Sep/2026:05:54:58 +0000] "GET /api/sales/00000000-0000-0000-0000-000000000000 HTTP/1.1" 502 157 "-" "Mozilla/5.0 (Windows NT 10.0; Microsoft Windows 10.0.26200; ko-KR) PowerShell/7.6.5"
nginx-1       | 2026/09/08 05:55:00 [error] 22#22: *10 connect() failed (111: Connection refused) while connecting to upstream, client: 172.20.0.1, server: , request: "GET /api/sales/00000000-0000-0000-0000-000000000000 HTTP/1.1", upstream: "http://172.20.0.4:8080/api/sales/00000000-0000-0000-0000-000000000000", host: "127.0.0.1:8080"
nginx-1       | 172.20.0.1 - - [08/Sep/2026:05:55:00 +0000] "GET /api/sales/00000000-0000-0000-0000-000000000000 HTTP/1.1" 502 157 "-" "Mozilla/5.0 (Windows NT 10.0; Microsoft Windows 10.0.26200; ko-KR) PowerShell/7.6.5"
nginx-1       | 2026/09/08 05:55:02 [error] 22#22: *12 no live upstreams while connecting to upstream, client: 172.20.0.1, server: , request: "GET /api/sales/00000000-0000-0000-0000-000000000000 HTTP/1.1", upstream: "http://goods/api/sales/00000000-0000-0000-0000-000000000000", host: "127.0.0.1:8080"
api1-1        | 2026-09-08T16:16:16.541Z  INFO 1 --- [limited-goods] [           main] com.limitedgoods.Application             : No active profile set, falling back to 1 default profile: "default"
api1-1        | 2026-09-08T16:16:19.947Z  INFO 1 --- [limited-goods] [           main] .s.d.r.c.RepositoryConfigurationDelegate : Multiple Spring Data modules found, entering strict repository configuration mode
api1-1        | 2026-09-08T16:16:19.949Z  INFO 1 --- [limited-goods] [           main] .s.d.r.c.RepositoryConfigurationDelegate : Bootstrapping Spring Data JPA repositories in DEFAULT mode.
api1-1        | 2026-09-08T16:16:20.035Z  INFO 1 --- [limited-goods] [           main] .s.d.r.c.RepositoryConfigurationDelegate : Finished Spring Data repository scanning in 74 ms. Found 0 JPA repository interfaces.
api2-1        | 2026-09-08T16:14:57.897Z  INFO 1 --- [limited-goods] [           main] j.LocalContainerEntityManagerFactoryBean : Initialized JPA EntityManagerFactory for persistence unit 'default'
worker-1      | ( ( )\___ | '_ | '_| | '_ \/ _` | \ \ \ \
api2-1        | 2026-09-08T16:15:01.167Z  INFO 1 --- [limited-goods] [           main] o.s.b.a.e.web.EndpointLinksResolver      : Exposing 2 endpoints beneath base path '/actuator'
worker-1      |  \\/  ___)| |_)| | | | | || (_| |  ) ) ) )
api1-1        | 2026-09-08T16:16:20.052Z  INFO 1 --- [limited-goods] [           main] .s.d.r.c.RepositoryConfigurationDelegate : Multiple Spring Data modules found, entering strict repository configuration mode
worker-1      |   '  |____| .__|_| |_|_| |_\__, | / / / /
api1-1        | 2026-09-08T16:16:20.053Z  INFO 1 --- [limited-goods] [           main] .s.d.r.c.RepositoryConfigurationDelegate : Bootstrapping Spring Data Redis repositories in DEFAULT mode.
worker-1      |  =========|_|==============|___/=/_/_/_/
worker-1      | 
worker-1      |  :: Spring Boot ::               (v3.5.16)
worker-1      | 
mock-pg-1     | 2026-09-08T16:15:43.575Z  INFO 1 --- [limited-goods] [           main] o.a.c.c.C.[Tomcat].[localhost].[/]       : Initializing Spring embedded WebApplicationContext
mock-pg-1     | 2026-09-08T16:15:43.576Z  INFO 1 --- [limited-goods] [           main] w.s.c.ServletWebServerApplicationContext : Root WebApplicationContext: initialization completed in 15601 ms
mock-pg-1     | 2026-09-08T16:15:47.868Z  INFO 1 --- [limited-goods] [           main] com.zaxxer.hikari.HikariDataSource       : HikariPool-1 - Starting...
mock-pg-1     | 2026-09-08T16:15:49.371Z  INFO 1 --- [limited-goods] [           main] com.zaxxer.hikari.pool.HikariPool        : HikariPool-1 - Added connection org.postgresql.jdbc.PgConnection@19924f15
mock-pg-1     | 2026-09-08T16:15:49.374Z  INFO 1 --- [limited-goods] [           main] com.zaxxer.hikari.HikariDataSource       : HikariPool-1 - Start completed.
api1-1        | 2026-09-08T16:16:20.128Z  INFO 1 --- [limited-goods] [           main] .s.d.r.c.RepositoryConfigurationDelegate : Finished Spring Data repository scanning in 2 ms. Found 0 Redis repository interfaces.
api1-1        | 2026-09-08T16:16:22.033Z  INFO 1 --- [limited-goods] [           main] o.s.b.w.embedded.tomcat.TomcatWebServer  : Tomcat initialized with port 8080 (http)
api1-1        | 2026-09-08T16:16:22.047Z  INFO 1 --- [limited-goods] [           main] o.apache.catalina.core.StandardService   : Starting service [Tomcat]
nginx-1       | 172.20.0.1 - - [08/Sep/2026:05:55:02 +0000] "GET /api/sales/00000000-0000-0000-0000-000000000000 HTTP/1.1" 502 157 "-" "Mozilla/5.0 (Windows NT 10.0; Microsoft Windows 10.0.26200; ko-KR) PowerShell/7.6.5"
api1-1        | 2026-09-08T16:16:22.047Z  INFO 1 --- [limited-goods] [           main] o.apache.catalina.core.StandardEngine    : Starting Servlet engine: [Apache Tomcat/10.1.55]
api1-1        | 2026-09-08T16:16:22.351Z  INFO 1 --- [limited-goods] [           main] o.a.c.c.C.[Tomcat].[localhost].[/]       : Initializing Spring embedded WebApplicationContext
nginx-1       | 172.20.0.1 - - [08/Sep/2026:05:55:04 +0000] "GET /api/sales/00000000-0000-0000-0000-000000000000 HTTP/1.1" 502 157 "-" "Mozilla/5.0 (Windows NT 10.0; Microsoft Windows 10.0.26200; ko-KR) PowerShell/7.6.5"
nginx-1       | 2026/09/08 05:55:04 [error] 22#22: *13 no live upstreams while connecting to upstream, client: 172.20.0.1, server: , request: "GET /api/sales/00000000-0000-0000-0000-000000000000 HTTP/1.1", upstream: "http://goods/api/sales/00000000-0000-0000-0000-000000000000", host: "127.0.0.1:8080"
nginx-1       | 2026/09/08 05:55:06 [error] 22#22: *14 no live upstreams while connecting to upstream, client: 172.20.0.1, server: , request: "GET /api/sales/00000000-0000-0000-0000-000000000000 HTTP/1.1", upstream: "http://goods/api/sales/00000000-0000-0000-0000-000000000000", host: "127.0.0.1:8080"
api1-1        | 2026-09-08T16:16:22.353Z  INFO 1 --- [limited-goods] [           main] w.s.c.ServletWebServerApplicationContext : Root WebApplicationContext: initialization completed in 5696 ms
api1-1        | 2026-09-08T16:16:24.329Z  INFO 1 --- [limited-goods] [           main] com.zaxxer.hikari.HikariDataSource       : HikariPool-1 - Starting...
nginx-1       | 172.20.0.1 - - [08/Sep/2026:05:55:06 +0000] "GET /api/sales/00000000-0000-0000-0000-000000000000 HTTP/1.1" 502 157 "-" "Mozilla/5.0 (Windows NT 10.0; Microsoft Windows 10.0.26200; ko-KR) PowerShell/7.6.5"
nginx-1       | 2026/09/08 05:55:08 [error] 22#22: *15 no live upstreams while connecting to upstream, client: 172.20.0.1, server: , request: "GET /api/sales/00000000-0000-0000-0000-000000000000 HTTP/1.1", upstream: "http://goods/api/sales/00000000-0000-0000-0000-000000000000", host: "127.0.0.1:8080"
nginx-1       | 172.20.0.1 - - [08/Sep/2026:05:55:08 +0000] "GET /api/sales/00000000-0000-0000-0000-000000000000 HTTP/1.1" 502 157 "-" "Mozilla/5.0 (Windows NT 10.0; Microsoft Windows 10.0.26200; ko-KR) PowerShell/7.6.5"
nginx-1       | 172.20.0.1 - - [08/Sep/2026:05:55:10 +0000] "GET /api/sales/00000000-0000-0000-0000-000000000000 HTTP/1.1" 404 36 "-" "Mozilla/5.0 (Windows NT 10.0; Microsoft Windows 10.0.26200; ko-KR) PowerShell/7.6.5"
worker-1      | 2026-09-08T16:16:18.163Z  INFO 1 --- [limited-goods] [           main] com.limitedgoods.Application             : Starting Application v0.1.0 using Java 21.0.12 with PID 1 (/app/app.jar started by root in /app)
worker-1      | 2026-09-08T16:16:18.240Z  INFO 1 --- [limited-goods] [           main] com.limitedgoods.Application             : No active profile set, falling back to 1 default profile: "default"
worker-1      | 2026-09-08T16:16:23.453Z  INFO 1 --- [limited-goods] [           main] .s.d.r.c.RepositoryConfigurationDelegate : Multiple Spring Data modules found, entering strict repository configuration mode
worker-1      | 2026-09-08T16:16:23.455Z  INFO 1 --- [limited-goods] [           main] .s.d.r.c.RepositoryConfigurationDelegate : Bootstrapping Spring Data JPA repositories in DEFAULT mode.
mock-pg-1     | 2026-09-08T16:15:49.868Z  INFO 1 --- [limited-goods] [           main] org.flywaydb.core.FlywayExecutor         : Database: jdbc:postgresql://postgres:5432/limited_goods_perf (PostgreSQL 16.14)
mock-pg-1     | 2026-09-08T16:15:50.273Z  INFO 1 --- [limited-goods] [           main] o.f.core.internal.command.DbValidate     : Successfully validated 2 migrations (execution time 00:00.204s)
mock-pg-1     | 2026-09-08T16:15:50.376Z  INFO 1 --- [limited-goods] [           main] o.f.core.internal.command.DbMigrate      : Current version of schema "public": 2
mock-pg-1     | 2026-09-08T16:15:50.378Z  INFO 1 --- [limited-goods] [           main] o.f.core.internal.command.DbMigrate      : Schema "public" is up to date. No migration necessary.
api1-1        | 2026-09-08T16:16:24.923Z  INFO 1 --- [limited-goods] [           main] com.zaxxer.hikari.pool.HikariPool        : HikariPool-1 - Added connection org.postgresql.jdbc.PgConnection@7791ff50
api1-1        | 2026-09-08T16:16:24.925Z  INFO 1 --- [limited-goods] [           main] com.zaxxer.hikari.HikariDataSource       : HikariPool-1 - Start completed.
api1-1        | 2026-09-08T16:16:25.144Z  INFO 1 --- [limited-goods] [           main] org.flywaydb.core.FlywayExecutor         : Database: jdbc:postgresql://postgres:5432/limited_goods_perf (PostgreSQL 16.14)
api1-1        | 2026-09-08T16:16:25.338Z  INFO 1 --- [limited-goods] [           main] o.f.core.internal.command.DbValidate     : Successfully validated 2 migrations (execution time 00:00.104s)
api1-1        | 2026-09-08T16:16:25.354Z  INFO 1 --- [limited-goods] [           main] o.f.core.internal.command.DbMigrate      : Current version of schema "public": 2
api1-1        | 2026-09-08T16:16:25.356Z  INFO 1 --- [limited-goods] [           main] o.f.core.internal.command.DbMigrate      : Schema "public" is up to date. No migration necessary.
mock-pg-1     | 2026-09-08T16:15:51.372Z  INFO 1 --- [limited-goods] [           main] o.hibernate.jpa.internal.util.LogHelper  : HHH000204: Processing PersistenceUnitInfo [name: default]
api1-1        | 2026-09-08T16:16:25.733Z  INFO 1 --- [limited-goods] [           main] o.hibernate.jpa.internal.util.LogHelper  : HHH000204: Processing PersistenceUnitInfo [name: default]
api1-1        | 2026-09-08T16:16:25.939Z  INFO 1 --- [limited-goods] [           main] org.hibernate.Version                    : HHH000412: Hibernate ORM core version 6.6.53.Final
mock-pg-1     | 2026-09-08T16:15:51.776Z  INFO 1 --- [limited-goods] [           main] org.hibernate.Version                    : HHH000412: Hibernate ORM core version 6.6.53.Final
mock-pg-1     | 2026-09-08T16:15:52.069Z  INFO 1 --- [limited-goods] [           main] o.h.c.internal.RegionFactoryInitiator    : HHH000026: Second-level cache disabled
mock-pg-1     | 2026-09-08T16:15:54.267Z  INFO 1 --- [limited-goods] [           main] o.s.o.j.p.SpringPersistenceUnitInfo      : No LoadTimeWeaver setup: ignoring JPA class transformer
mock-pg-1     | 2026-09-08T16:15:54.678Z  INFO 1 --- [limited-goods] [           main] org.hibernate.orm.connections.pooling    : HHH10001005: Database info:
mock-pg-1     | 	Database JDBC URL [Connecting through datasource 'HikariDataSource (HikariPool-1)']
worker-1      | 2026-09-08T16:16:23.552Z  INFO 1 --- [limited-goods] [           main] .s.d.r.c.RepositoryConfigurationDelegate : Finished Spring Data repository scanning in 89 ms. Found 0 JPA repository interfaces.
nginx-1       | 172.20.0.1 - - [08/Sep/2026:05:55:11 +0000] "POST /api/sales HTTP/1.1" 201 263 "-" "Mozilla/5.0 (Windows NT 10.0; Microsoft Windows 10.0.26200; ko-KR) PowerShell/7.6.5"
nginx-1       | 172.20.0.1 - - [08/Sep/2026:05:55:15 +0000] "POST /api/purchases HTTP/1.1" 201 261 "-" "Mozilla/5.0 (Windows NT 10.0; Microsoft Windows 10.0.26200; ko-KR) PowerShell/7.6.5"
mock-pg-1     | 	Database driver: undefined/unknown
nginx-1       | 172.20.0.1 - - [08/Sep/2026:05:55:15 +0000] "POST /api/orders/58253073-1d6a-4451-9e2d-4d363d5a0dbe/payments HTTP/1.1" 202 96 "-" "Mozilla/5.0 (Windows NT 10.0; Microsoft Windows 10.0.26200; ko-KR) PowerShell/7.6.5"
mock-pg-1     | 	Database version: 16.14
api1-1        | 2026-09-08T16:16:26.041Z  INFO 1 --- [limited-goods] [           main] o.h.c.internal.RegionFactoryInitiator    : HHH000026: Second-level cache disabled
worker-1      | 2026-09-08T16:16:23.658Z  INFO 1 --- [limited-goods] [           main] .s.d.r.c.RepositoryConfigurationDelegate : Multiple Spring Data modules found, entering strict repository configuration mode
api2-1        | 2026-09-08T16:15:01.366Z  INFO 1 --- [limited-goods] [           main] o.s.b.w.embedded.tomcat.TomcatWebServer  : Tomcat started on port 8080 (http) with context path '/'
mock-pg-1     | 	Autocommit mode: undefined/unknown
mock-pg-1     | 	Isolation level: undefined/unknown
nginx-1       | 172.20.0.1 - - [08/Sep/2026:05:55:15 +0000] "GET /api/orders/58253073-1d6a-4451-9e2d-4d363d5a0dbe HTTP/1.1" 200 347 "-" "Mozilla/5.0 (Windows NT 10.0; Microsoft Windows 10.0.26200; ko-KR) PowerShell/7.6.5"
worker-1      | 2026-09-08T16:16:23.737Z  INFO 1 --- [limited-goods] [           main] .s.d.r.c.RepositoryConfigurationDelegate : Bootstrapping Spring Data Redis repositories in DEFAULT mode.
worker-1      | 2026-09-08T16:16:23.839Z  INFO 1 --- [limited-goods] [           main] .s.d.r.c.RepositoryConfigurationDelegate : Finished Spring Data repository scanning in 2 ms. Found 0 Redis repository interfaces.
worker-1      | 2026-09-08T16:16:26.842Z  INFO 1 --- [limited-goods] [           main] o.s.b.w.embedded.tomcat.TomcatWebServer  : Tomcat initialized with port 8080 (http)
worker-1      | 2026-09-08T16:16:26.857Z  INFO 1 --- [limited-goods] [           main] o.apache.catalina.core.StandardService   : Starting service [Tomcat]
mock-pg-1     | 	Minimum pool size: undefined/unknown
mock-pg-1     | 	Maximum pool size: undefined/unknown
mock-pg-1     | 2026-09-08T16:16:01.083Z  INFO 1 --- [limited-goods] [           main] o.h.e.t.j.p.i.JtaPlatformInitiator       : HHH000489: No JTA platform available (set 'hibernate.transaction.jta.platform' to enable JTA platform integration)
mock-pg-1     | 2026-09-08T16:16:01.195Z  INFO 1 --- [limited-goods] [           main] j.LocalContainerEntityManagerFactoryBean : Initialized JPA EntityManagerFactory for persistence unit 'default'
api2-1        | 2026-09-08T16:15:01.381Z  INFO 1 --- [limited-goods] [           main] com.limitedgoods.Application             : Started Application in 18.287 seconds (process running for 19.865)
api2-1        | 2026-09-08T16:15:01.779Z  INFO 1 --- [limited-goods] [nio-8080-exec-1] o.a.c.c.C.[Tomcat].[localhost].[/]       : Initializing Spring DispatcherServlet 'dispatcherServlet'
api2-1        | 2026-09-08T16:15:01.779Z  INFO 1 --- [limited-goods] [nio-8080-exec-1] o.s.web.servlet.DispatcherServlet        : Initializing Servlet 'dispatcherServlet'
api2-1        | 2026-09-08T16:15:01.781Z  INFO 1 --- [limited-goods] [nio-8080-exec-1] o.s.web.servlet.DispatcherServlet        : Completed initialization in 2 ms
nginx-1       | 172.20.0.1 - - [08/Sep/2026:05:55:16 +0000] "GET /api/orders/58253073-1d6a-4451-9e2d-4d363d5a0dbe HTTP/1.1" 200 347 "-" "Mozilla/5.0 (Windows NT 10.0; Microsoft Windows 10.0.26200; ko-KR) PowerShell/7.6.5"
mock-pg-1     | 2026-09-08T16:16:10.178Z  INFO 1 --- [limited-goods] [           main] o.s.b.a.e.web.EndpointLinksResolver      : Exposing 2 endpoints beneath base path '/actuator'
mock-pg-1     | 2026-09-08T16:16:10.870Z  INFO 1 --- [limited-goods] [           main] o.s.b.w.embedded.tomcat.TomcatWebServer  : Tomcat started on port 8080 (http) with context path '/'
mock-pg-1     | 2026-09-08T16:16:11.070Z  INFO 1 --- [limited-goods] [           main] com.limitedgoods.Application             : Started Application in 47.797 seconds (process running for 52.195)
mock-pg-1     | 2026-09-08T16:16:12.570Z  INFO 1 --- [limited-goods] [nio-8080-exec-1] o.a.c.c.C.[Tomcat].[localhost].[/]       : Initializing Spring DispatcherServlet 'dispatcherServlet'
mock-pg-1     | 2026-09-08T16:16:12.571Z  INFO 1 --- [limited-goods] [nio-8080-exec-1] o.s.web.servlet.DispatcherServlet        : Initializing Servlet 'dispatcherServlet'
mock-pg-1     | 2026-09-08T16:16:12.572Z  INFO 1 --- [limited-goods] [nio-8080-exec-1] o.s.web.servlet.DispatcherServlet        : Completed initialization in 1 ms
nginx-1       | 172.20.0.1 - - [08/Sep/2026:05:55:17 +0000] "GET /api/orders/58253073-1d6a-4451-9e2d-4d363d5a0dbe HTTP/1.1" 200 347 "-" "Mozilla/5.0 (Windows NT 10.0; Microsoft Windows 10.0.26200; ko-KR) PowerShell/7.6.5"
nginx-1       | 172.20.0.1 - - [08/Sep/2026:05:55:18 +0000] "GET /api/orders/58253073-1d6a-4451-9e2d-4d363d5a0dbe HTTP/1.1" 200 347 "-" "Mozilla/5.0 (Windows NT 10.0; Microsoft Windows 10.0.26200; ko-KR) PowerShell/7.6.5"
api1-1        | 2026-09-08T16:16:27.039Z  INFO 1 --- [limited-goods] [           main] o.s.o.j.p.SpringPersistenceUnitInfo      : No LoadTimeWeaver setup: ignoring JPA class transformer
nginx-1       | 172.20.0.1 - - [08/Sep/2026:05:55:19 +0000] "GET /api/orders/58253073-1d6a-4451-9e2d-4d363d5a0dbe HTTP/1.1" 200 347 "-" "Mozilla/5.0 (Windows NT 10.0; Microsoft Windows 10.0.26200; ko-KR) PowerShell/7.6.5"
worker-1      | 2026-09-08T16:16:26.858Z  INFO 1 --- [limited-goods] [           main] o.apache.catalina.core.StandardEngine    : Starting Servlet engine: [Apache Tomcat/10.1.55]
api2-1        | 2026-09-08T16:15:15.100Z  INFO 1 --- [limited-goods] [ionShutdownHook] o.s.b.w.e.tomcat.GracefulShutdown        : Commencing graceful shutdown. Waiting for active requests to complete
api1-1        | 2026-09-08T16:16:27.246Z  INFO 1 --- [limited-goods] [           main] org.hibernate.orm.connections.pooling    : HHH10001005: Database info:
api2-1        | 2026-09-08T16:15:15.104Z  INFO 1 --- [limited-goods] [tomcat-shutdown] o.s.b.w.e.tomcat.GracefulShutdown        : Graceful shutdown complete
nginx-1       | 172.20.0.1 - - [08/Sep/2026:05:55:20 +0000] "GET /api/orders/58253073-1d6a-4451-9e2d-4d363d5a0dbe HTTP/1.1" 200 347 "-" "Mozilla/5.0 (Windows NT 10.0; Microsoft Windows 10.0.26200; ko-KR) PowerShell/7.6.5"
nginx-1       | 172.20.0.1 - - [08/Sep/2026:05:55:21 +0000] "GET /api/orders/58253073-1d6a-4451-9e2d-4d363d5a0dbe HTTP/1.1" 200 347 "-" "Mozilla/5.0 (Windows NT 10.0; Microsoft Windows 10.0.26200; ko-KR) PowerShell/7.6.5"
api1-1        | 	Database JDBC URL [Connecting through datasource 'HikariDataSource (HikariPool-1)']
worker-1      | 2026-09-08T16:16:27.248Z  INFO 1 --- [limited-goods] [           main] o.a.c.c.C.[Tomcat].[localhost].[/]       : Initializing Spring embedded WebApplicationContext
nginx-1       | 172.20.0.1 - - [08/Sep/2026:05:55:22 +0000] "GET /api/orders/58253073-1d6a-4451-9e2d-4d363d5a0dbe HTTP/1.1" 200 347 "-" "Mozilla/5.0 (Windows NT 10.0; Microsoft Windows 10.0.26200; ko-KR) PowerShell/7.6.5"
nginx-1       | 172.20.0.1 - - [08/Sep/2026:05:55:23 +0000] "GET /api/orders/58253073-1d6a-4451-9e2d-4d363d5a0dbe HTTP/1.1" 200 347 "-" "Mozilla/5.0 (Windows NT 10.0; Microsoft Windows 10.0.26200; ko-KR) PowerShell/7.6.5"
worker-1      | 2026-09-08T16:16:27.249Z  INFO 1 --- [limited-goods] [           main] w.s.c.ServletWebServerApplicationContext : Root WebApplicationContext: initialization completed in 8809 ms
api1-1        | 	Database driver: undefined/unknown
worker-1      | 2026-09-08T16:16:30.045Z  INFO 1 --- [limited-goods] [           main] com.zaxxer.hikari.HikariDataSource       : HikariPool-1 - Starting...
nginx-1       | 172.20.0.1 - - [08/Sep/2026:05:55:24 +0000] "GET /api/orders/58253073-1d6a-4451-9e2d-4d363d5a0dbe HTTP/1.1" 200 347 "-" "Mozilla/5.0 (Windows NT 10.0; Microsoft Windows 10.0.26200; ko-KR) PowerShell/7.6.5"
worker-1      | 2026-09-08T16:16:30.945Z  INFO 1 --- [limited-goods] [           main] com.zaxxer.hikari.pool.HikariPool        : HikariPool-1 - Added connection org.postgresql.jdbc.PgConnection@573870cb
nginx-1       | 172.20.0.1 - - [08/Sep/2026:05:55:25 +0000] "GET /api/orders/58253073-1d6a-4451-9e2d-4d363d5a0dbe HTTP/1.1" 200 347 "-" "Mozilla/5.0 (Windows NT 10.0; Microsoft Windows 10.0.26200; ko-KR) PowerShell/7.6.5"
api1-1        | 	Database version: 16.14
api1-1        | 	Autocommit mode: undefined/unknown
api1-1        | 	Isolation level: undefined/unknown
api1-1        | 	Minimum pool size: undefined/unknown
api1-1        | 	Maximum pool size: undefined/unknown
api1-1        | 2026-09-08T16:16:30.162Z  INFO 1 --- [limited-goods] [           main] o.h.e.t.j.p.i.JtaPlatformInitiator       : HHH000489: No JTA platform available (set 'hibernate.transaction.jta.platform' to enable JTA platform integration)
api1-1        | 2026-09-08T16:16:30.223Z  INFO 1 --- [limited-goods] [           main] j.LocalContainerEntityManagerFactoryBean : Initialized JPA EntityManagerFactory for persistence unit 'default'
api1-1        | 2026-09-08T16:16:33.853Z  INFO 1 --- [limited-goods] [           main] o.s.b.a.e.web.EndpointLinksResolver      : Exposing 2 endpoints beneath base path '/actuator'
api1-1        | 2026-09-08T16:16:34.228Z  INFO 1 --- [limited-goods] [           main] o.s.b.w.embedded.tomcat.TomcatWebServer  : Tomcat started on port 8080 (http) with context path '/'
api1-1        | 2026-09-08T16:16:34.328Z  INFO 1 --- [limited-goods] [           main] com.limitedgoods.Application             : Started Application in 19.2 seconds (process running for 20.758)
worker-1      | 2026-09-08T16:16:30.947Z  INFO 1 --- [limited-goods] [           main] com.zaxxer.hikari.HikariDataSource       : HikariPool-1 - Start completed.
worker-1      | 2026-09-08T16:16:31.146Z  INFO 1 --- [limited-goods] [           main] org.flywaydb.core.FlywayExecutor         : Database: jdbc:postgresql://postgres:5432/limited_goods_perf (PostgreSQL 16.14)
api1-1        | 2026-09-08T16:16:34.727Z  INFO 1 --- [limited-goods] [nio-8080-exec-2] o.a.c.c.C.[Tomcat].[localhost].[/]       : Initializing Spring DispatcherServlet 'dispatcherServlet'
api1-1        | 2026-09-08T16:16:34.727Z  INFO 1 --- [limited-goods] [nio-8080-exec-2] o.s.web.servlet.DispatcherServlet        : Initializing Servlet 'dispatcherServlet'
api1-1        | 2026-09-08T16:16:34.730Z  INFO 1 --- [limited-goods] [nio-8080-exec-2] o.s.web.servlet.DispatcherServlet        : Completed initialization in 2 ms
api1-1        | 2026-09-08T16:16:57.238Z  WARN 1 --- [limited-goods] [nio-8080-exec-9] o.h.engine.jdbc.spi.SqlExceptionHelper   : SQL Error: 0, SQLState: null
api1-1        | 2026-09-08T16:16:57.238Z  WARN 1 --- [limited-goods] [io-8080-exec-10] o.h.engine.jdbc.spi.SqlExceptionHelper   : SQL Error: 0, SQLState: null
api1-1        | 2026-09-08T16:16:57.321Z ERROR 1 --- [limited-goods] [nio-8080-exec-9] o.h.engine.jdbc.spi.SqlExceptionHelper   : HikariPool-1 - Connection is not available, request timed out after 1008ms (total=8, active=8, idle=0, waiting=9)
nginx-1       | 172.20.0.1 - - [08/Sep/2026:05:55:26 +0000] "GET /api/orders/58253073-1d6a-4451-9e2d-4d363d5a0dbe HTTP/1.1" 200 347 "-" "Mozilla/5.0 (Windows NT 10.0; Microsoft Windows 10.0.26200; ko-KR) PowerShell/7.6.5"
nginx-1       | 172.20.0.1 - - [08/Sep/2026:05:55:27 +0000] "GET /api/orders/58253073-1d6a-4451-9e2d-4d363d5a0dbe HTTP/1.1" 200 347 "-" "Mozilla/5.0 (Windows NT 10.0; Microsoft Windows 10.0.26200; ko-KR) PowerShell/7.6.5"
nginx-1       | 172.20.0.1 - - [08/Sep/2026:05:55:28 +0000] "GET /api/orders/58253073-1d6a-4451-9e2d-4d363d5a0dbe HTTP/1.1" 200 347 "-" "Mozilla/5.0 (Windows NT 10.0; Microsoft Windows 10.0.26200; ko-KR) PowerShell/7.6.5"
nginx-1       | 172.20.0.1 - - [08/Sep/2026:05:55:29 +0000] "GET /api/orders/58253073-1d6a-4451-9e2d-4d363d5a0dbe HTTP/1.1" 200 347 "-" "Mozilla/5.0 (Windows NT 10.0; Microsoft Windows 10.0.26200; ko-KR) PowerShell/7.6.5"
worker-1      | 2026-09-08T16:16:31.446Z  INFO 1 --- [limited-goods] [           main] o.f.core.internal.command.DbValidate     : Successfully validated 2 migrations (execution time 00:00.193s)
worker-1      | 2026-09-08T16:16:31.549Z  INFO 1 --- [limited-goods] [           main] o.f.core.internal.command.DbMigrate      : Current version of schema "public": 2
nginx-1       | 172.20.0.1 - - [08/Sep/2026:05:55:30 +0000] "GET /api/orders/58253073-1d6a-4451-9e2d-4d363d5a0dbe HTTP/1.1" 200 347 "-" "Mozilla/5.0 (Windows NT 10.0; Microsoft Windows 10.0.26200; ko-KR) PowerShell/7.6.5"
nginx-1       | 172.20.0.1 - - [08/Sep/2026:05:55:31 +0000] "GET /api/orders/58253073-1d6a-4451-9e2d-4d363d5a0dbe HTTP/1.1" 200 347 "-" "Mozilla/5.0 (Windows NT 10.0; Microsoft Windows 10.0.26200; ko-KR) PowerShell/7.6.5"
nginx-1       | 172.20.0.1 - - [08/Sep/2026:05:55:32 +0000] "GET /api/orders/58253073-1d6a-4451-9e2d-4d363d5a0dbe HTTP/1.1" 200 347 "-" "Mozilla/5.0 (Windows NT 10.0; Microsoft Windows 10.0.26200; ko-KR) PowerShell/7.6.5"
nginx-1       | 172.20.0.1 - - [08/Sep/2026:05:55:33 +0000] "GET /api/orders/58253073-1d6a-4451-9e2d-4d363d5a0dbe HTTP/1.1" 200 347 "-" "Mozilla/5.0 (Windows NT 10.0; Microsoft Windows 10.0.26200; ko-KR) PowerShell/7.6.5"
api1-1        | 2026-09-08T16:16:57.321Z ERROR 1 --- [limited-goods] [io-8080-exec-10] o.h.engine.jdbc.spi.SqlExceptionHelper   : HikariPool-1 - Connection is not available, request timed out after 1000ms (total=8, active=8, idle=0, waiting=9)
nginx-1       | 172.20.0.1 - - [08/Sep/2026:05:55:34 +0000] "GET /api/orders/58253073-1d6a-4451-9e2d-4d363d5a0dbe HTTP/1.1" 200 347 "-" "Mozilla/5.0 (Windows NT 10.0; Microsoft Windows 10.0.26200; ko-KR) PowerShell/7.6.5"
nginx-1       | 172.20.0.1 - - [08/Sep/2026:05:55:35 +0000] "GET /api/orders/58253073-1d6a-4451-9e2d-4d363d5a0dbe HTTP/1.1" 200 347 "-" "Mozilla/5.0 (Windows NT 10.0; Microsoft Windows 10.0.26200; ko-KR) PowerShell/7.6.5"
nginx-1       | 172.20.0.1 - - [08/Sep/2026:05:55:36 +0000] "GET /api/orders/58253073-1d6a-4451-9e2d-4d363d5a0dbe HTTP/1.1" 200 347 "-" "Mozilla/5.0 (Windows NT 10.0; Microsoft Windows 10.0.26200; ko-KR) PowerShell/7.6.5"
nginx-1       | 172.20.0.1 - - [08/Sep/2026:05:55:37 +0000] "GET /api/orders/58253073-1d6a-4451-9e2d-4d363d5a0dbe HTTP/1.1" 200 347 "-" "Mozilla/5.0 (Windows NT 10.0; Microsoft Windows 10.0.26200; ko-KR) PowerShell/7.6.5"
nginx-1       | 172.20.0.1 - - [08/Sep/2026:05:55:38 +0000] "GET /api/orders/58253073-1d6a-4451-9e2d-4d363d5a0dbe HTTP/1.1" 200 347 "-" "Mozilla/5.0 (Windows NT 10.0; Microsoft Windows 10.0.26200; ko-KR) PowerShell/7.6.5"
nginx-1       | 172.20.0.1 - - [08/Sep/2026:05:55:39 +0000] "GET /api/orders/58253073-1d6a-4451-9e2d-4d363d5a0dbe HTTP/1.1" 200 347 "-" "Mozilla/5.0 (Windows NT 10.0; Microsoft Windows 10.0.26200; ko-KR) PowerShell/7.6.5"
nginx-1       | 172.20.0.1 - - [08/Sep/2026:05:55:40 +0000] "GET /api/orders/58253073-1d6a-4451-9e2d-4d363d5a0dbe HTTP/1.1" 200 347 "-" "Mozilla/5.0 (Windows NT 10.0; Microsoft Windows 10.0.26200; ko-KR) PowerShell/7.6.5"
api2-1        | 2026-09-08T16:15:15.126Z  INFO 1 --- [limited-goods] [ionShutdownHook] j.LocalContainerEntityManagerFactoryBean : Closing JPA EntityManagerFactory for persistence unit 'default'
api2-1        | 2026-09-08T16:15:15.128Z  INFO 1 --- [limited-goods] [ionShutdownHook] com.zaxxer.hikari.HikariDataSource       : HikariPool-1 - Shutdown initiated...
api2-1        | 2026-09-08T16:15:15.166Z  INFO 1 --- [limited-goods] [ionShutdownHook] com.zaxxer.hikari.HikariDataSource       : HikariPool-1 - Shutdown completed.
worker-1      | 2026-09-08T16:16:31.639Z  INFO 1 --- [limited-goods] [           main] o.f.core.internal.command.DbMigrate      : Schema "public" is up to date. No migration necessary.
worker-1      | 2026-09-08T16:16:32.244Z  INFO 1 --- [limited-goods] [           main] o.hibernate.jpa.internal.util.LogHelper  : HHH000204: Processing PersistenceUnitInfo [name: default]
api2-1        | 
worker-1      | 2026-09-08T16:16:32.441Z  INFO 1 --- [limited-goods] [           main] org.hibernate.Version                    : HHH000412: Hibernate ORM core version 6.6.53.Final
api1-1        | 2026-09-08T16:16:57.325Z  WARN 1 --- [limited-goods] [io-8080-exec-11] o.h.engine.jdbc.spi.SqlExceptionHelper   : SQL Error: 0, SQLState: null
nginx-1       | 172.20.0.1 - - [08/Sep/2026:05:55:42 +0000] "GET /api/orders/58253073-1d6a-4451-9e2d-4d363d5a0dbe HTTP/1.1" 200 347 "-" "Mozilla/5.0 (Windows NT 10.0; Microsoft Windows 10.0.26200; ko-KR) PowerShell/7.6.5"
api1-1        | 2026-09-08T16:16:57.325Z ERROR 1 --- [limited-goods] [io-8080-exec-11] o.h.engine.jdbc.spi.SqlExceptionHelper   : HikariPool-1 - Connection is not available, request timed out after 1000ms (total=8, active=8, idle=0, waiting=8)
api1-1        | 2026-09-08T16:16:57.325Z ERROR 1 --- [limited-goods] [io-8080-exec-10] o.a.c.c.C.[.[.[/].[dispatcherServlet]    : Servlet.service() for servlet [dispatcherServlet] in context with path [] threw exception [Request processing failed: org.springframework.transaction.CannotCreateTransactionException: Could not open JPA EntityManager for transaction] with root cause
api1-1        | 
api1-1        | java.sql.SQLTransientConnectionException: HikariPool-1 - Connection is not available, request timed out after 1000ms (total=8, active=8, idle=0, waiting=9)
nginx-1       | 172.20.0.1 - - [08/Sep/2026:05:55:43 +0000] "GET /api/orders/58253073-1d6a-4451-9e2d-4d363d5a0dbe HTTP/1.1" 200 347 "-" "Mozilla/5.0 (Windows NT 10.0; Microsoft Windows 10.0.26200; ko-KR) PowerShell/7.6.5"
nginx-1       | 172.20.0.1 - - [08/Sep/2026:05:55:44 +0000] "GET /api/orders/58253073-1d6a-4451-9e2d-4d363d5a0dbe HTTP/1.1" 200 347 "-" "Mozilla/5.0 (Windows NT 10.0; Microsoft Windows 10.0.26200; ko-KR) PowerShell/7.6.5"
nginx-1       | 172.20.0.1 - - [08/Sep/2026:05:55:45 +0000] "GET /api/orders/58253073-1d6a-4451-9e2d-4d363d5a0dbe HTTP/1.1" 200 347 "-" "Mozilla/5.0 (Windows NT 10.0; Microsoft Windows 10.0.26200; ko-KR) PowerShell/7.6.5"
api2-1        |   .   ____          _            __ _ _
nginx-1       | /docker-entrypoint.sh: /docker-entrypoint.d/ is not empty, will attempt to perform configuration
nginx-1       | /docker-entrypoint.sh: Looking for shell scripts in /docker-entrypoint.d/
nginx-1       | /docker-entrypoint.sh: Launching /docker-entrypoint.d/10-listen-on-ipv6-by-default.sh
nginx-1       | 10-listen-on-ipv6-by-default.sh: info: IPv6 listen already enabled
api1-1        | 	at com.zaxxer.hikari.pool.HikariPool.createTimeoutException(HikariPool.java:714) ~[HikariCP-6.3.3.jar!/:na]
nginx-1       | /docker-entrypoint.sh: Sourcing /docker-entrypoint.d/15-local-resolvers.envsh
nginx-1       | /docker-entrypoint.sh: Launching /docker-entrypoint.d/20-envsubst-on-templates.sh
nginx-1       | /docker-entrypoint.sh: Launching /docker-entrypoint.d/30-tune-worker-processes.sh
nginx-1       | /docker-entrypoint.sh: Configuration complete; ready for start up
worker-1      | 2026-09-08T16:16:32.555Z  INFO 1 --- [limited-goods] [           main] o.h.c.internal.RegionFactoryInitiator    : HHH000026: Second-level cache disabled
worker-1      | 2026-09-08T16:16:34.048Z  INFO 1 --- [limited-goods] [           main] o.s.o.j.p.SpringPersistenceUnitInfo      : No LoadTimeWeaver setup: ignoring JPA class transformer
nginx-1       | 172.20.0.1 - - [08/Sep/2026:10:48:34 +0000] "GET /api/sales/00000000-0000-0000-0000-000000000000 HTTP/1.1" 404 36 "-" "Mozilla/5.0 (Windows NT 10.0; Microsoft Windows 10.0.26200; ko-KR) PowerShell/7.6.5"
nginx-1       | 172.20.0.1 - - [08/Sep/2026:10:48:35 +0000] "POST /api/sales HTTP/1.1" 201 263 "-" "Mozilla/5.0 (Windows NT 10.0; Microsoft Windows 10.0.26200; ko-KR) PowerShell/7.6.5"
api1-1        | 	at com.zaxxer.hikari.pool.HikariPool.getConnection(HikariPool.java:184) ~[HikariCP-6.3.3.jar!/:na]
api2-1        |  /\\ / ___'_ __ _ _(_)_ __  __ _ \ \ \ \
nginx-1       | 172.20.0.1 - - [08/Sep/2026:10:48:37 +0000] "POST /api/purchases HTTP/1.1" 201 261 "-" "Mozilla/5.0 (Windows NT 10.0; Microsoft Windows 10.0.26200; ko-KR) PowerShell/7.6.5"
api2-1        | ( ( )\___ | '_ | '_| | '_ \/ _` | \ \ \ \
nginx-1       | 172.20.0.1 - - [08/Sep/2026:10:48:37 +0000] "POST /api/orders/a3739f99-da38-468b-85fd-a6d795cbdf80/payments HTTP/1.1" 202 96 "-" "Mozilla/5.0 (Windows NT 10.0; Microsoft Windows 10.0.26200; ko-KR) PowerShell/7.6.5"
nginx-1       | 172.20.0.1 - - [08/Sep/2026:10:48:37 +0000] "GET /api/orders/a3739f99-da38-468b-85fd-a6d795cbdf80 HTTP/1.1" 200 347 "-" "Mozilla/5.0 (Windows NT 10.0; Microsoft Windows 10.0.26200; ko-KR) PowerShell/7.6.5"
worker-1      | 2026-09-08T16:16:34.548Z  INFO 1 --- [limited-goods] [           main] org.hibernate.orm.connections.pooling    : HHH10001005: Database info:
worker-1      | 	Database JDBC URL [Connecting through datasource 'HikariDataSource (HikariPool-1)']
worker-1      | 	Database driver: undefined/unknown
api2-1        |  \\/  ___)| |_)| | | | | || (_| |  ) ) ) )
api2-1        |   '  |____| .__|_| |_|_| |_\__, | / / / /
api2-1        |  =========|_|==============|___/=/_/_/_/
api2-1        | 
api2-1        |  :: Spring Boot ::               (v3.5.16)
worker-1      | 	Database version: 16.14
worker-1      | 	Autocommit mode: undefined/unknown
worker-1      | 	Isolation level: undefined/unknown
worker-1      | 	Minimum pool size: undefined/unknown
api2-1        | 
api2-1        | 2026-09-08T16:16:16.545Z  INFO 1 --- [limited-goods] [           main] com.limitedgoods.Application             : Starting Application v0.1.0 using Java 21.0.12 with PID 1 (/app/app.jar started by root in /app)
api2-1        | 2026-09-08T16:16:16.548Z  INFO 1 --- [limited-goods] [           main] com.limitedgoods.Application             : No active profile set, falling back to 1 default profile: "default"
api2-1        | 2026-09-08T16:16:20.018Z  INFO 1 --- [limited-goods] [           main] .s.d.r.c.RepositoryConfigurationDelegate : Multiple Spring Data modules found, entering strict repository configuration mode
api1-1        | 	at com.zaxxer.hikari.pool.HikariPool.getConnection(HikariPool.java:142) ~[HikariCP-6.3.3.jar!/:na]
nginx-1       | 172.20.0.1 - - [08/Sep/2026:10:48:38 +0000] "GET /api/orders/a3739f99-da38-468b-85fd-a6d795cbdf80 HTTP/1.1" 200 340 "-" "Mozilla/5.0 (Windows NT 10.0; Microsoft Windows 10.0.26200; ko-KR) PowerShell/7.6.5"
api1-1        | 	at com.zaxxer.hikari.HikariDataSource.getConnection(HikariDataSource.java:127) ~[HikariCP-6.3.3.jar!/:na]
nginx-1       | 172.20.0.1 - - [08/Sep/2026:10:48:38 +0000] "POST /api/purchases HTTP/1.1" 201 261 "-" "Mozilla/5.0 (Windows NT 10.0; Microsoft Windows 10.0.26200; ko-KR) PowerShell/7.6.5"
worker-1      | 	Maximum pool size: undefined/unknown
api1-1        | 	at org.hibernate.engine.jdbc.connections.internal.DatasourceConnectionProviderImpl.getConnection(DatasourceConnectionProviderImpl.java:126) ~[hibernate-core-6.6.53.Final.jar!/:6.6.53.Final]
worker-1      | 2026-09-08T16:16:38.151Z  INFO 1 --- [limited-goods] [           main] o.h.e.t.j.p.i.JtaPlatformInitiator       : HHH000489: No JTA platform available (set 'hibernate.transaction.jta.platform' to enable JTA platform integration)
api2-1        | 2026-09-08T16:16:20.019Z  INFO 1 --- [limited-goods] [           main] .s.d.r.c.RepositoryConfigurationDelegate : Bootstrapping Spring Data JPA repositories in DEFAULT mode.
api2-1        | 2026-09-08T16:16:20.050Z  INFO 1 --- [limited-goods] [           main] .s.d.r.c.RepositoryConfigurationDelegate : Finished Spring Data repository scanning in 20 ms. Found 0 JPA repository interfaces.
api2-1        | 2026-09-08T16:16:20.125Z  INFO 1 --- [limited-goods] [           main] .s.d.r.c.RepositoryConfigurationDelegate : Multiple Spring Data modules found, entering strict repository configuration mode
worker-1      | 2026-09-08T16:16:38.272Z  INFO 1 --- [limited-goods] [           main] j.LocalContainerEntityManagerFactoryBean : Initialized JPA EntityManagerFactory for persistence unit 'default'
worker-1      | 2026-09-08T16:16:43.244Z  INFO 1 --- [limited-goods] [           main] o.s.b.a.e.web.EndpointLinksResolver      : Exposing 2 endpoints beneath base path '/actuator'
worker-1      | 2026-09-08T16:16:43.538Z  INFO 1 --- [limited-goods] [           main] o.s.b.w.embedded.tomcat.TomcatWebServer  : Tomcat started on port 8080 (http) with context path '/'
worker-1      | 2026-09-08T16:16:43.554Z  INFO 1 --- [limited-goods] [           main] com.limitedgoods.Application             : Started Application in 27.713 seconds (process running for 29.955)
worker-1      | 2026-09-08T16:16:45.136Z  INFO 1 --- [limited-goods] [nio-8080-exec-1] o.a.c.c.C.[Tomcat].[localhost].[/]       : Initializing Spring DispatcherServlet 'dispatcherServlet'
api2-1        | 2026-09-08T16:16:20.127Z  INFO 1 --- [limited-goods] [           main] .s.d.r.c.RepositoryConfigurationDelegate : Bootstrapping Spring Data Redis repositories in DEFAULT mode.
nginx-1       | 172.20.0.1 - - [08/Sep/2026:10:48:38 +0000] "POST /api/orders/4371e970-06b0-42a5-9b86-bb41f73e4de0/payments HTTP/1.1" 202 102 "-" "Mozilla/5.0 (Windows NT 10.0; Microsoft Windows 10.0.26200; ko-KR) PowerShell/7.6.5"
worker-1      | 2026-09-08T16:16:45.137Z  INFO 1 --- [limited-goods] [nio-8080-exec-1] o.s.web.servlet.DispatcherServlet        : Initializing Servlet 'dispatcherServlet'
worker-1      | 2026-09-08T16:16:45.138Z  INFO 1 --- [limited-goods] [nio-8080-exec-1] o.s.web.servlet.DispatcherServlet        : Completed initialization in 1 ms
nginx-1       | 172.20.0.1 - - [08/Sep/2026:10:48:38 +0000] "GET /api/orders/4371e970-06b0-42a5-9b86-bb41f73e4de0 HTTP/1.1" 200 353 "-" "Mozilla/5.0 (Windows NT 10.0; Microsoft Windows 10.0.26200; ko-KR) PowerShell/7.6.5"
nginx-1       | 172.20.0.1 - - [08/Sep/2026:10:48:39 +0000] "GET /api/orders/4371e970-06b0-42a5-9b86-bb41f73e4de0 HTTP/1.1" 200 353 "-" "Mozilla/5.0 (Windows NT 10.0; Microsoft Windows 10.0.26200; ko-KR) PowerShell/7.6.5"
api2-1        | 2026-09-08T16:16:20.141Z  INFO 1 --- [limited-goods] [           main] .s.d.r.c.RepositoryConfigurationDelegate : Finished Spring Data repository scanning in 1 ms. Found 0 Redis repository interfaces.
api2-1        | 2026-09-08T16:16:22.027Z  INFO 1 --- [limited-goods] [           main] o.s.b.w.embedded.tomcat.TomcatWebServer  : Tomcat initialized with port 8080 (http)
api2-1        | 2026-09-08T16:16:22.043Z  INFO 1 --- [limited-goods] [           main] o.apache.catalina.core.StandardService   : Starting service [Tomcat]
api2-1        | 2026-09-08T16:16:22.043Z  INFO 1 --- [limited-goods] [           main] o.apache.catalina.core.StandardEngine    : Starting Servlet engine: [Apache Tomcat/10.1.55]
api2-1        | 2026-09-08T16:16:22.338Z  INFO 1 --- [limited-goods] [           main] o.a.c.c.C.[Tomcat].[localhost].[/]       : Initializing Spring embedded WebApplicationContext
api2-1        | 2026-09-08T16:16:22.339Z  INFO 1 --- [limited-goods] [           main] w.s.c.ServletWebServerApplicationContext : Root WebApplicationContext: initialization completed in 5613 ms
nginx-1       | 172.20.0.1 - - [08/Sep/2026:10:48:40 +0000] "GET /api/orders/4371e970-06b0-42a5-9b86-bb41f73e4de0 HTTP/1.1" 200 346 "-" "Mozilla/5.0 (Windows NT 10.0; Microsoft Windows 10.0.26200; ko-KR) PowerShell/7.6.5"
api2-1        | 2026-09-08T16:16:24.318Z  INFO 1 --- [limited-goods] [           main] com.zaxxer.hikari.HikariDataSource       : HikariPool-1 - Starting...
api2-1        | 2026-09-08T16:16:24.930Z  INFO 1 --- [limited-goods] [           main] com.zaxxer.hikari.pool.HikariPool        : HikariPool-1 - Added connection org.postgresql.jdbc.PgConnection@46de118b
api1-1        | 	at org.hibernate.internal.NonContextualJdbcConnectionAccess.obtainConnection(NonContextualJdbcConnectionAccess.java:46) ~[hibernate-core-6.6.53.Final.jar!/:6.6.53.Final]
api1-1        | 	at org.hibernate.resource.jdbc.internal.LogicalConnectionManagedImpl.acquireConnectionIfNeeded(LogicalConnectionManagedImpl.java:126) ~[hibernate-core-6.6.53.Final.jar!/:6.6.53.Final]
api1-1        | 	at org.hibernate.resource.jdbc.internal.LogicalConnectionManagedImpl.getPhysicalConnection(LogicalConnectionManagedImpl.java:156) ~[hibernate-core-6.6.53.Final.jar!/:6.6.53.Final]
api1-1        | 	at org.hibernate.resource.jdbc.internal.LogicalConnectionManagedImpl.getConnectionForTransactionManagement(LogicalConnectionManagedImpl.java:286) ~[hibernate-core-6.6.53.Final.jar!/:6.6.53.Final]
api1-1        | 	at org.hibernate.resource.jdbc.internal.LogicalConnectionManagedImpl.begin(LogicalConnectionManagedImpl.java:294) ~[hibernate-core-6.6.53.Final.jar!/:6.6.53.Final]
api1-1        | 	at org.hibernate.resource.transaction.backend.jdbc.internal.JdbcResourceLocalTransactionCoordinatorImpl$TransactionDriverControlImpl.begin(JdbcResourceLocalTransactionCoordinatorImpl.java:232) ~[hibernate-core-6.6.53.Final.jar!/:6.6.53.Final]
api2-1        | 2026-09-08T16:16:24.932Z  INFO 1 --- [limited-goods] [           main] com.zaxxer.hikari.HikariDataSource       : HikariPool-1 - Start completed.
nginx-1       | 172.20.0.1 - - [08/Sep/2026:10:48:42 +0000] "POST /api/purchases HTTP/1.1" 201 261 "-" "Mozilla/5.0 (Windows NT 10.0; Microsoft Windows 10.0.26200; ko-KR) PowerShell/7.6.5"
api2-1        | 2026-09-08T16:16:25.024Z  INFO 1 --- [limited-goods] [           main] org.flywaydb.core.FlywayExecutor         : Database: jdbc:postgresql://postgres:5432/limited_goods_perf (PostgreSQL 16.14)
api1-1        | 	at org.hibernate.engine.transaction.internal.TransactionImpl.begin(TransactionImpl.java:83) ~[hibernate-core-6.6.53.Final.jar!/:6.6.53.Final]
api2-1        | 2026-09-08T16:16:25.223Z  INFO 1 --- [limited-goods] [           main] o.f.core.internal.command.DbValidate     : Successfully validated 2 migrations (execution time 00:00.106s)
api1-1        | 	at org.springframework.orm.jpa.vendor.HibernateJpaDialect.beginTransaction(HibernateJpaDialect.java:176) ~[spring-orm-6.2.19.jar!/:6.2.19]
nginx-1       | 172.20.0.1 - - [08/Sep/2026:10:48:42 +0000] "POST /api/orders/bb43b731-5cc4-47c9-8224-7e1bd07fb9c4/payments HTTP/1.1" 202 104 "-" "Mozilla/5.0 (Windows NT 10.0; Microsoft Windows 10.0.26200; ko-KR) PowerShell/7.6.5"
nginx-1       | 172.20.0.1 - - [08/Sep/2026:10:48:42 +0000] "GET /api/orders/bb43b731-5cc4-47c9-8224-7e1bd07fb9c4 HTTP/1.1" 200 355 "-" "Mozilla/5.0 (Windows NT 10.0; Microsoft Windows 10.0.26200; ko-KR) PowerShell/7.6.5"
nginx-1       | 172.20.0.1 - - [08/Sep/2026:10:48:43 +0000] "GET /api/orders/bb43b731-5cc4-47c9-8224-7e1bd07fb9c4 HTTP/1.1" 200 355 "-" "Mozilla/5.0 (Windows NT 10.0; Microsoft Windows 10.0.26200; ko-KR) PowerShell/7.6.5"
nginx-1       | 172.20.0.1 - - [08/Sep/2026:10:48:44 +0000] "GET /api/orders/bb43b731-5cc4-47c9-8224-7e1bd07fb9c4 HTTP/1.1" 200 355 "-" "Mozilla/5.0 (Windows NT 10.0; Microsoft Windows 10.0.26200; ko-KR) PowerShell/7.6.5"
api2-1        | 2026-09-08T16:16:25.240Z  INFO 1 --- [limited-goods] [           main] o.f.core.internal.command.DbMigrate      : Current version of schema "public": 2
nginx-1       | 172.20.0.1 - - [08/Sep/2026:10:48:45 +0000] "GET /api/orders/bb43b731-5cc4-47c9-8224-7e1bd07fb9c4 HTTP/1.1" 200 355 "-" "Mozilla/5.0 (Windows NT 10.0; Microsoft Windows 10.0.26200; ko-KR) PowerShell/7.6.5"
api2-1        | 2026-09-08T16:16:25.243Z  INFO 1 --- [limited-goods] [           main] o.f.core.internal.command.DbMigrate      : Schema "public" is up to date. No migration necessary.
nginx-1       | 172.20.0.1 - - [08/Sep/2026:10:48:46 +0000] "GET /api/orders/bb43b731-5cc4-47c9-8224-7e1bd07fb9c4 HTTP/1.1" 200 348 "-" "Mozilla/5.0 (Windows NT 10.0; Microsoft Windows 10.0.26200; ko-KR) PowerShell/7.6.5"
api2-1        | 2026-09-08T16:16:25.630Z  INFO 1 --- [limited-goods] [           main] o.hibernate.jpa.internal.util.LogHelper  : HHH000204: Processing PersistenceUnitInfo [name: default]
api2-1        | 2026-09-08T16:16:25.839Z  INFO 1 --- [limited-goods] [           main] org.hibernate.Version                    : HHH000412: Hibernate ORM core version 6.6.53.Final
api2-1        | 2026-09-08T16:16:25.936Z  INFO 1 --- [limited-goods] [           main] o.h.c.internal.RegionFactoryInitiator    : HHH000026: Second-level cache disabled
api2-1        | 2026-09-08T16:16:26.839Z  INFO 1 --- [limited-goods] [           main] o.s.o.j.p.SpringPersistenceUnitInfo      : No LoadTimeWeaver setup: ignoring JPA class transformer
nginx-1       | 172.20.0.1 - - [08/Sep/2026:10:48:46 +0000] "GET /api/sales/20baf25d-11d3-45f2-bead-7e71ce6b78e7 HTTP/1.1" 200 260 "-" "Mozilla/5.0 (Windows NT 10.0; Microsoft Windows 10.0.26200; ko-KR) PowerShell/7.6.5"
api2-1        | 2026-09-08T16:16:27.054Z  INFO 1 --- [limited-goods] [           main] org.hibernate.orm.connections.pooling    : HHH10001005: Database info:
api2-1        | 	Database JDBC URL [Connecting through datasource 'HikariDataSource (HikariPool-1)']
api1-1        | 	at org.springframework.orm.jpa.JpaTransactionManager.doBegin(JpaTransactionManager.java:421) ~[spring-orm-6.2.19.jar!/:6.2.19]
api1-1        | 	at org.springframework.transaction.support.AbstractPlatformTransactionManager.startTransaction(AbstractPlatformTransactionManager.java:532) ~[spring-tx-6.2.19.jar!/:6.2.19]
api2-1        | 	Database driver: undefined/unknown
api1-1        | 	at org.springframework.transaction.support.AbstractPlatformTransactionManager.getTransaction(AbstractPlatformTransactionManager.java:405) ~[spring-tx-6.2.19.jar!/:6.2.19]
nginx-1       | 172.20.0.1 - - [08/Sep/2026:10:48:46 +0000] "POST /api/purchases HTTP/1.1" 409 45 "-" "Mozilla/5.0 (Windows NT 10.0; Microsoft Windows 10.0.26200; ko-KR) PowerShell/7.6.5"
nginx-1       | 172.20.0.1 - - [08/Sep/2026:10:48:46 +0000] "POST /api/purchases HTTP/1.1" 201 340 "-" "Mozilla/5.0 (Windows NT 10.0; Microsoft Windows 10.0.26200; ko-KR) PowerShell/7.6.5"
api2-1        | 	Database version: 16.14
api2-1        | 	Autocommit mode: undefined/unknown
api2-1        | 	Isolation level: undefined/unknown
api2-1        | 	Minimum pool size: undefined/unknown
nginx-1       | 172.20.0.1 - - [08/Sep/2026:15:50:18 +0000] "GET /api/sales/00000000-0000-0000-0000-000000000000 HTTP/1.1" 404 36 "-" "Mozilla/5.0 (Windows NT 10.0; Microsoft Windows 10.0.26200; ko-KR) PowerShell/7.6.5"
nginx-1       | /docker-entrypoint.sh: /docker-entrypoint.d/ is not empty, will attempt to perform configuration
api2-1        | 	Maximum pool size: undefined/unknown
api2-1        | 2026-09-08T16:16:29.935Z  INFO 1 --- [limited-goods] [           main] o.h.e.t.j.p.i.JtaPlatformInitiator       : HHH000489: No JTA platform available (set 'hibernate.transaction.jta.platform' to enable JTA platform integration)
api2-1        | 2026-09-08T16:16:30.051Z  INFO 1 --- [limited-goods] [           main] j.LocalContainerEntityManagerFactoryBean : Initialized JPA EntityManagerFactory for persistence unit 'default'
api2-1        | 2026-09-08T16:16:33.617Z  INFO 1 --- [limited-goods] [           main] o.s.b.a.e.web.EndpointLinksResolver      : Exposing 2 endpoints beneath base path '/actuator'
api1-1        | 	at org.springframework.transaction.interceptor.TransactionAspectSupport.createTransactionIfNecessary(TransactionAspectSupport.java:639) ~[spring-tx-6.2.19.jar!/:6.2.19]
api1-1        | 	at org.springframework.transaction.interceptor.TransactionAspectSupport.invokeWithinTransaction(TransactionAspectSupport.java:374) ~[spring-tx-6.2.19.jar!/:6.2.19]
api1-1        | 	at org.springframework.transaction.interceptor.TransactionInterceptor.invoke(TransactionInterceptor.java:119) ~[spring-tx-6.2.19.jar!/:6.2.19]
api1-1        | 	at org.springframework.aop.framework.ReflectiveMethodInvocation.proceed(ReflectiveMethodInvocation.java:184) ~[spring-aop-6.2.19.jar!/:6.2.19]
api1-1        | 	at org.springframework.aop.framework.CglibAopProxy$DynamicAdvisedInterceptor.intercept(CglibAopProxy.java:728) ~[spring-aop-6.2.19.jar!/:6.2.19]
api1-1        | 	at com.limitedgoods.payments.PaymentService$$SpringCGLIB$$0.start(<generated>) ~[!/:0.1.0]
api1-1        | 	at com.limitedgoods.payments.PaymentController.start(PaymentController.java:19) ~[!/:0.1.0]
api1-1        | 	at java.base/jdk.internal.reflect.DirectMethodHandleAccessor.invoke(Unknown Source) ~[na:na]
api2-1        | 2026-09-08T16:16:33.827Z  INFO 1 --- [limited-goods] [           main] o.s.b.w.embedded.tomcat.TomcatWebServer  : Tomcat started on port 8080 (http) with context path '/'
api2-1        | 2026-09-08T16:16:33.845Z  INFO 1 --- [limited-goods] [           main] com.limitedgoods.Application             : Started Application in 18.727 seconds (process running for 20.227)
api2-1        | 2026-09-08T16:16:34.444Z  INFO 1 --- [limited-goods] [nio-8080-exec-1] o.a.c.c.C.[Tomcat].[localhost].[/]       : Initializing Spring DispatcherServlet 'dispatcherServlet'
nginx-1       | /docker-entrypoint.sh: Looking for shell scripts in /docker-entrypoint.d/
api2-1        | 2026-09-08T16:16:34.445Z  INFO 1 --- [limited-goods] [nio-8080-exec-1] o.s.web.servlet.DispatcherServlet        : Initializing Servlet 'dispatcherServlet'
nginx-1       | /docker-entrypoint.sh: Launching /docker-entrypoint.d/10-listen-on-ipv6-by-default.sh
api1-1        | 	at java.base/java.lang.reflect.Method.invoke(Unknown Source) ~[na:na]
api1-1        | 	at org.springframework.web.method.support.InvocableHandlerMethod.doInvoke(InvocableHandlerMethod.java:258) ~[spring-web-6.2.19.jar!/:6.2.19]
nginx-1       | 10-listen-on-ipv6-by-default.sh: info: IPv6 listen already enabled
nginx-1       | /docker-entrypoint.sh: Sourcing /docker-entrypoint.d/15-local-resolvers.envsh
nginx-1       | /docker-entrypoint.sh: Launching /docker-entrypoint.d/20-envsubst-on-templates.sh
api2-1        | 2026-09-08T16:16:34.515Z  INFO 1 --- [limited-goods] [nio-8080-exec-1] o.s.web.servlet.DispatcherServlet        : Completed initialization in 70 ms
nginx-1       | /docker-entrypoint.sh: Launching /docker-entrypoint.d/30-tune-worker-processes.sh
nginx-1       | /docker-entrypoint.sh: Configuration complete; ready for start up
nginx-1       | /docker-entrypoint.sh: /docker-entrypoint.d/ is not empty, will attempt to perform configuration
nginx-1       | /docker-entrypoint.sh: Looking for shell scripts in /docker-entrypoint.d/
nginx-1       | /docker-entrypoint.sh: Launching /docker-entrypoint.d/10-listen-on-ipv6-by-default.sh
nginx-1       | 10-listen-on-ipv6-by-default.sh: info: IPv6 listen already enabled
nginx-1       | /docker-entrypoint.sh: Sourcing /docker-entrypoint.d/15-local-resolvers.envsh
nginx-1       | /docker-entrypoint.sh: Launching /docker-entrypoint.d/20-envsubst-on-templates.sh
nginx-1       | /docker-entrypoint.sh: Launching /docker-entrypoint.d/30-tune-worker-processes.sh
nginx-1       | /docker-entrypoint.sh: Configuration complete; ready for start up
nginx-1       | 172.20.0.1 - - [08/Sep/2026:16:16:50 +0000] "GET /api/sales/00000000-0000-0000-0000-000000000000 HTTP/1.1" 404 36 "-" "Mozilla/5.0 (Windows NT 10.0; Microsoft Windows 10.0.26200; ko-KR) PowerShell/7.6.5"
nginx-1       | 172.20.0.1 - - [08/Sep/2026:16:16:55 +0000] "POST /api/sales HTTP/1.1" 201 273 "-" "k6/0.54.0 (https://k6.io/)"
nginx-1       | 172.20.0.1 - - [08/Sep/2026:16:16:55 +0000] "POST /api/purchases HTTP/1.1" 201 261 "-" "k6/0.54.0 (https://k6.io/)"
nginx-1       | 172.20.0.1 - - [08/Sep/2026:16:16:55 +0000] "POST /api/purchases HTTP/1.1" 201 261 "-" "k6/0.54.0 (https://k6.io/)"
nginx-1       | 172.20.0.1 - - [08/Sep/2026:16:16:55 +0000] "POST /api/purchases HTTP/1.1" 201 261 "-" "k6/0.54.0 (https://k6.io/)"
api1-1        | 	at org.springframework.web.method.support.InvocableHandlerMethod.invokeForRequest(InvocableHandlerMethod.java:191) ~[spring-web-6.2.19.jar!/:6.2.19]
api1-1        | 	at org.springframework.web.servlet.mvc.method.annotation.ServletInvocableHandlerMethod.invokeAndHandle(ServletInvocableHandlerMethod.java:118) ~[spring-webmvc-6.2.19.jar!/:6.2.19]
nginx-1       | 172.20.0.1 - - [08/Sep/2026:16:16:56 +0000] "POST /api/purchases HTTP/1.1" 201 261 "-" "k6/0.54.0 (https://k6.io/)"
api1-1        | 	at org.springframework.web.servlet.mvc.method.annotation.RequestMappingHandlerAdapter.invokeHandlerMethod(RequestMappingHandlerAdapter.java:991) ~[spring-webmvc-6.2.19.jar!/:6.2.19]
nginx-1       | 172.20.0.1 - - [08/Sep/2026:16:16:56 +0000] "POST /api/purchases HTTP/1.1" 201 261 "-" "k6/0.54.0 (https://k6.io/)"
nginx-1       | 172.20.0.1 - - [08/Sep/2026:16:16:56 +0000] "POST /api/orders/5ca77e90-5d92-47d8-b240-7fc9df89c2a1/payments HTTP/1.1" 202 96 "-" "k6/0.54.0 (https://k6.io/)"
nginx-1       | 172.20.0.1 - - [08/Sep/2026:16:16:56 +0000] "POST /api/orders/28e8139d-765f-4b95-9f2c-2f5e740b9884/payments HTTP/1.1" 202 96 "-" "k6/0.54.0 (https://k6.io/)"
nginx-1       | 172.20.0.1 - - [08/Sep/2026:16:16:56 +0000] "POST /api/purchases HTTP/1.1" 201 261 "-" "k6/0.54.0 (https://k6.io/)"
nginx-1       | 172.20.0.1 - - [08/Sep/2026:16:16:56 +0000] "POST /api/purchases HTTP/1.1" 201 261 "-" "k6/0.54.0 (https://k6.io/)"
nginx-1       | 172.20.0.1 - - [08/Sep/2026:16:16:56 +0000] "POST /api/purchases HTTP/1.1" 201 261 "-" "k6/0.54.0 (https://k6.io/)"
nginx-1       | 172.20.0.1 - - [08/Sep/2026:16:16:56 +0000] "POST /api/purchases HTTP/1.1" 201 261 "-" "k6/0.54.0 (https://k6.io/)"
nginx-1       | 172.20.0.1 - - [08/Sep/2026:16:16:56 +0000] "POST /api/purchases HTTP/1.1" 201 261 "-" "k6/0.54.0 (https://k6.io/)"
api1-1        | 	at org.springframework.web.servlet.mvc.method.annotation.RequestMappingHandlerAdapter.handleInternal(RequestMappingHandlerAdapter.java:896) ~[spring-webmvc-6.2.19.jar!/:6.2.19]
api1-1        | 	at org.springframework.web.servlet.mvc.method.AbstractHandlerMethodAdapter.handle(AbstractHandlerMethodAdapter.java:87) ~[spring-webmvc-6.2.19.jar!/:6.2.19]
nginx-1       | 172.20.0.1 - - [08/Sep/2026:16:16:56 +0000] "POST /api/purchases HTTP/1.1" 201 261 "-" "k6/0.54.0 (https://k6.io/)"
api1-1        | 	at org.springframework.web.servlet.DispatcherServlet.doDispatch(DispatcherServlet.java:1089) ~[spring-webmvc-6.2.19.jar!/:6.2.19]
nginx-1       | 172.20.0.1 - - [08/Sep/2026:16:16:56 +0000] "POST /api/purchases HTTP/1.1" 201 261 "-" "k6/0.54.0 (https://k6.io/)"
nginx-1       | 172.20.0.1 - - [08/Sep/2026:16:16:56 +0000] "POST /api/purchases HTTP/1.1" 201 261 "-" "k6/0.54.0 (https://k6.io/)"
nginx-1       | 172.20.0.1 - - [08/Sep/2026:16:16:56 +0000] "POST /api/purchases HTTP/1.1" 201 261 "-" "k6/0.54.0 (https://k6.io/)"
api1-1        | 	at org.springframework.web.servlet.DispatcherServlet.doService(DispatcherServlet.java:979) ~[spring-webmvc-6.2.19.jar!/:6.2.19]
api1-1        | 	at org.springframework.web.servlet.FrameworkServlet.processRequest(FrameworkServlet.java:1014) ~[spring-webmvc-6.2.19.jar!/:6.2.19]
api1-1        | 	at org.springframework.web.servlet.FrameworkServlet.doPost(FrameworkServlet.java:914) ~[spring-webmvc-6.2.19.jar!/:6.2.19]
nginx-1       | 172.20.0.1 - - [08/Sep/2026:16:16:56 +0000] "POST /api/purchases HTTP/1.1" 201 261 "-" "k6/0.54.0 (https://k6.io/)"
nginx-1       | 172.20.0.1 - - [08/Sep/2026:16:16:57 +0000] "POST /api/purchases HTTP/1.1" 201 261 "-" "k6/0.54.0 (https://k6.io/)"
nginx-1       | 172.20.0.1 - - [08/Sep/2026:16:16:57 +0000] "POST /api/orders/fc2ad995-6eb7-4330-9137-30c3d1632dc0/payments HTTP/1.1" 202 96 "-" "k6/0.54.0 (https://k6.io/)"
api1-1        | 	at jakarta.servlet.http.HttpServlet.service(HttpServlet.java:590) ~[tomcat-embed-core-10.1.55.jar!/:na]
api1-1        | 	at org.springframework.web.servlet.FrameworkServlet.service(FrameworkServlet.java:885) ~[spring-webmvc-6.2.19.jar!/:6.2.19]
api1-1        | 	at jakarta.servlet.http.HttpServlet.service(HttpServlet.java:658) ~[tomcat-embed-core-10.1.55.jar!/:na]
api1-1        | 	at org.apache.catalina.core.ApplicationFilterChain.internalDoFilter(ApplicationFilterChain.java:193) ~[tomcat-embed-core-10.1.55.jar!/:na]
nginx-1       | 172.20.0.1 - - [08/Sep/2026:16:16:57 +0000] "POST /api/orders/a427360c-d39f-4ee7-83a3-546955f93cde/payments HTTP/1.1" 202 96 "-" "k6/0.54.0 (https://k6.io/)"
nginx-1       | 172.20.0.1 - - [08/Sep/2026:16:16:57 +0000] "POST /api/orders/393296ed-c09a-4397-81cb-b5fc0dc8f0be/payments HTTP/1.1" 202 96 "-" "k6/0.54.0 (https://k6.io/)"
nginx-1       | 172.20.0.1 - - [08/Sep/2026:16:16:57 +0000] "POST /api/orders/c5bd01cc-9ad8-47ea-b3c4-eeee1888af5c/payments HTTP/1.1" 202 96 "-" "k6/0.54.0 (https://k6.io/)"
nginx-1       | 172.20.0.1 - - [08/Sep/2026:16:16:57 +0000] "POST /api/orders/0a2553d3-325c-4272-9b04-e82ebff0ce09/payments HTTP/1.1" 202 96 "-" "k6/0.54.0 (https://k6.io/)"
nginx-1       | 172.20.0.1 - - [08/Sep/2026:16:16:57 +0000] "POST /api/orders/8dff286e-d458-402f-be87-668a2ee2f544/payments HTTP/1.1" 202 96 "-" "k6/0.54.0 (https://k6.io/)"
nginx-1       | 172.20.0.1 - - [08/Sep/2026:16:16:57 +0000] "POST /api/orders/0876fb11-70f4-461d-bcad-e8474fe7356b/payments HTTP/1.1" 500 168 "-" "k6/0.54.0 (https://k6.io/)"
nginx-1       | 172.20.0.1 - - [08/Sep/2026:16:16:57 +0000] "POST /api/orders/22e1f4f1-cd5d-4067-ac54-a5fc5e7bc8e0/payments HTTP/1.1" 500 168 "-" "k6/0.54.0 (https://k6.io/)"
nginx-1       | 172.20.0.1 - - [08/Sep/2026:16:16:57 +0000] "POST /api/orders/2c71c8df-b40f-44af-953f-1b0c820037fa/payments HTTP/1.1" 500 168 "-" "k6/0.54.0 (https://k6.io/)"
api1-1        | 	at org.apache.catalina.core.ApplicationFilterChain.doFilter(ApplicationFilterChain.java:138) ~[tomcat-embed-core-10.1.55.jar!/:na]
api1-1        | 	at org.apache.tomcat.websocket.server.WsFilter.doFilter(WsFilter.java:51) ~[tomcat-embed-websocket-10.1.55.jar!/:na]
api1-1        | 	at org.apache.catalina.core.ApplicationFilterChain.internalDoFilter(ApplicationFilterChain.java:162) ~[tomcat-embed-core-10.1.55.jar!/:na]
api1-1        | 	at org.apache.catalina.core.ApplicationFilterChain.doFilter(ApplicationFilterChain.java:138) ~[tomcat-embed-core-10.1.55.jar!/:na]
api1-1        | 	at org.springframework.web.filter.RequestContextFilter.doFilterInternal(RequestContextFilter.java:100) ~[spring-web-6.2.19.jar!/:6.2.19]
api1-1        | 	at org.springframework.web.filter.OncePerRequestFilter.doFilter(OncePerRequestFilter.java:116) ~[spring-web-6.2.19.jar!/:6.2.19]
api1-1        | 	at org.apache.catalina.core.ApplicationFilterChain.internalDoFilter(ApplicationFilterChain.java:162) ~[tomcat-embed-core-10.1.55.jar!/:na]
api1-1        | 	at org.apache.catalina.core.ApplicationFilterChain.doFilter(ApplicationFilterChain.java:138) ~[tomcat-embed-core-10.1.55.jar!/:na]
nginx-1       | 172.20.0.1 - - [08/Sep/2026:16:16:57 +0000] "POST /api/orders/c9f6e3f4-b45c-4e2c-90fa-21e33b2fe732/payments HTTP/1.1" 202 96 "-" "k6/0.54.0 (https://k6.io/)"
api1-1        | 	at org.springframework.web.filter.FormContentFilter.doFilterInternal(FormContentFilter.java:93) ~[spring-web-6.2.19.jar!/:6.2.19]
api1-1        | 	at org.springframework.web.filter.OncePerRequestFilter.doFilter(OncePerRequestFilter.java:116) ~[spring-web-6.2.19.jar!/:6.2.19]
api1-1        | 	at org.apache.catalina.core.ApplicationFilterChain.internalDoFilter(ApplicationFilterChain.java:162) ~[tomcat-embed-core-10.1.55.jar!/:na]
nginx-1       | 172.20.0.1 - - [08/Sep/2026:16:16:57 +0000] "POST /api/orders/9f615873-bbec-4dc5-a6a0-a365ebfc8d26/payments HTTP/1.1" 202 96 "-" "k6/0.54.0 (https://k6.io/)"
api1-1        | 	at org.apache.catalina.core.ApplicationFilterChain.doFilter(ApplicationFilterChain.java:138) ~[tomcat-embed-core-10.1.55.jar!/:na]
api1-1        | 	at org.springframework.web.filter.ServerHttpObservationFilter.doFilterInternal(ServerHttpObservationFilter.java:110) ~[spring-web-6.2.19.jar!/:6.2.19]
api1-1        | 	at org.springframework.web.filter.OncePerRequestFilter.doFilter(OncePerRequestFilter.java:116) ~[spring-web-6.2.19.jar!/:6.2.19]
api1-1        | 	at org.apache.catalina.core.ApplicationFilterChain.internalDoFilter(ApplicationFilterChain.java:162) ~[tomcat-embed-core-10.1.55.jar!/:na]
api1-1        | 	at org.apache.catalina.core.ApplicationFilterChain.doFilter(ApplicationFilterChain.java:138) ~[tomcat-embed-core-10.1.55.jar!/:na]
api1-1        | 	at org.springframework.web.filter.CharacterEncodingFilter.doFilterInternal(CharacterEncodingFilter.java:201) ~[spring-web-6.2.19.jar!/:6.2.19]
nginx-1       | 172.20.0.1 - - [08/Sep/2026:16:16:57 +0000] "POST /api/orders/812837af-4c93-4ff5-b277-dd92ec7541f4/payments HTTP/1.1" 202 96 "-" "k6/0.54.0 (https://k6.io/)"
nginx-1       | 172.20.0.1 - - [08/Sep/2026:16:16:57 +0000] "POST /api/orders/752384e9-c282-433f-93ae-f774ebcbfd15/payments HTTP/1.1" 202 96 "-" "k6/0.54.0 (https://k6.io/)"
nginx-1       | 172.20.0.1 - - [08/Sep/2026:16:16:57 +0000] "POST /api/orders/33fd5e07-f82c-4852-a88f-a80a0f75e5a4/payments HTTP/1.1" 202 96 "-" "k6/0.54.0 (https://k6.io/)"
api1-1        | 	at org.springframework.web.filter.OncePerRequestFilter.doFilter(OncePerRequestFilter.java:116) ~[spring-web-6.2.19.jar!/:6.2.19]
nginx-1       | 172.20.0.1 - - [08/Sep/2026:16:16:57 +0000] "POST /api/purchases HTTP/1.1" 201 261 "-" "k6/0.54.0 (https://k6.io/)"
api1-1        | 	at org.apache.catalina.core.ApplicationFilterChain.internalDoFilter(ApplicationFilterChain.java:162) ~[tomcat-embed-core-10.1.55.jar!/:na]
api1-1        | 	at org.apache.catalina.core.ApplicationFilterChain.doFilter(ApplicationFilterChain.java:138) ~[tomcat-embed-core-10.1.55.jar!/:na]
api1-1        | 	at org.apache.catalina.core.StandardWrapperValve.invoke(StandardWrapperValve.java:165) ~[tomcat-embed-core-10.1.55.jar!/:na]
api1-1        | 	at org.apache.catalina.core.StandardContextValve.invoke(StandardContextValve.java:88) ~[tomcat-embed-core-10.1.55.jar!/:na]
api1-1        | 	at org.apache.catalina.authenticator.AuthenticatorBase.invoke(AuthenticatorBase.java:492) ~[tomcat-embed-core-10.1.55.jar!/:na]
api1-1        | 	at org.apache.catalina.core.StandardHostValve.invoke(StandardHostValve.java:113) ~[tomcat-embed-core-10.1.55.jar!/:na]
api1-1        | 	at org.apache.catalina.valves.ErrorReportValve.invoke(ErrorReportValve.java:83) ~[tomcat-embed-core-10.1.55.jar!/:na]
api1-1        | 	at org.apache.catalina.core.StandardEngineValve.invoke(StandardEngineValve.java:72) ~[tomcat-embed-core-10.1.55.jar!/:na]
nginx-1       | 172.20.0.1 - - [08/Sep/2026:16:16:57 +0000] "POST /api/purchases HTTP/1.1" 201 261 "-" "k6/0.54.0 (https://k6.io/)"
api1-1        | 	at org.apache.catalina.connector.CoyoteAdapter.service(CoyoteAdapter.java:342) ~[tomcat-embed-core-10.1.55.jar!/:na]
api1-1        | 	at org.apache.coyote.http11.Http11Processor.service(Http11Processor.java:399) ~[tomcat-embed-core-10.1.55.jar!/:na]
api1-1        | 	at org.apache.coyote.AbstractProcessorLight.process(AbstractProcessorLight.java:63) ~[tomcat-embed-core-10.1.55.jar!/:na]
nginx-1       | 172.20.0.1 - - [08/Sep/2026:16:16:58 +0000] "POST /api/purchases HTTP/1.1" 201 261 "-" "k6/0.54.0 (https://k6.io/)"
nginx-1       | 172.20.0.1 - - [08/Sep/2026:16:16:58 +0000] "POST /api/orders/6eed9b81-d2b7-4c7b-9bd7-1cbebf238575/payments HTTP/1.1" 202 96 "-" "k6/0.54.0 (https://k6.io/)"
nginx-1       | 172.20.0.1 - - [08/Sep/2026:16:16:58 +0000] "POST /api/orders/e1e8f197-5055-49a6-abbf-1adc0f316890/payments HTTP/1.1" 202 96 "-" "k6/0.54.0 (https://k6.io/)"
api1-1        | 	at org.apache.coyote.AbstractProtocol$ConnectionHandler.process(AbstractProtocol.java:1272) ~[tomcat-embed-core-10.1.55.jar!/:na]
api1-1        | 	at org.apache.tomcat.util.net.NioEndpoint$SocketProcessor.doRun(NioEndpoint.java:1797) ~[tomcat-embed-core-10.1.55.jar!/:na]
api1-1        | 	at org.apache.tomcat.util.net.SocketProcessorBase.run(SocketProcessorBase.java:52) ~[tomcat-embed-core-10.1.55.jar!/:na]
nginx-1       | 172.20.0.1 - - [08/Sep/2026:16:16:58 +0000] "POST /api/purchases HTTP/1.1" 201 261 "-" "k6/0.54.0 (https://k6.io/)"
nginx-1       | 172.20.0.1 - - [08/Sep/2026:16:16:58 +0000] "POST /api/orders/5b4f6f97-9d87-4da1-85e3-84c924040f49/payments HTTP/1.1" 202 96 "-" "k6/0.54.0 (https://k6.io/)"
api1-1        | 	at org.apache.tomcat.util.threads.ThreadPoolExecutor.runWorker(ThreadPoolExecutor.java:973) ~[tomcat-embed-core-10.1.55.jar!/:na]
nginx-1       | 172.20.0.1 - - [08/Sep/2026:16:16:58 +0000] "POST /api/orders/552c7f8d-5658-40c8-b7eb-760653b8cce4/payments HTTP/1.1" 202 96 "-" "k6/0.54.0 (https://k6.io/)"
api1-1        | 	at org.apache.tomcat.util.threads.ThreadPoolExecutor$Worker.run(ThreadPoolExecutor.java:491) ~[tomcat-embed-core-10.1.55.jar!/:na]
nginx-1       | 172.20.0.1 - - [08/Sep/2026:16:16:58 +0000] "POST /api/purchases HTTP/1.1" 201 261 "-" "k6/0.54.0 (https://k6.io/)"
api1-1        | 	at org.apache.tomcat.util.threads.TaskThread$WrappingRunnable.run(TaskThread.java:63) ~[tomcat-embed-core-10.1.55.jar!/:na]
nginx-1       | 172.20.0.1 - - [08/Sep/2026:16:16:58 +0000] "POST /api/orders/38c55765-571b-4f68-8511-58278bea64fd/payments HTTP/1.1" 202 96 "-" "k6/0.54.0 (https://k6.io/)"
nginx-1       | 172.20.0.1 - - [08/Sep/2026:16:16:58 +0000] "POST /api/purchases HTTP/1.1" 201 261 "-" "k6/0.54.0 (https://k6.io/)"
nginx-1       | 172.20.0.1 - - [08/Sep/2026:16:16:58 +0000] "POST /api/purchases HTTP/1.1" 201 261 "-" "k6/0.54.0 (https://k6.io/)"
nginx-1       | 172.20.0.1 - - [08/Sep/2026:16:16:58 +0000] "POST /api/orders/8ba4dcd0-8d7b-4e69-818b-7ebabd01822b/payments HTTP/1.1" 202 96 "-" "k6/0.54.0 (https://k6.io/)"
nginx-1       | 172.20.0.1 - - [08/Sep/2026:16:16:58 +0000] "POST /api/purchases HTTP/1.1" 201 261 "-" "k6/0.54.0 (https://k6.io/)"
nginx-1       | 172.20.0.1 - - [08/Sep/2026:16:16:58 +0000] "POST /api/orders/ef6574ee-afed-4299-8517-b08954b18eda/payments HTTP/1.1" 202 96 "-" "k6/0.54.0 (https://k6.io/)"
api1-1        | 	at java.base/java.lang.Thread.run(Unknown Source) ~[na:na]
api1-1        | 
api1-1        | 2026-09-08T16:16:57.326Z ERROR 1 --- [limited-goods] [io-8080-exec-11] o.a.c.c.C.[.[.[/].[dispatcherServlet]    : Servlet.service() for servlet [dispatcherServlet] in context with path [] threw exception [Request processing failed: org.springframework.transaction.CannotCreateTransactionException: Could not open JPA EntityManager for transaction] with root cause
nginx-1       | 172.20.0.1 - - [08/Sep/2026:16:16:58 +0000] "POST /api/orders/f390cfdc-a27a-4dd1-9735-11515e219dc9/payments HTTP/1.1" 202 96 "-" "k6/0.54.0 (https://k6.io/)"
api1-1        | 
api1-1        | java.sql.SQLTransientConnectionException: HikariPool-1 - Connection is not available, request timed out after 1000ms (total=8, active=8, idle=0, waiting=8)
api1-1        | 	at com.zaxxer.hikari.pool.HikariPool.createTimeoutException(HikariPool.java:714) ~[HikariCP-6.3.3.jar!/:na]
api1-1        | 	at com.zaxxer.hikari.pool.HikariPool.getConnection(HikariPool.java:184) ~[HikariCP-6.3.3.jar!/:na]
api1-1        | 	at com.zaxxer.hikari.pool.HikariPool.getConnection(HikariPool.java:142) ~[HikariCP-6.3.3.jar!/:na]
api1-1        | 	at com.zaxxer.hikari.HikariDataSource.getConnection(HikariDataSource.java:127) ~[HikariCP-6.3.3.jar!/:na]
api1-1        | 	at org.hibernate.engine.jdbc.connections.internal.DatasourceConnectionProviderImpl.getConnection(DatasourceConnectionProviderImpl.java:126) ~[hibernate-core-6.6.53.Final.jar!/:6.6.53.Final]
api1-1        | 	at org.hibernate.internal.NonContextualJdbcConnectionAccess.obtainConnection(NonContextualJdbcConnectionAccess.java:46) ~[hibernate-core-6.6.53.Final.jar!/:6.6.53.Final]
api1-1        | 	at org.hibernate.resource.jdbc.internal.LogicalConnectionManagedImpl.acquireConnectionIfNeeded(LogicalConnectionManagedImpl.java:126) ~[hibernate-core-6.6.53.Final.jar!/:6.6.53.Final]
api1-1        | 	at org.hibernate.resource.jdbc.internal.LogicalConnectionManagedImpl.getPhysicalConnection(LogicalConnectionManagedImpl.java:156) ~[hibernate-core-6.6.53.Final.jar!/:6.6.53.Final]
nginx-1       | 172.20.0.1 - - [08/Sep/2026:16:16:58 +0000] "POST /api/purchases HTTP/1.1" 201 261 "-" "k6/0.54.0 (https://k6.io/)"
api1-1        | 	at org.hibernate.resource.jdbc.internal.LogicalConnectionManagedImpl.getConnectionForTransactionManagement(LogicalConnectionManagedImpl.java:286) ~[hibernate-core-6.6.53.Final.jar!/:6.6.53.Final]
nginx-1       | 172.20.0.1 - - [08/Sep/2026:16:16:58 +0000] "POST /api/orders/6b9d7323-e90d-4797-8f2f-f7ad8c7f479e/payments HTTP/1.1" 202 96 "-" "k6/0.54.0 (https://k6.io/)"
api1-1        | 	at org.hibernate.resource.jdbc.internal.LogicalConnectionManagedImpl.begin(LogicalConnectionManagedImpl.java:294) ~[hibernate-core-6.6.53.Final.jar!/:6.6.53.Final]
api1-1        | 	at org.hibernate.resource.transaction.backend.jdbc.internal.JdbcResourceLocalTransactionCoordinatorImpl$TransactionDriverControlImpl.begin(JdbcResourceLocalTransactionCoordinatorImpl.java:232) ~[hibernate-core-6.6.53.Final.jar!/:6.6.53.Final]
api1-1        | 	at org.hibernate.engine.transaction.internal.TransactionImpl.begin(TransactionImpl.java:83) ~[hibernate-core-6.6.53.Final.jar!/:6.6.53.Final]
api1-1        | 	at org.springframework.orm.jpa.vendor.HibernateJpaDialect.beginTransaction(HibernateJpaDialect.java:176) ~[spring-orm-6.2.19.jar!/:6.2.19]
api1-1        | 	at org.springframework.orm.jpa.JpaTransactionManager.doBegin(JpaTransactionManager.java:421) ~[spring-orm-6.2.19.jar!/:6.2.19]
api1-1        | 	at org.springframework.transaction.support.AbstractPlatformTransactionManager.startTransaction(AbstractPlatformTransactionManager.java:532) ~[spring-tx-6.2.19.jar!/:6.2.19]
nginx-1       | 172.20.0.1 - - [08/Sep/2026:16:16:58 +0000] "POST /api/purchases HTTP/1.1" 201 261 "-" "k6/0.54.0 (https://k6.io/)"
nginx-1       | 172.20.0.1 - - [08/Sep/2026:16:16:58 +0000] "POST /api/purchases HTTP/1.1" 201 261 "-" "k6/0.54.0 (https://k6.io/)"
nginx-1       | 172.20.0.1 - - [08/Sep/2026:16:16:58 +0000] "POST /api/orders/f9cbd5de-3a1b-4b3b-9100-e813f052656d/payments HTTP/1.1" 202 96 "-" "k6/0.54.0 (https://k6.io/)"
nginx-1       | 172.20.0.1 - - [08/Sep/2026:16:16:58 +0000] "POST /api/purchases HTTP/1.1" 201 261 "-" "k6/0.54.0 (https://k6.io/)"
nginx-1       | 172.20.0.1 - - [08/Sep/2026:16:16:58 +0000] "POST /api/orders/caef95fc-9d57-48ad-babe-870be9bf9873/payments HTTP/1.1" 202 96 "-" "k6/0.54.0 (https://k6.io/)"
api1-1        | 	at org.springframework.transaction.support.AbstractPlatformTransactionManager.getTransaction(AbstractPlatformTransactionManager.java:405) ~[spring-tx-6.2.19.jar!/:6.2.19]
api1-1        | 	at org.springframework.transaction.interceptor.TransactionAspectSupport.createTransactionIfNecessary(TransactionAspectSupport.java:639) ~[spring-tx-6.2.19.jar!/:6.2.19]
api1-1        | 	at org.springframework.transaction.interceptor.TransactionAspectSupport.invokeWithinTransaction(TransactionAspectSupport.java:374) ~[spring-tx-6.2.19.jar!/:6.2.19]
nginx-1       | 172.20.0.1 - - [08/Sep/2026:16:16:58 +0000] "POST /api/orders/cb7376cf-226c-476c-8a33-3d31b0412ec8/payments HTTP/1.1" 202 96 "-" "k6/0.54.0 (https://k6.io/)"
nginx-1       | 172.20.0.1 - - [08/Sep/2026:16:16:58 +0000] "POST /api/purchases HTTP/1.1" 201 258 "-" "k6/0.54.0 (https://k6.io/)"
api1-1        | 	at org.springframework.transaction.interceptor.TransactionInterceptor.invoke(TransactionInterceptor.java:119) ~[spring-tx-6.2.19.jar!/:6.2.19]
nginx-1       | 172.20.0.1 - - [08/Sep/2026:16:16:58 +0000] "POST /api/purchases HTTP/1.1" 201 261 "-" "k6/0.54.0 (https://k6.io/)"
nginx-1       | 172.20.0.1 - - [08/Sep/2026:16:16:58 +0000] "POST /api/orders/8256b6a8-b845-4693-a6a2-4044b1d1fd45/payments HTTP/1.1" 202 96 "-" "k6/0.54.0 (https://k6.io/)"
nginx-1       | 172.20.0.1 - - [08/Sep/2026:16:16:58 +0000] "POST /api/purchases HTTP/1.1" 201 261 "-" "k6/0.54.0 (https://k6.io/)"
api1-1        | 	at org.springframework.aop.framework.ReflectiveMethodInvocation.proceed(ReflectiveMethodInvocation.java:184) ~[spring-aop-6.2.19.jar!/:6.2.19]
api1-1        | 	at org.springframework.aop.framework.CglibAopProxy$DynamicAdvisedInterceptor.intercept(CglibAopProxy.java:728) ~[spring-aop-6.2.19.jar!/:6.2.19]
api1-1        | 	at com.limitedgoods.payments.PaymentService$$SpringCGLIB$$0.start(<generated>) ~[!/:0.1.0]
api1-1        | 	at com.limitedgoods.payments.PaymentController.start(PaymentController.java:19) ~[!/:0.1.0]
nginx-1       | 172.20.0.1 - - [08/Sep/2026:16:16:58 +0000] "POST /api/orders/cec60119-cc77-451a-b7ad-6356a6e9a829/payments HTTP/1.1" 202 96 "-" "k6/0.54.0 (https://k6.io/)"
api1-1        | 	at java.base/jdk.internal.reflect.DirectMethodHandleAccessor.invoke(Unknown Source) ~[na:na]
nginx-1       | 172.20.0.1 - - [08/Sep/2026:16:16:58 +0000] "POST /api/purchases HTTP/1.1" 201 261 "-" "k6/0.54.0 (https://k6.io/)"
api1-1        | 	at java.base/java.lang.reflect.Method.invoke(Unknown Source) ~[na:na]
nginx-1       | 172.20.0.1 - - [08/Sep/2026:16:16:58 +0000] "POST /api/orders/46029af3-35cf-4c70-b228-9488ed825b3f/payments HTTP/1.1" 202 96 "-" "k6/0.54.0 (https://k6.io/)"
api1-1        | 	at org.springframework.web.method.support.InvocableHandlerMethod.doInvoke(InvocableHandlerMethod.java:258) ~[spring-web-6.2.19.jar!/:6.2.19]
nginx-1       | 172.20.0.1 - - [08/Sep/2026:16:16:58 +0000] "POST /api/orders/dfccecb0-9ad7-4c49-ac7b-3e00d0d0e1fe/payments HTTP/1.1" 202 96 "-" "k6/0.54.0 (https://k6.io/)"
api1-1        | 	at org.springframework.web.method.support.InvocableHandlerMethod.invokeForRequest(InvocableHandlerMethod.java:191) ~[spring-web-6.2.19.jar!/:6.2.19]
api1-1        | 	at org.springframework.web.servlet.mvc.method.annotation.ServletInvocableHandlerMethod.invokeAndHandle(ServletInvocableHandlerMethod.java:118) ~[spring-webmvc-6.2.19.jar!/:6.2.19]
api1-1        | 	at org.springframework.web.servlet.mvc.method.annotation.RequestMappingHandlerAdapter.invokeHandlerMethod(RequestMappingHandlerAdapter.java:991) ~[spring-webmvc-6.2.19.jar!/:6.2.19]
api1-1        | 	at org.springframework.web.servlet.mvc.method.annotation.RequestMappingHandlerAdapter.handleInternal(RequestMappingHandlerAdapter.java:896) ~[spring-webmvc-6.2.19.jar!/:6.2.19]
api1-1        | 	at org.springframework.web.servlet.mvc.method.AbstractHandlerMethodAdapter.handle(AbstractHandlerMethodAdapter.java:87) ~[spring-webmvc-6.2.19.jar!/:6.2.19]
nginx-1       | 172.20.0.1 - - [08/Sep/2026:16:16:58 +0000] "POST /api/purchases HTTP/1.1" 201 261 "-" "k6/0.54.0 (https://k6.io/)"
api1-1        | 	at org.springframework.web.servlet.DispatcherServlet.doDispatch(DispatcherServlet.java:1089) ~[spring-webmvc-6.2.19.jar!/:6.2.19]
api1-1        | 	at org.springframework.web.servlet.DispatcherServlet.doService(DispatcherServlet.java:979) ~[spring-webmvc-6.2.19.jar!/:6.2.19]
api1-1        | 	at org.springframework.web.servlet.FrameworkServlet.processRequest(FrameworkServlet.java:1014) ~[spring-webmvc-6.2.19.jar!/:6.2.19]
api1-1        | 	at org.springframework.web.servlet.FrameworkServlet.doPost(FrameworkServlet.java:914) ~[spring-webmvc-6.2.19.jar!/:6.2.19]
api1-1        | 	at jakarta.servlet.http.HttpServlet.service(HttpServlet.java:590) ~[tomcat-embed-core-10.1.55.jar!/:na]
api1-1        | 	at org.springframework.web.servlet.FrameworkServlet.service(FrameworkServlet.java:885) ~[spring-webmvc-6.2.19.jar!/:6.2.19]
nginx-1       | 172.20.0.1 - - [08/Sep/2026:16:16:58 +0000] "POST /api/purchases HTTP/1.1" 201 261 "-" "k6/0.54.0 (https://k6.io/)"
nginx-1       | 172.20.0.1 - - [08/Sep/2026:16:16:58 +0000] "POST /api/orders/746b824b-e4f0-4eb2-bf83-4c6864cc9b56/payments HTTP/1.1" 202 96 "-" "k6/0.54.0 (https://k6.io/)"
nginx-1       | 172.20.0.1 - - [08/Sep/2026:16:16:58 +0000] "POST /api/orders/ed7530d7-fc58-4a36-82c3-c7896b7ccfb6/payments HTTP/1.1" 202 96 "-" "k6/0.54.0 (https://k6.io/)"
nginx-1       | 172.20.0.1 - - [08/Sep/2026:16:16:58 +0000] "POST /api/purchases HTTP/1.1" 201 261 "-" "k6/0.54.0 (https://k6.io/)"
nginx-1       | 172.20.0.1 - - [08/Sep/2026:16:16:58 +0000] "POST /api/purchases HTTP/1.1" 201 261 "-" "k6/0.54.0 (https://k6.io/)"
nginx-1       | 172.20.0.1 - - [08/Sep/2026:16:16:58 +0000] "POST /api/orders/95c1fe66-83ff-4ad3-9059-7b0aa6f58a98/payments HTTP/1.1" 202 96 "-" "k6/0.54.0 (https://k6.io/)"
nginx-1       | 172.20.0.1 - - [08/Sep/2026:16:16:58 +0000] "POST /api/orders/d788c30d-b4fe-4c70-a595-f343f12b08c5/payments HTTP/1.1" 202 96 "-" "k6/0.54.0 (https://k6.io/)"
nginx-1       | 172.20.0.1 - - [08/Sep/2026:16:16:58 +0000] "POST /api/purchases HTTP/1.1" 201 261 "-" "k6/0.54.0 (https://k6.io/)"
nginx-1       | 172.20.0.1 - - [08/Sep/2026:16:16:58 +0000] "POST /api/orders/d720323f-329f-4314-a312-031a094b05b2/payments HTTP/1.1" 202 96 "-" "k6/0.54.0 (https://k6.io/)"
nginx-1       | 172.20.0.1 - - [08/Sep/2026:16:16:58 +0000] "POST /api/purchases HTTP/1.1" 201 261 "-" "k6/0.54.0 (https://k6.io/)"
nginx-1       | 172.20.0.1 - - [08/Sep/2026:16:16:58 +0000] "POST /api/orders/011e46e6-8ba9-4486-b813-54b3e6261672/payments HTTP/1.1" 202 96 "-" "k6/0.54.0 (https://k6.io/)"
nginx-1       | 172.20.0.1 - - [08/Sep/2026:16:16:59 +0000] "POST /api/purchases HTTP/1.1" 201 261 "-" "k6/0.54.0 (https://k6.io/)"
nginx-1       | 172.20.0.1 - - [08/Sep/2026:16:16:59 +0000] "POST /api/orders/4301c797-84ca-45d3-a23c-78e3ce03bc51/payments HTTP/1.1" 202 96 "-" "k6/0.54.0 (https://k6.io/)"
nginx-1       | 172.20.0.1 - - [08/Sep/2026:16:16:59 +0000] "POST /api/purchases HTTP/1.1" 201 261 "-" "k6/0.54.0 (https://k6.io/)"
nginx-1       | 172.20.0.1 - - [08/Sep/2026:16:16:59 +0000] "POST /api/orders/bc435153-3182-41e5-9030-426c51a405ba/payments HTTP/1.1" 202 96 "-" "k6/0.54.0 (https://k6.io/)"
nginx-1       | 172.20.0.1 - - [08/Sep/2026:16:16:59 +0000] "POST /api/purchases HTTP/1.1" 201 261 "-" "k6/0.54.0 (https://k6.io/)"
nginx-1       | 172.20.0.1 - - [08/Sep/2026:16:16:59 +0000] "POST /api/orders/2d96fb66-dc06-4680-8b48-8e5935930caa/payments HTTP/1.1" 202 96 "-" "k6/0.54.0 (https://k6.io/)"
nginx-1       | 172.20.0.1 - - [08/Sep/2026:16:16:59 +0000] "POST /api/purchases HTTP/1.1" 201 261 "-" "k6/0.54.0 (https://k6.io/)"
nginx-1       | 172.20.0.1 - - [08/Sep/2026:16:16:59 +0000] "POST /api/orders/6aa40f47-1ca1-47c8-b5e8-a9a3234a227b/payments HTTP/1.1" 202 96 "-" "k6/0.54.0 (https://k6.io/)"
nginx-1       | 172.20.0.1 - - [08/Sep/2026:16:16:59 +0000] "POST /api/purchases HTTP/1.1" 201 261 "-" "k6/0.54.0 (https://k6.io/)"
nginx-1       | 172.20.0.1 - - [08/Sep/2026:16:16:59 +0000] "POST /api/orders/272c437a-9d9b-49b6-8502-f28e6b75fa74/payments HTTP/1.1" 202 96 "-" "k6/0.54.0 (https://k6.io/)"
nginx-1       | 172.20.0.1 - - [08/Sep/2026:16:16:59 +0000] "POST /api/purchases HTTP/1.1" 201 261 "-" "k6/0.54.0 (https://k6.io/)"
nginx-1       | 172.20.0.1 - - [08/Sep/2026:16:16:59 +0000] "POST /api/orders/6278a58e-eef3-4879-83cc-0673935f9d35/payments HTTP/1.1" 202 96 "-" "k6/0.54.0 (https://k6.io/)"
nginx-1       | 172.20.0.1 - - [08/Sep/2026:16:16:59 +0000] "POST /api/purchases HTTP/1.1" 201 261 "-" "k6/0.54.0 (https://k6.io/)"
nginx-1       | 172.20.0.1 - - [08/Sep/2026:16:16:59 +0000] "POST /api/orders/5bea12ac-5760-4901-8c84-1f7783fa9a67/payments HTTP/1.1" 202 96 "-" "k6/0.54.0 (https://k6.io/)"
nginx-1       | 172.20.0.1 - - [08/Sep/2026:16:16:59 +0000] "POST /api/purchases HTTP/1.1" 201 261 "-" "k6/0.54.0 (https://k6.io/)"
nginx-1       | 172.20.0.1 - - [08/Sep/2026:16:16:59 +0000] "POST /api/orders/2eb00ce6-22a1-4e9e-90f2-edb3e3a691ea/payments HTTP/1.1" 202 96 "-" "k6/0.54.0 (https://k6.io/)"
nginx-1       | 172.20.0.1 - - [08/Sep/2026:16:16:59 +0000] "POST /api/purchases HTTP/1.1" 201 261 "-" "k6/0.54.0 (https://k6.io/)"
nginx-1       | 172.20.0.1 - - [08/Sep/2026:16:16:59 +0000] "POST /api/orders/a27d9e1f-1384-4a20-bb57-c003583e79f6/payments HTTP/1.1" 202 96 "-" "k6/0.54.0 (https://k6.io/)"
nginx-1       | 172.20.0.1 - - [08/Sep/2026:16:16:59 +0000] "POST /api/purchases HTTP/1.1" 201 261 "-" "k6/0.54.0 (https://k6.io/)"
nginx-1       | 172.20.0.1 - - [08/Sep/2026:16:16:59 +0000] "POST /api/orders/ac300da0-3490-4a6d-9f4e-afe281caed25/payments HTTP/1.1" 202 96 "-" "k6/0.54.0 (https://k6.io/)"
nginx-1       | 172.20.0.1 - - [08/Sep/2026:16:16:59 +0000] "POST /api/purchases HTTP/1.1" 201 261 "-" "k6/0.54.0 (https://k6.io/)"
nginx-1       | 172.20.0.1 - - [08/Sep/2026:16:16:59 +0000] "POST /api/orders/c80713c2-f2ca-4715-9206-344406aa8fa2/payments HTTP/1.1" 202 96 "-" "k6/0.54.0 (https://k6.io/)"
nginx-1       | 172.20.0.1 - - [08/Sep/2026:16:17:00 +0000] "POST /api/purchases HTTP/1.1" 201 261 "-" "k6/0.54.0 (https://k6.io/)"
nginx-1       | 172.20.0.1 - - [08/Sep/2026:16:17:00 +0000] "POST /api/orders/0118392d-43c0-408b-96e6-4c649ed91538/payments HTTP/1.1" 202 96 "-" "k6/0.54.0 (https://k6.io/)"
nginx-1       | 172.20.0.1 - - [08/Sep/2026:16:17:00 +0000] "POST /api/purchases HTTP/1.1" 201 261 "-" "k6/0.54.0 (https://k6.io/)"
nginx-1       | 172.20.0.1 - - [08/Sep/2026:16:17:00 +0000] "POST /api/orders/21540c9f-6273-4e10-aafa-d3deb2b12f1c/payments HTTP/1.1" 202 96 "-" "k6/0.54.0 (https://k6.io/)"
nginx-1       | 172.20.0.1 - - [08/Sep/2026:16:17:00 +0000] "POST /api/purchases HTTP/1.1" 201 261 "-" "k6/0.54.0 (https://k6.io/)"
nginx-1       | 172.20.0.1 - - [08/Sep/2026:16:17:00 +0000] "POST /api/orders/e66904b9-8e25-4eb6-9dd6-d1b7079dbf81/payments HTTP/1.1" 202 96 "-" "k6/0.54.0 (https://k6.io/)"
nginx-1       | 172.20.0.1 - - [08/Sep/2026:16:17:00 +0000] "POST /api/purchases HTTP/1.1" 201 261 "-" "k6/0.54.0 (https://k6.io/)"
nginx-1       | 172.20.0.1 - - [08/Sep/2026:16:17:00 +0000] "POST /api/orders/3c89caeb-f1dc-44ba-be20-65ac6b15a67e/payments HTTP/1.1" 202 96 "-" "k6/0.54.0 (https://k6.io/)"
nginx-1       | 172.20.0.1 - - [08/Sep/2026:16:17:00 +0000] "POST /api/purchases HTTP/1.1" 201 261 "-" "k6/0.54.0 (https://k6.io/)"
nginx-1       | 172.20.0.1 - - [08/Sep/2026:16:17:00 +0000] "POST /api/orders/5512c173-d229-4b50-891e-b51e649bbdac/payments HTTP/1.1" 202 96 "-" "k6/0.54.0 (https://k6.io/)"
nginx-1       | 172.20.0.1 - - [08/Sep/2026:16:17:00 +0000] "POST /api/purchases HTTP/1.1" 201 261 "-" "k6/0.54.0 (https://k6.io/)"
api1-1        | 	at jakarta.servlet.http.HttpServlet.service(HttpServlet.java:658) ~[tomcat-embed-core-10.1.55.jar!/:na]
nginx-1       | 172.20.0.1 - - [08/Sep/2026:16:17:00 +0000] "POST /api/orders/bf451ca3-a7cd-4af6-8492-53a615932c5c/payments HTTP/1.1" 202 96 "-" "k6/0.54.0 (https://k6.io/)"
nginx-1       | 172.20.0.1 - - [08/Sep/2026:16:17:00 +0000] "POST /api/purchases HTTP/1.1" 201 261 "-" "k6/0.54.0 (https://k6.io/)"
api1-1        | 	at org.apache.catalina.core.ApplicationFilterChain.internalDoFilter(ApplicationFilterChain.java:193) ~[tomcat-embed-core-10.1.55.jar!/:na]
api1-1        | 	at org.apache.catalina.core.ApplicationFilterChain.doFilter(ApplicationFilterChain.java:138) ~[tomcat-embed-core-10.1.55.jar!/:na]
api1-1        | 	at org.apache.tomcat.websocket.server.WsFilter.doFilter(WsFilter.java:51) ~[tomcat-embed-websocket-10.1.55.jar!/:na]
nginx-1       | 172.20.0.1 - - [08/Sep/2026:16:17:00 +0000] "POST /api/orders/89cf1c72-6817-40bb-8a48-c876638836ff/payments HTTP/1.1" 202 96 "-" "k6/0.54.0 (https://k6.io/)"
nginx-1       | 172.20.0.1 - - [08/Sep/2026:16:17:00 +0000] "POST /api/purchases HTTP/1.1" 201 261 "-" "k6/0.54.0 (https://k6.io/)"
api1-1        | 	at org.apache.catalina.core.ApplicationFilterChain.internalDoFilter(ApplicationFilterChain.java:162) ~[tomcat-embed-core-10.1.55.jar!/:na]
api1-1        | 	at org.apache.catalina.core.ApplicationFilterChain.doFilter(ApplicationFilterChain.java:138) ~[tomcat-embed-core-10.1.55.jar!/:na]
api1-1        | 	at org.springframework.web.filter.RequestContextFilter.doFilterInternal(RequestContextFilter.java:100) ~[spring-web-6.2.19.jar!/:6.2.19]
nginx-1       | 172.20.0.1 - - [08/Sep/2026:16:17:00 +0000] "POST /api/orders/e56314e0-4488-48af-84eb-451f57175177/payments HTTP/1.1" 202 96 "-" "k6/0.54.0 (https://k6.io/)"
nginx-1       | 172.20.0.1 - - [08/Sep/2026:16:17:00 +0000] "POST /api/purchases HTTP/1.1" 201 261 "-" "k6/0.54.0 (https://k6.io/)"
nginx-1       | 172.20.0.1 - - [08/Sep/2026:16:17:00 +0000] "POST /api/orders/ba11acba-582a-416f-8927-39d9bc3216f6/payments HTTP/1.1" 202 96 "-" "k6/0.54.0 (https://k6.io/)"
nginx-1       | 172.20.0.1 - - [08/Sep/2026:16:17:00 +0000] "POST /api/purchases HTTP/1.1" 201 261 "-" "k6/0.54.0 (https://k6.io/)"
nginx-1       | 172.20.0.1 - - [08/Sep/2026:16:17:00 +0000] "POST /api/orders/9a5a1c15-9497-4f53-a9c4-6049b9a7e145/payments HTTP/1.1" 202 96 "-" "k6/0.54.0 (https://k6.io/)"
nginx-1       | 172.20.0.1 - - [08/Sep/2026:16:17:01 +0000] "POST /api/purchases HTTP/1.1" 201 261 "-" "k6/0.54.0 (https://k6.io/)"
api1-1        | 	at org.springframework.web.filter.OncePerRequestFilter.doFilter(OncePerRequestFilter.java:116) ~[spring-web-6.2.19.jar!/:6.2.19]
api1-1        | 	at org.apache.catalina.core.ApplicationFilterChain.internalDoFilter(ApplicationFilterChain.java:162) ~[tomcat-embed-core-10.1.55.jar!/:na]
api1-1        | 	at org.apache.catalina.core.ApplicationFilterChain.doFilter(ApplicationFilterChain.java:138) ~[tomcat-embed-core-10.1.55.jar!/:na]
api1-1        | 	at org.springframework.web.filter.FormContentFilter.doFilterInternal(FormContentFilter.java:93) ~[spring-web-6.2.19.jar!/:6.2.19]
api1-1        | 	at org.springframework.web.filter.OncePerRequestFilter.doFilter(OncePerRequestFilter.java:116) ~[spring-web-6.2.19.jar!/:6.2.19]
api1-1        | 	at org.apache.catalina.core.ApplicationFilterChain.internalDoFilter(ApplicationFilterChain.java:162) ~[tomcat-embed-core-10.1.55.jar!/:na]
api1-1        | 	at org.apache.catalina.core.ApplicationFilterChain.doFilter(ApplicationFilterChain.java:138) ~[tomcat-embed-core-10.1.55.jar!/:na]
api1-1        | 	at org.springframework.web.filter.ServerHttpObservationFilter.doFilterInternal(ServerHttpObservationFilter.java:110) ~[spring-web-6.2.19.jar!/:6.2.19]
api1-1        | 	at org.springframework.web.filter.OncePerRequestFilter.doFilter(OncePerRequestFilter.java:116) ~[spring-web-6.2.19.jar!/:6.2.19]
nginx-1       | 172.20.0.1 - - [08/Sep/2026:16:17:01 +0000] "POST /api/orders/0353e07d-fad7-49d3-b8c0-3881907e4b36/payments HTTP/1.1" 202 96 "-" "k6/0.54.0 (https://k6.io/)"
nginx-1       | 172.20.0.1 - - [08/Sep/2026:16:17:01 +0000] "POST /api/purchases HTTP/1.1" 201 261 "-" "k6/0.54.0 (https://k6.io/)"
api1-1        | 	at org.apache.catalina.core.ApplicationFilterChain.internalDoFilter(ApplicationFilterChain.java:162) ~[tomcat-embed-core-10.1.55.jar!/:na]
api1-1        | 	at org.apache.catalina.core.ApplicationFilterChain.doFilter(ApplicationFilterChain.java:138) ~[tomcat-embed-core-10.1.55.jar!/:na]
api1-1        | 	at org.springframework.web.filter.CharacterEncodingFilter.doFilterInternal(CharacterEncodingFilter.java:201) ~[spring-web-6.2.19.jar!/:6.2.19]
api1-1        | 	at org.springframework.web.filter.OncePerRequestFilter.doFilter(OncePerRequestFilter.java:116) ~[spring-web-6.2.19.jar!/:6.2.19]
nginx-1       | 172.20.0.1 - - [08/Sep/2026:16:17:01 +0000] "POST /api/orders/33808a8f-bb9f-4a5e-bd6d-7dea400a0aaa/payments HTTP/1.1" 202 96 "-" "k6/0.54.0 (https://k6.io/)"
nginx-1       | 172.20.0.1 - - [08/Sep/2026:16:17:01 +0000] "POST /api/purchases HTTP/1.1" 201 261 "-" "k6/0.54.0 (https://k6.io/)"
api1-1        | 	at org.apache.catalina.core.ApplicationFilterChain.internalDoFilter(ApplicationFilterChain.java:162) ~[tomcat-embed-core-10.1.55.jar!/:na]
api1-1        | 	at org.apache.catalina.core.ApplicationFilterChain.doFilter(ApplicationFilterChain.java:138) ~[tomcat-embed-core-10.1.55.jar!/:na]
api1-1        | 	at org.apache.catalina.core.StandardWrapperValve.invoke(StandardWrapperValve.java:165) ~[tomcat-embed-core-10.1.55.jar!/:na]
api1-1        | 	at org.apache.catalina.core.StandardContextValve.invoke(StandardContextValve.java:88) ~[tomcat-embed-core-10.1.55.jar!/:na]
api1-1        | 	at org.apache.catalina.authenticator.AuthenticatorBase.invoke(AuthenticatorBase.java:492) ~[tomcat-embed-core-10.1.55.jar!/:na]
api1-1        | 	at org.apache.catalina.core.StandardHostValve.invoke(StandardHostValve.java:113) ~[tomcat-embed-core-10.1.55.jar!/:na]
api1-1        | 	at org.apache.catalina.valves.ErrorReportValve.invoke(ErrorReportValve.java:83) ~[tomcat-embed-core-10.1.55.jar!/:na]
api1-1        | 	at org.apache.catalina.core.StandardEngineValve.invoke(StandardEngineValve.java:72) ~[tomcat-embed-core-10.1.55.jar!/:na]
api1-1        | 	at org.apache.catalina.connector.CoyoteAdapter.service(CoyoteAdapter.java:342) ~[tomcat-embed-core-10.1.55.jar!/:na]
api1-1        | 	at org.apache.coyote.http11.Http11Processor.service(Http11Processor.java:399) ~[tomcat-embed-core-10.1.55.jar!/:na]
api1-1        | 	at org.apache.coyote.AbstractProcessorLight.process(AbstractProcessorLight.java:63) ~[tomcat-embed-core-10.1.55.jar!/:na]
api1-1        | 	at org.apache.coyote.AbstractProtocol$ConnectionHandler.process(AbstractProtocol.java:1272) ~[tomcat-embed-core-10.1.55.jar!/:na]
nginx-1       | 172.20.0.1 - - [08/Sep/2026:16:17:01 +0000] "POST /api/orders/6ceacfd5-1a63-43ec-975a-45d8316783c9/payments HTTP/1.1" 202 96 "-" "k6/0.54.0 (https://k6.io/)"
nginx-1       | 172.20.0.1 - - [08/Sep/2026:16:17:01 +0000] "POST /api/purchases HTTP/1.1" 201 261 "-" "k6/0.54.0 (https://k6.io/)"
nginx-1       | 172.20.0.1 - - [08/Sep/2026:16:17:01 +0000] "POST /api/orders/d694ce7e-fdbe-4b58-9197-2869ec2730ff/payments HTTP/1.1" 202 96 "-" "k6/0.54.0 (https://k6.io/)"
nginx-1       | 172.20.0.1 - - [08/Sep/2026:16:17:01 +0000] "POST /api/purchases HTTP/1.1" 201 261 "-" "k6/0.54.0 (https://k6.io/)"
api1-1        | 	at org.apache.tomcat.util.net.NioEndpoint$SocketProcessor.doRun(NioEndpoint.java:1797) ~[tomcat-embed-core-10.1.55.jar!/:na]
nginx-1       | 172.20.0.1 - - [08/Sep/2026:16:17:01 +0000] "POST /api/orders/8dfe2637-e9f5-4354-8f35-a21147e4da11/payments HTTP/1.1" 202 96 "-" "k6/0.54.0 (https://k6.io/)"
nginx-1       | 172.20.0.1 - - [08/Sep/2026:16:17:01 +0000] "POST /api/purchases HTTP/1.1" 201 261 "-" "k6/0.54.0 (https://k6.io/)"
nginx-1       | 172.20.0.1 - - [08/Sep/2026:16:17:01 +0000] "POST /api/orders/91f4b16c-3410-40a6-971c-db265f980665/payments HTTP/1.1" 202 96 "-" "k6/0.54.0 (https://k6.io/)"
nginx-1       | 172.20.0.1 - - [08/Sep/2026:16:17:01 +0000] "POST /api/purchases HTTP/1.1" 201 261 "-" "k6/0.54.0 (https://k6.io/)"
api1-1        | 	at org.apache.tomcat.util.net.SocketProcessorBase.run(SocketProcessorBase.java:52) ~[tomcat-embed-core-10.1.55.jar!/:na]
api1-1        | 	at org.apache.tomcat.util.threads.ThreadPoolExecutor.runWorker(ThreadPoolExecutor.java:973) ~[tomcat-embed-core-10.1.55.jar!/:na]
nginx-1       | 172.20.0.1 - - [08/Sep/2026:16:17:01 +0000] "POST /api/orders/757e5184-44fc-464f-b4ee-a257c1ceb55b/payments HTTP/1.1" 202 96 "-" "k6/0.54.0 (https://k6.io/)"
nginx-1       | 172.20.0.1 - - [08/Sep/2026:16:17:01 +0000] "POST /api/purchases HTTP/1.1" 201 261 "-" "k6/0.54.0 (https://k6.io/)"
api1-1        | 	at org.apache.tomcat.util.threads.ThreadPoolExecutor$Worker.run(ThreadPoolExecutor.java:491) ~[tomcat-embed-core-10.1.55.jar!/:na]
api1-1        | 	at org.apache.tomcat.util.threads.TaskThread$WrappingRunnable.run(TaskThread.java:63) ~[tomcat-embed-core-10.1.55.jar!/:na]
api1-1        | 	at java.base/java.lang.Thread.run(Unknown Source) ~[na:na]
api1-1        | 
api1-1        | 2026-09-08T16:16:57.325Z ERROR 1 --- [limited-goods] [nio-8080-exec-9] o.a.c.c.C.[.[.[/].[dispatcherServlet]    : Servlet.service() for servlet [dispatcherServlet] in context with path [] threw exception [Request processing failed: org.springframework.transaction.CannotCreateTransactionException: Could not open JPA EntityManager for transaction] with root cause
nginx-1       | 172.20.0.1 - - [08/Sep/2026:16:17:01 +0000] "POST /api/orders/08909453-f214-49bc-9296-f38006a46105/payments HTTP/1.1" 202 96 "-" "k6/0.54.0 (https://k6.io/)"
nginx-1       | 172.20.0.1 - - [08/Sep/2026:16:17:01 +0000] "POST /api/purchases HTTP/1.1" 201 261 "-" "k6/0.54.0 (https://k6.io/)"
nginx-1       | 172.20.0.1 - - [08/Sep/2026:16:17:01 +0000] "POST /api/orders/8bdee890-640d-4804-821b-500b3fc27c96/payments HTTP/1.1" 202 96 "-" "k6/0.54.0 (https://k6.io/)"
api1-1        | 
api1-1        | java.sql.SQLTransientConnectionException: HikariPool-1 - Connection is not available, request timed out after 1008ms (total=8, active=8, idle=0, waiting=9)
api1-1        | 	at com.zaxxer.hikari.pool.HikariPool.createTimeoutException(HikariPool.java:714) ~[HikariCP-6.3.3.jar!/:na]
api1-1        | 	at com.zaxxer.hikari.pool.HikariPool.getConnection(HikariPool.java:184) ~[HikariCP-6.3.3.jar!/:na]
api1-1        | 	at com.zaxxer.hikari.pool.HikariPool.getConnection(HikariPool.java:142) ~[HikariCP-6.3.3.jar!/:na]
api1-1        | 	at com.zaxxer.hikari.HikariDataSource.getConnection(HikariDataSource.java:127) ~[HikariCP-6.3.3.jar!/:na]
nginx-1       | 172.20.0.1 - - [08/Sep/2026:16:17:01 +0000] "POST /api/purchases HTTP/1.1" 201 261 "-" "k6/0.54.0 (https://k6.io/)"
nginx-1       | 172.20.0.1 - - [08/Sep/2026:16:17:01 +0000] "POST /api/orders/89eb6a3d-313b-419f-8959-5d8034a48de8/payments HTTP/1.1" 202 96 "-" "k6/0.54.0 (https://k6.io/)"
nginx-1       | 172.20.0.1 - - [08/Sep/2026:16:17:02 +0000] "POST /api/purchases HTTP/1.1" 201 261 "-" "k6/0.54.0 (https://k6.io/)"
nginx-1       | 172.20.0.1 - - [08/Sep/2026:16:17:02 +0000] "POST /api/orders/36cf19f6-b081-46c9-ba31-3fb54547f5bb/payments HTTP/1.1" 202 96 "-" "k6/0.54.0 (https://k6.io/)"
nginx-1       | 172.20.0.1 - - [08/Sep/2026:16:17:02 +0000] "POST /api/purchases HTTP/1.1" 201 261 "-" "k6/0.54.0 (https://k6.io/)"
nginx-1       | 172.20.0.1 - - [08/Sep/2026:16:17:02 +0000] "POST /api/orders/22677942-08d2-4d8b-82f1-6addf0a2703b/payments HTTP/1.1" 202 96 "-" "k6/0.54.0 (https://k6.io/)"
nginx-1       | 172.20.0.1 - - [08/Sep/2026:16:17:02 +0000] "POST /api/purchases HTTP/1.1" 201 261 "-" "k6/0.54.0 (https://k6.io/)"
api1-1        | 	at org.hibernate.engine.jdbc.connections.internal.DatasourceConnectionProviderImpl.getConnection(DatasourceConnectionProviderImpl.java:126) ~[hibernate-core-6.6.53.Final.jar!/:6.6.53.Final]
api1-1        | 	at org.hibernate.internal.NonContextualJdbcConnectionAccess.obtainConnection(NonContextualJdbcConnectionAccess.java:46) ~[hibernate-core-6.6.53.Final.jar!/:6.6.53.Final]
api1-1        | 	at org.hibernate.resource.jdbc.internal.LogicalConnectionManagedImpl.acquireConnectionIfNeeded(LogicalConnectionManagedImpl.java:126) ~[hibernate-core-6.6.53.Final.jar!/:6.6.53.Final]
nginx-1       | 172.20.0.1 - - [08/Sep/2026:16:17:02 +0000] "POST /api/orders/5705b8a9-365f-4880-a3b8-f4c784512f3d/payments HTTP/1.1" 202 96 "-" "k6/0.54.0 (https://k6.io/)"
api1-1        | 	at org.hibernate.resource.jdbc.internal.LogicalConnectionManagedImpl.getPhysicalConnection(LogicalConnectionManagedImpl.java:156) ~[hibernate-core-6.6.53.Final.jar!/:6.6.53.Final]
api1-1        | 	at org.hibernate.resource.jdbc.internal.LogicalConnectionManagedImpl.getConnectionForTransactionManagement(LogicalConnectionManagedImpl.java:286) ~[hibernate-core-6.6.53.Final.jar!/:6.6.53.Final]
api1-1        | 	at org.hibernate.resource.jdbc.internal.LogicalConnectionManagedImpl.begin(LogicalConnectionManagedImpl.java:294) ~[hibernate-core-6.6.53.Final.jar!/:6.6.53.Final]
api1-1        | 	at org.hibernate.resource.transaction.backend.jdbc.internal.JdbcResourceLocalTransactionCoordinatorImpl$TransactionDriverControlImpl.begin(JdbcResourceLocalTransactionCoordinatorImpl.java:232) ~[hibernate-core-6.6.53.Final.jar!/:6.6.53.Final]
api1-1        | 	at org.hibernate.engine.transaction.internal.TransactionImpl.begin(TransactionImpl.java:83) ~[hibernate-core-6.6.53.Final.jar!/:6.6.53.Final]
api1-1        | 	at org.springframework.orm.jpa.vendor.HibernateJpaDialect.beginTransaction(HibernateJpaDialect.java:176) ~[spring-orm-6.2.19.jar!/:6.2.19]
nginx-1       | 172.20.0.1 - - [08/Sep/2026:16:17:02 +0000] "POST /api/purchases HTTP/1.1" 201 261 "-" "k6/0.54.0 (https://k6.io/)"
nginx-1       | 172.20.0.1 - - [08/Sep/2026:16:17:02 +0000] "POST /api/orders/cd3785da-19bb-43c8-843d-a8bbd1f641a8/payments HTTP/1.1" 202 96 "-" "k6/0.54.0 (https://k6.io/)"
api1-1        | 	at org.springframework.orm.jpa.JpaTransactionManager.doBegin(JpaTransactionManager.java:421) ~[spring-orm-6.2.19.jar!/:6.2.19]
api1-1        | 	at org.springframework.transaction.support.AbstractPlatformTransactionManager.startTransaction(AbstractPlatformTransactionManager.java:532) ~[spring-tx-6.2.19.jar!/:6.2.19]
api1-1        | 	at org.springframework.transaction.support.AbstractPlatformTransactionManager.getTransaction(AbstractPlatformTransactionManager.java:405) ~[spring-tx-6.2.19.jar!/:6.2.19]
api1-1        | 	at org.springframework.transaction.interceptor.TransactionAspectSupport.createTransactionIfNecessary(TransactionAspectSupport.java:639) ~[spring-tx-6.2.19.jar!/:6.2.19]
api1-1        | 	at org.springframework.transaction.interceptor.TransactionAspectSupport.invokeWithinTransaction(TransactionAspectSupport.java:374) ~[spring-tx-6.2.19.jar!/:6.2.19]
api1-1        | 	at org.springframework.transaction.interceptor.TransactionInterceptor.invoke(TransactionInterceptor.java:119) ~[spring-tx-6.2.19.jar!/:6.2.19]
api1-1        | 	at org.springframework.aop.framework.ReflectiveMethodInvocation.proceed(ReflectiveMethodInvocation.java:184) ~[spring-aop-6.2.19.jar!/:6.2.19]
api1-1        | 	at org.springframework.aop.framework.CglibAopProxy$DynamicAdvisedInterceptor.intercept(CglibAopProxy.java:728) ~[spring-aop-6.2.19.jar!/:6.2.19]
api1-1        | 	at com.limitedgoods.payments.PaymentService$$SpringCGLIB$$0.start(<generated>) ~[!/:0.1.0]
nginx-1       | 172.20.0.1 - - [08/Sep/2026:16:17:02 +0000] "POST /api/purchases HTTP/1.1" 201 261 "-" "k6/0.54.0 (https://k6.io/)"
nginx-1       | 172.20.0.1 - - [08/Sep/2026:16:17:02 +0000] "POST /api/orders/825a04ca-b798-4f5a-be46-4caee36a1211/payments HTTP/1.1" 202 96 "-" "k6/0.54.0 (https://k6.io/)"
nginx-1       | 172.20.0.1 - - [08/Sep/2026:16:17:02 +0000] "POST /api/purchases HTTP/1.1" 201 261 "-" "k6/0.54.0 (https://k6.io/)"
api1-1        | 	at com.limitedgoods.payments.PaymentController.start(PaymentController.java:19) ~[!/:0.1.0]
api1-1        | 	at java.base/jdk.internal.reflect.DirectMethodHandleAccessor.invoke(Unknown Source) ~[na:na]
api1-1        | 	at java.base/java.lang.reflect.Method.invoke(Unknown Source) ~[na:na]
nginx-1       | 172.20.0.1 - - [08/Sep/2026:16:17:02 +0000] "POST /api/orders/5c3a39dd-f222-469d-93c2-6d4feb1d84c7/payments HTTP/1.1" 202 96 "-" "k6/0.54.0 (https://k6.io/)"
nginx-1       | 172.20.0.1 - - [08/Sep/2026:16:17:02 +0000] "POST /api/purchases HTTP/1.1" 201 261 "-" "k6/0.54.0 (https://k6.io/)"
nginx-1       | 172.20.0.1 - - [08/Sep/2026:16:17:02 +0000] "POST /api/orders/818eafb4-e9aa-46d1-bca4-a9d00a3efc6e/payments HTTP/1.1" 202 96 "-" "k6/0.54.0 (https://k6.io/)"
nginx-1       | 172.20.0.1 - - [08/Sep/2026:16:17:02 +0000] "POST /api/purchases HTTP/1.1" 201 261 "-" "k6/0.54.0 (https://k6.io/)"
nginx-1       | 172.20.0.1 - - [08/Sep/2026:16:17:02 +0000] "POST /api/orders/167f4385-a18f-4351-a1e8-04bca143a543/payments HTTP/1.1" 202 96 "-" "k6/0.54.0 (https://k6.io/)"
nginx-1       | 172.20.0.1 - - [08/Sep/2026:16:17:02 +0000] "POST /api/purchases HTTP/1.1" 201 261 "-" "k6/0.54.0 (https://k6.io/)"
nginx-1       | 172.20.0.1 - - [08/Sep/2026:16:17:02 +0000] "POST /api/orders/c04cbcbb-0a2a-4b18-a1d0-679410ea52be/payments HTTP/1.1" 202 96 "-" "k6/0.54.0 (https://k6.io/)"
nginx-1       | 172.20.0.1 - - [08/Sep/2026:16:17:02 +0000] "POST /api/purchases HTTP/1.1" 201 261 "-" "k6/0.54.0 (https://k6.io/)"
api1-1        | 	at org.springframework.web.method.support.InvocableHandlerMethod.doInvoke(InvocableHandlerMethod.java:258) ~[spring-web-6.2.19.jar!/:6.2.19]
nginx-1       | 172.20.0.1 - - [08/Sep/2026:16:17:02 +0000] "POST /api/orders/76021b2b-9b9f-4628-b36e-825e212d43c3/payments HTTP/1.1" 202 96 "-" "k6/0.54.0 (https://k6.io/)"
nginx-1       | 172.20.0.1 - - [08/Sep/2026:16:17:03 +0000] "POST /api/purchases HTTP/1.1" 201 261 "-" "k6/0.54.0 (https://k6.io/)"
nginx-1       | 172.20.0.1 - - [08/Sep/2026:16:17:03 +0000] "POST /api/orders/2ce96746-fb8d-48c3-a34f-23425c6fe4de/payments HTTP/1.1" 202 96 "-" "k6/0.54.0 (https://k6.io/)"
nginx-1       | 172.20.0.1 - - [08/Sep/2026:16:17:03 +0000] "POST /api/purchases HTTP/1.1" 201 261 "-" "k6/0.54.0 (https://k6.io/)"
api1-1        | 	at org.springframework.web.method.support.InvocableHandlerMethod.invokeForRequest(InvocableHandlerMethod.java:191) ~[spring-web-6.2.19.jar!/:6.2.19]
api1-1        | 	at org.springframework.web.servlet.mvc.method.annotation.ServletInvocableHandlerMethod.invokeAndHandle(ServletInvocableHandlerMethod.java:118) ~[spring-webmvc-6.2.19.jar!/:6.2.19]
nginx-1       | 172.20.0.1 - - [08/Sep/2026:16:17:03 +0000] "POST /api/orders/6b47dad1-7e5a-467f-85df-a2531f3b62e9/payments HTTP/1.1" 202 96 "-" "k6/0.54.0 (https://k6.io/)"
nginx-1       | 172.20.0.1 - - [08/Sep/2026:16:17:03 +0000] "POST /api/purchases HTTP/1.1" 201 261 "-" "k6/0.54.0 (https://k6.io/)"
nginx-1       | 172.20.0.1 - - [08/Sep/2026:16:17:03 +0000] "POST /api/orders/faf2ece9-9f3a-4961-8d25-8a3aefd96b10/payments HTTP/1.1" 202 96 "-" "k6/0.54.0 (https://k6.io/)"
nginx-1       | 172.20.0.1 - - [08/Sep/2026:16:17:03 +0000] "POST /api/purchases HTTP/1.1" 201 261 "-" "k6/0.54.0 (https://k6.io/)"
nginx-1       | 172.20.0.1 - - [08/Sep/2026:16:17:03 +0000] "POST /api/orders/5c2b8a64-2cad-462f-ba53-21f384c7e0c0/payments HTTP/1.1" 202 96 "-" "k6/0.54.0 (https://k6.io/)"
nginx-1       | 172.20.0.1 - - [08/Sep/2026:16:17:03 +0000] "POST /api/purchases HTTP/1.1" 201 261 "-" "k6/0.54.0 (https://k6.io/)"
nginx-1       | 172.20.0.1 - - [08/Sep/2026:16:17:03 +0000] "POST /api/orders/71c6f3c8-8913-40d0-b758-6ab36cc8a070/payments HTTP/1.1" 202 96 "-" "k6/0.54.0 (https://k6.io/)"
api1-1        | 	at org.springframework.web.servlet.mvc.method.annotation.RequestMappingHandlerAdapter.invokeHandlerMethod(RequestMappingHandlerAdapter.java:991) ~[spring-webmvc-6.2.19.jar!/:6.2.19]
api1-1        | 	at org.springframework.web.servlet.mvc.method.annotation.RequestMappingHandlerAdapter.handleInternal(RequestMappingHandlerAdapter.java:896) ~[spring-webmvc-6.2.19.jar!/:6.2.19]
api1-1        | 	at org.springframework.web.servlet.mvc.method.AbstractHandlerMethodAdapter.handle(AbstractHandlerMethodAdapter.java:87) ~[spring-webmvc-6.2.19.jar!/:6.2.19]
api1-1        | 	at org.springframework.web.servlet.DispatcherServlet.doDispatch(DispatcherServlet.java:1089) ~[spring-webmvc-6.2.19.jar!/:6.2.19]
api1-1        | 	at org.springframework.web.servlet.DispatcherServlet.doService(DispatcherServlet.java:979) ~[spring-webmvc-6.2.19.jar!/:6.2.19]
api1-1        | 	at org.springframework.web.servlet.FrameworkServlet.processRequest(FrameworkServlet.java:1014) ~[spring-webmvc-6.2.19.jar!/:6.2.19]
api1-1        | 	at org.springframework.web.servlet.FrameworkServlet.doPost(FrameworkServlet.java:914) ~[spring-webmvc-6.2.19.jar!/:6.2.19]
api1-1        | 	at jakarta.servlet.http.HttpServlet.service(HttpServlet.java:590) ~[tomcat-embed-core-10.1.55.jar!/:na]
api1-1        | 	at org.springframework.web.servlet.FrameworkServlet.service(FrameworkServlet.java:885) ~[spring-webmvc-6.2.19.jar!/:6.2.19]
api1-1        | 	at jakarta.servlet.http.HttpServlet.service(HttpServlet.java:658) ~[tomcat-embed-core-10.1.55.jar!/:na]
api1-1        | 	at org.apache.catalina.core.ApplicationFilterChain.internalDoFilter(ApplicationFilterChain.java:193) ~[tomcat-embed-core-10.1.55.jar!/:na]
api1-1        | 	at org.apache.catalina.core.ApplicationFilterChain.doFilter(ApplicationFilterChain.java:138) ~[tomcat-embed-core-10.1.55.jar!/:na]
nginx-1       | 172.20.0.1 - - [08/Sep/2026:16:17:03 +0000] "POST /api/purchases HTTP/1.1" 201 261 "-" "k6/0.54.0 (https://k6.io/)"
nginx-1       | 172.20.0.1 - - [08/Sep/2026:16:17:03 +0000] "POST /api/orders/7c15b79c-b146-4dcd-b7fe-871540a81e9b/payments HTTP/1.1" 202 96 "-" "k6/0.54.0 (https://k6.io/)"
nginx-1       | 172.20.0.1 - - [08/Sep/2026:16:17:03 +0000] "POST /api/purchases HTTP/1.1" 201 261 "-" "k6/0.54.0 (https://k6.io/)"
api1-1        | 	at org.apache.tomcat.websocket.server.WsFilter.doFilter(WsFilter.java:51) ~[tomcat-embed-websocket-10.1.55.jar!/:na]
api1-1        | 	at org.apache.catalina.core.ApplicationFilterChain.internalDoFilter(ApplicationFilterChain.java:162) ~[tomcat-embed-core-10.1.55.jar!/:na]
api1-1        | 	at org.apache.catalina.core.ApplicationFilterChain.doFilter(ApplicationFilterChain.java:138) ~[tomcat-embed-core-10.1.55.jar!/:na]
api1-1        | 	at org.springframework.web.filter.RequestContextFilter.doFilterInternal(RequestContextFilter.java:100) ~[spring-web-6.2.19.jar!/:6.2.19]
api1-1        | 	at org.springframework.web.filter.OncePerRequestFilter.doFilter(OncePerRequestFilter.java:116) ~[spring-web-6.2.19.jar!/:6.2.19]
api1-1        | 	at org.apache.catalina.core.ApplicationFilterChain.internalDoFilter(ApplicationFilterChain.java:162) ~[tomcat-embed-core-10.1.55.jar!/:na]
api1-1        | 	at org.apache.catalina.core.ApplicationFilterChain.doFilter(ApplicationFilterChain.java:138) ~[tomcat-embed-core-10.1.55.jar!/:na]
api1-1        | 	at org.springframework.web.filter.FormContentFilter.doFilterInternal(FormContentFilter.java:93) ~[spring-web-6.2.19.jar!/:6.2.19]
api1-1        | 	at org.springframework.web.filter.OncePerRequestFilter.doFilter(OncePerRequestFilter.java:116) ~[spring-web-6.2.19.jar!/:6.2.19]
api1-1        | 	at org.apache.catalina.core.ApplicationFilterChain.internalDoFilter(ApplicationFilterChain.java:162) ~[tomcat-embed-core-10.1.55.jar!/:na]
nginx-1       | 172.20.0.1 - - [08/Sep/2026:16:17:03 +0000] "POST /api/orders/bc56bdde-6de0-4d0a-b79b-f1c05e5178d2/payments HTTP/1.1" 202 96 "-" "k6/0.54.0 (https://k6.io/)"
api1-1        | 	at org.apache.catalina.core.ApplicationFilterChain.doFilter(ApplicationFilterChain.java:138) ~[tomcat-embed-core-10.1.55.jar!/:na]
nginx-1       | 172.20.0.1 - - [08/Sep/2026:16:17:03 +0000] "POST /api/purchases HTTP/1.1" 201 261 "-" "k6/0.54.0 (https://k6.io/)"
api1-1        | 	at org.springframework.web.filter.ServerHttpObservationFilter.doFilterInternal(ServerHttpObservationFilter.java:110) ~[spring-web-6.2.19.jar!/:6.2.19]
api1-1        | 	at org.springframework.web.filter.OncePerRequestFilter.doFilter(OncePerRequestFilter.java:116) ~[spring-web-6.2.19.jar!/:6.2.19]
api1-1        | 	at org.apache.catalina.core.ApplicationFilterChain.internalDoFilter(ApplicationFilterChain.java:162) ~[tomcat-embed-core-10.1.55.jar!/:na]
api1-1        | 	at org.apache.catalina.core.ApplicationFilterChain.doFilter(ApplicationFilterChain.java:138) ~[tomcat-embed-core-10.1.55.jar!/:na]
api1-1        | 	at org.springframework.web.filter.CharacterEncodingFilter.doFilterInternal(CharacterEncodingFilter.java:201) ~[spring-web-6.2.19.jar!/:6.2.19]
api1-1        | 	at org.springframework.web.filter.OncePerRequestFilter.doFilter(OncePerRequestFilter.java:116) ~[spring-web-6.2.19.jar!/:6.2.19]
nginx-1       | 172.20.0.1 - - [08/Sep/2026:16:17:03 +0000] "POST /api/orders/2dff4b33-c2de-46ce-b9cd-92a6ba3f2e3e/payments HTTP/1.1" 202 96 "-" "k6/0.54.0 (https://k6.io/)"
nginx-1       | 172.20.0.1 - - [08/Sep/2026:16:17:03 +0000] "POST /api/purchases HTTP/1.1" 201 261 "-" "k6/0.54.0 (https://k6.io/)"
nginx-1       | 172.20.0.1 - - [08/Sep/2026:16:17:03 +0000] "POST /api/orders/362c0745-a05b-428a-a2c2-b8f94c8de4d7/payments HTTP/1.1" 202 96 "-" "k6/0.54.0 (https://k6.io/)"
api1-1        | 	at org.apache.catalina.core.ApplicationFilterChain.internalDoFilter(ApplicationFilterChain.java:162) ~[tomcat-embed-core-10.1.55.jar!/:na]
api1-1        | 	at org.apache.catalina.core.ApplicationFilterChain.doFilter(ApplicationFilterChain.java:138) ~[tomcat-embed-core-10.1.55.jar!/:na]
api1-1        | 	at org.apache.catalina.core.StandardWrapperValve.invoke(StandardWrapperValve.java:165) ~[tomcat-embed-core-10.1.55.jar!/:na]
nginx-1       | 172.20.0.1 - - [08/Sep/2026:16:17:03 +0000] "POST /api/purchases HTTP/1.1" 201 261 "-" "k6/0.54.0 (https://k6.io/)"
nginx-1       | 172.20.0.1 - - [08/Sep/2026:16:17:03 +0000] "POST /api/orders/fa953ce0-793b-44d9-a646-38adbb025560/payments HTTP/1.1" 202 96 "-" "k6/0.54.0 (https://k6.io/)"
api1-1        | 	at org.apache.catalina.core.StandardContextValve.invoke(StandardContextValve.java:88) ~[tomcat-embed-core-10.1.55.jar!/:na]
api1-1        | 	at org.apache.catalina.authenticator.AuthenticatorBase.invoke(AuthenticatorBase.java:492) ~[tomcat-embed-core-10.1.55.jar!/:na]
nginx-1       | 172.20.0.1 - - [08/Sep/2026:16:17:04 +0000] "POST /api/purchases HTTP/1.1" 201 261 "-" "k6/0.54.0 (https://k6.io/)"
nginx-1       | 172.20.0.1 - - [08/Sep/2026:16:17:04 +0000] "POST /api/orders/76b48010-fc10-457d-aff0-896bdfd53511/payments HTTP/1.1" 202 96 "-" "k6/0.54.0 (https://k6.io/)"
api1-1        | 	at org.apache.catalina.core.StandardHostValve.invoke(StandardHostValve.java:113) ~[tomcat-embed-core-10.1.55.jar!/:na]
api1-1        | 	at org.apache.catalina.valves.ErrorReportValve.invoke(ErrorReportValve.java:83) ~[tomcat-embed-core-10.1.55.jar!/:na]
api1-1        | 	at org.apache.catalina.core.StandardEngineValve.invoke(StandardEngineValve.java:72) ~[tomcat-embed-core-10.1.55.jar!/:na]
api1-1        | 	at org.apache.catalina.connector.CoyoteAdapter.service(CoyoteAdapter.java:342) ~[tomcat-embed-core-10.1.55.jar!/:na]
api1-1        | 	at org.apache.coyote.http11.Http11Processor.service(Http11Processor.java:399) ~[tomcat-embed-core-10.1.55.jar!/:na]
api1-1        | 	at org.apache.coyote.AbstractProcessorLight.process(AbstractProcessorLight.java:63) ~[tomcat-embed-core-10.1.55.jar!/:na]
api1-1        | 	at org.apache.coyote.AbstractProtocol$ConnectionHandler.process(AbstractProtocol.java:1272) ~[tomcat-embed-core-10.1.55.jar!/:na]
api1-1        | 	at org.apache.tomcat.util.net.NioEndpoint$SocketProcessor.doRun(NioEndpoint.java:1797) ~[tomcat-embed-core-10.1.55.jar!/:na]
api1-1        | 	at org.apache.tomcat.util.net.SocketProcessorBase.run(SocketProcessorBase.java:52) ~[tomcat-embed-core-10.1.55.jar!/:na]
api1-1        | 	at org.apache.tomcat.util.threads.ThreadPoolExecutor.runWorker(ThreadPoolExecutor.java:973) ~[tomcat-embed-core-10.1.55.jar!/:na]
api1-1        | 	at org.apache.tomcat.util.threads.ThreadPoolExecutor$Worker.run(ThreadPoolExecutor.java:491) ~[tomcat-embed-core-10.1.55.jar!/:na]
api1-1        | 	at org.apache.tomcat.util.threads.TaskThread$WrappingRunnable.run(TaskThread.java:63) ~[tomcat-embed-core-10.1.55.jar!/:na]
api1-1        | 	at java.base/java.lang.Thread.run(Unknown Source) ~[na:na]
api1-1        | 
nginx-1       | 172.20.0.1 - - [08/Sep/2026:16:17:04 +0000] "POST /api/purchases HTTP/1.1" 201 261 "-" "k6/0.54.0 (https://k6.io/)"
nginx-1       | 172.20.0.1 - - [08/Sep/2026:16:17:04 +0000] "POST /api/orders/b06e641e-5726-41ce-8581-c7c843040ade/payments HTTP/1.1" 202 96 "-" "k6/0.54.0 (https://k6.io/)"
nginx-1       | 172.20.0.1 - - [08/Sep/2026:16:17:04 +0000] "POST /api/purchases HTTP/1.1" 201 261 "-" "k6/0.54.0 (https://k6.io/)"
nginx-1       | 172.20.0.1 - - [08/Sep/2026:16:17:04 +0000] "POST /api/orders/c6b5e01a-5689-4ede-a23e-e48906421ee0/payments HTTP/1.1" 202 96 "-" "k6/0.54.0 (https://k6.io/)"
nginx-1       | 172.20.0.1 - - [08/Sep/2026:16:17:04 +0000] "POST /api/purchases HTTP/1.1" 201 261 "-" "k6/0.54.0 (https://k6.io/)"
nginx-1       | 172.20.0.1 - - [08/Sep/2026:16:17:04 +0000] "POST /api/orders/4675e09f-cbc9-4b7d-a2a7-3482c8e861d4/payments HTTP/1.1" 202 96 "-" "k6/0.54.0 (https://k6.io/)"
nginx-1       | 172.20.0.1 - - [08/Sep/2026:16:17:04 +0000] "POST /api/purchases HTTP/1.1" 201 261 "-" "k6/0.54.0 (https://k6.io/)"
nginx-1       | 172.20.0.1 - - [08/Sep/2026:16:17:04 +0000] "POST /api/orders/6225e1a4-5db7-416b-9156-eb702e430188/payments HTTP/1.1" 202 96 "-" "k6/0.54.0 (https://k6.io/)"
nginx-1       | 172.20.0.1 - - [08/Sep/2026:16:17:04 +0000] "POST /api/purchases HTTP/1.1" 201 261 "-" "k6/0.54.0 (https://k6.io/)"
nginx-1       | 172.20.0.1 - - [08/Sep/2026:16:17:04 +0000] "POST /api/orders/aaeb42c7-4ddf-44c9-b2fe-e1e77e65c876/payments HTTP/1.1" 202 96 "-" "k6/0.54.0 (https://k6.io/)"
nginx-1       | 172.20.0.1 - - [08/Sep/2026:16:17:04 +0000] "POST /api/purchases HTTP/1.1" 201 261 "-" "k6/0.54.0 (https://k6.io/)"
nginx-1       | 172.20.0.1 - - [08/Sep/2026:16:17:04 +0000] "POST /api/orders/1900d3a1-3c91-44ef-9efc-dd36416964d7/payments HTTP/1.1" 202 96 "-" "k6/0.54.0 (https://k6.io/)"
nginx-1       | 172.20.0.1 - - [08/Sep/2026:16:17:04 +0000] "POST /api/purchases HTTP/1.1" 201 261 "-" "k6/0.54.0 (https://k6.io/)"
nginx-1       | 172.20.0.1 - - [08/Sep/2026:16:17:04 +0000] "POST /api/orders/ee913341-7bfc-4535-832c-a671d53a1259/payments HTTP/1.1" 202 96 "-" "k6/0.54.0 (https://k6.io/)"
nginx-1       | 172.20.0.1 - - [08/Sep/2026:16:17:04 +0000] "POST /api/purchases HTTP/1.1" 201 261 "-" "k6/0.54.0 (https://k6.io/)"
nginx-1       | 172.20.0.1 - - [08/Sep/2026:16:17:04 +0000] "POST /api/orders/5e5d44f8-99e5-4796-bcef-7f49f120222b/payments HTTP/1.1" 202 96 "-" "k6/0.54.0 (https://k6.io/)"
nginx-1       | 172.20.0.1 - - [08/Sep/2026:16:17:04 +0000] "POST /api/purchases HTTP/1.1" 201 261 "-" "k6/0.54.0 (https://k6.io/)"
nginx-1       | 172.20.0.1 - - [08/Sep/2026:16:17:04 +0000] "POST /api/orders/d7aee36b-16d8-4733-8189-78731a1ba5b0/payments HTTP/1.1" 202 96 "-" "k6/0.54.0 (https://k6.io/)"
nginx-1       | 172.20.0.1 - - [08/Sep/2026:16:17:05 +0000] "POST /api/purchases HTTP/1.1" 201 261 "-" "k6/0.54.0 (https://k6.io/)"
nginx-1       | 172.20.0.1 - - [08/Sep/2026:16:17:05 +0000] "POST /api/orders/23c41359-dfbb-484b-9fc5-b2964f25730b/payments HTTP/1.1" 202 96 "-" "k6/0.54.0 (https://k6.io/)"
nginx-1       | 172.20.0.1 - - [08/Sep/2026:16:17:05 +0000] "POST /api/purchases HTTP/1.1" 201 261 "-" "k6/0.54.0 (https://k6.io/)"
nginx-1       | 172.20.0.1 - - [08/Sep/2026:16:17:05 +0000] "POST /api/orders/0f15043c-1365-49e5-a45e-b3e3d2b1b80b/payments HTTP/1.1" 202 96 "-" "k6/0.54.0 (https://k6.io/)"
nginx-1       | 172.20.0.1 - - [08/Sep/2026:16:17:05 +0000] "POST /api/purchases HTTP/1.1" 201 261 "-" "k6/0.54.0 (https://k6.io/)"
nginx-1       | 172.20.0.1 - - [08/Sep/2026:16:17:05 +0000] "POST /api/orders/01c88579-c0ac-4a4d-bf56-a0d451c82db0/payments HTTP/1.1" 202 96 "-" "k6/0.54.0 (https://k6.io/)"
nginx-1       | 172.20.0.1 - - [08/Sep/2026:16:17:05 +0000] "POST /api/purchases HTTP/1.1" 201 261 "-" "k6/0.54.0 (https://k6.io/)"
nginx-1       | 172.20.0.1 - - [08/Sep/2026:16:17:05 +0000] "POST /api/orders/93b447f6-54ca-4089-9e9c-c025b0ed50cb/payments HTTP/1.1" 202 96 "-" "k6/0.54.0 (https://k6.io/)"
nginx-1       | 172.20.0.1 - - [08/Sep/2026:16:17:05 +0000] "POST /api/purchases HTTP/1.1" 201 261 "-" "k6/0.54.0 (https://k6.io/)"
nginx-1       | 172.20.0.1 - - [08/Sep/2026:16:17:05 +0000] "POST /api/orders/69154e1e-23bc-4c1a-87ed-917e6b7e5322/payments HTTP/1.1" 202 96 "-" "k6/0.54.0 (https://k6.io/)"
nginx-1       | 172.20.0.1 - - [08/Sep/2026:16:17:05 +0000] "POST /api/purchases HTTP/1.1" 201 261 "-" "k6/0.54.0 (https://k6.io/)"
nginx-1       | 172.20.0.1 - - [08/Sep/2026:16:17:05 +0000] "POST /api/orders/cbcdef2e-307a-4c6a-9273-3100f6a12dea/payments HTTP/1.1" 202 96 "-" "k6/0.54.0 (https://k6.io/)"
nginx-1       | 172.20.0.1 - - [08/Sep/2026:16:17:05 +0000] "POST /api/purchases HTTP/1.1" 201 261 "-" "k6/0.54.0 (https://k6.io/)"
nginx-1       | 172.20.0.1 - - [08/Sep/2026:16:17:05 +0000] "POST /api/orders/f1b7e629-5500-4bdf-8ea7-b77c4e0559e0/payments HTTP/1.1" 202 96 "-" "k6/0.54.0 (https://k6.io/)"
nginx-1       | 172.20.0.1 - - [08/Sep/2026:16:17:05 +0000] "POST /api/purchases HTTP/1.1" 201 261 "-" "k6/0.54.0 (https://k6.io/)"
nginx-1       | 172.20.0.1 - - [08/Sep/2026:16:17:05 +0000] "POST /api/orders/68cfbedf-2762-4b89-aff4-11d3a1197c24/payments HTTP/1.1" 202 96 "-" "k6/0.54.0 (https://k6.io/)"
nginx-1       | 172.20.0.1 - - [08/Sep/2026:16:17:05 +0000] "POST /api/purchases HTTP/1.1" 201 261 "-" "k6/0.54.0 (https://k6.io/)"
nginx-1       | 172.20.0.1 - - [08/Sep/2026:16:17:05 +0000] "POST /api/orders/8b7b4771-b532-4455-ad4a-3e1ca64e7cea/payments HTTP/1.1" 202 96 "-" "k6/0.54.0 (https://k6.io/)"
nginx-1       | 172.20.0.1 - - [08/Sep/2026:16:17:05 +0000] "POST /api/purchases HTTP/1.1" 201 261 "-" "k6/0.54.0 (https://k6.io/)"
nginx-1       | 172.20.0.1 - - [08/Sep/2026:16:17:05 +0000] "POST /api/orders/477dd827-58dc-4a14-92d6-1de882487e04/payments HTTP/1.1" 202 96 "-" "k6/0.54.0 (https://k6.io/)"
nginx-1       | 172.20.0.1 - - [08/Sep/2026:16:17:06 +0000] "POST /api/purchases HTTP/1.1" 201 261 "-" "k6/0.54.0 (https://k6.io/)"
nginx-1       | 172.20.0.1 - - [08/Sep/2026:16:17:06 +0000] "POST /api/orders/a1de025f-fc45-46e0-a754-1b20fdd25cad/payments HTTP/1.1" 202 96 "-" "k6/0.54.0 (https://k6.io/)"
nginx-1       | 172.20.0.1 - - [08/Sep/2026:16:17:06 +0000] "POST /api/purchases HTTP/1.1" 201 261 "-" "k6/0.54.0 (https://k6.io/)"
nginx-1       | 172.20.0.1 - - [08/Sep/2026:16:17:06 +0000] "POST /api/orders/c2127901-372c-4159-97f5-49431448eaba/payments HTTP/1.1" 202 96 "-" "k6/0.54.0 (https://k6.io/)"
nginx-1       | 172.20.0.1 - - [08/Sep/2026:16:17:06 +0000] "POST /api/purchases HTTP/1.1" 201 261 "-" "k6/0.54.0 (https://k6.io/)"
nginx-1       | 172.20.0.1 - - [08/Sep/2026:16:17:06 +0000] "POST /api/orders/43e782d3-4109-49b8-a2e1-037c96918fbe/payments HTTP/1.1" 202 96 "-" "k6/0.54.0 (https://k6.io/)"
nginx-1       | 172.20.0.1 - - [08/Sep/2026:16:17:06 +0000] "POST /api/purchases HTTP/1.1" 201 261 "-" "k6/0.54.0 (https://k6.io/)"
nginx-1       | 172.20.0.1 - - [08/Sep/2026:16:17:06 +0000] "POST /api/orders/25a520dd-b7ec-4522-bb93-be5db225eadd/payments HTTP/1.1" 202 96 "-" "k6/0.54.0 (https://k6.io/)"
nginx-1       | 172.20.0.1 - - [08/Sep/2026:16:17:06 +0000] "POST /api/purchases HTTP/1.1" 201 261 "-" "k6/0.54.0 (https://k6.io/)"
nginx-1       | 172.20.0.1 - - [08/Sep/2026:16:17:06 +0000] "POST /api/orders/3d1d04b4-4419-4465-807e-f1534b25e89d/payments HTTP/1.1" 202 96 "-" "k6/0.54.0 (https://k6.io/)"
nginx-1       | 172.20.0.1 - - [08/Sep/2026:16:17:06 +0000] "POST /api/purchases HTTP/1.1" 201 261 "-" "k6/0.54.0 (https://k6.io/)"
nginx-1       | 172.20.0.1 - - [08/Sep/2026:16:17:06 +0000] "POST /api/orders/fa2d5935-1c36-4647-9d3d-d5b1c7b64c86/payments HTTP/1.1" 202 96 "-" "k6/0.54.0 (https://k6.io/)"
nginx-1       | 172.20.0.1 - - [08/Sep/2026:16:17:06 +0000] "POST /api/purchases HTTP/1.1" 201 261 "-" "k6/0.54.0 (https://k6.io/)"
nginx-1       | 172.20.0.1 - - [08/Sep/2026:16:17:06 +0000] "POST /api/orders/a3d0533b-1882-4153-94dd-a8118b50ed84/payments HTTP/1.1" 202 96 "-" "k6/0.54.0 (https://k6.io/)"
nginx-1       | 172.20.0.1 - - [08/Sep/2026:16:17:06 +0000] "POST /api/purchases HTTP/1.1" 201 261 "-" "k6/0.54.0 (https://k6.io/)"
nginx-1       | 172.20.0.1 - - [08/Sep/2026:16:17:06 +0000] "POST /api/orders/dcf3e925-94fa-44f2-a9c0-fe71b39cfd45/payments HTTP/1.1" 202 96 "-" "k6/0.54.0 (https://k6.io/)"
nginx-1       | 172.20.0.1 - - [08/Sep/2026:16:17:06 +0000] "POST /api/purchases HTTP/1.1" 201 261 "-" "k6/0.54.0 (https://k6.io/)"
nginx-1       | 172.20.0.1 - - [08/Sep/2026:16:17:06 +0000] "POST /api/orders/88df4040-76b1-4baa-8556-45f85ba0af98/payments HTTP/1.1" 202 96 "-" "k6/0.54.0 (https://k6.io/)"
nginx-1       | 172.20.0.1 - - [08/Sep/2026:16:17:06 +0000] "POST /api/purchases HTTP/1.1" 201 261 "-" "k6/0.54.0 (https://k6.io/)"
nginx-1       | 172.20.0.1 - - [08/Sep/2026:16:17:06 +0000] "POST /api/orders/d4258969-4e8d-49ed-aeca-5a3ec62069fe/payments HTTP/1.1" 202 96 "-" "k6/0.54.0 (https://k6.io/)"
nginx-1       | 172.20.0.1 - - [08/Sep/2026:16:17:07 +0000] "POST /api/purchases HTTP/1.1" 201 261 "-" "k6/0.54.0 (https://k6.io/)"
nginx-1       | 172.20.0.1 - - [08/Sep/2026:16:17:07 +0000] "POST /api/orders/20df37ef-f8bb-4fe2-b2bb-4dfe5b4de03d/payments HTTP/1.1" 202 96 "-" "k6/0.54.0 (https://k6.io/)"
nginx-1       | 172.20.0.1 - - [08/Sep/2026:16:17:07 +0000] "POST /api/purchases HTTP/1.1" 201 261 "-" "k6/0.54.0 (https://k6.io/)"
nginx-1       | 172.20.0.1 - - [08/Sep/2026:16:17:07 +0000] "POST /api/orders/a76227fb-e1dc-449d-aa19-d20d14549d32/payments HTTP/1.1" 202 96 "-" "k6/0.54.0 (https://k6.io/)"
nginx-1       | 172.20.0.1 - - [08/Sep/2026:16:17:07 +0000] "POST /api/purchases HTTP/1.1" 201 261 "-" "k6/0.54.0 (https://k6.io/)"
nginx-1       | 172.20.0.1 - - [08/Sep/2026:16:17:07 +0000] "POST /api/orders/8146d40c-e413-4be9-8d32-28814e4b6ada/payments HTTP/1.1" 202 96 "-" "k6/0.54.0 (https://k6.io/)"
nginx-1       | 172.20.0.1 - - [08/Sep/2026:16:17:07 +0000] "POST /api/purchases HTTP/1.1" 201 261 "-" "k6/0.54.0 (https://k6.io/)"
nginx-1       | 172.20.0.1 - - [08/Sep/2026:16:17:07 +0000] "POST /api/orders/39a90058-d244-40fd-a92c-aa4c074be5a0/payments HTTP/1.1" 202 96 "-" "k6/0.54.0 (https://k6.io/)"
nginx-1       | 172.20.0.1 - - [08/Sep/2026:16:17:07 +0000] "POST /api/purchases HTTP/1.1" 201 261 "-" "k6/0.54.0 (https://k6.io/)"
nginx-1       | 172.20.0.1 - - [08/Sep/2026:16:17:07 +0000] "POST /api/orders/7165c435-d5ae-420f-ba25-7d139b84667f/payments HTTP/1.1" 202 96 "-" "k6/0.54.0 (https://k6.io/)"
nginx-1       | 172.20.0.1 - - [08/Sep/2026:16:17:07 +0000] "POST /api/purchases HTTP/1.1" 201 261 "-" "k6/0.54.0 (https://k6.io/)"
nginx-1       | 172.20.0.1 - - [08/Sep/2026:16:17:07 +0000] "POST /api/orders/e5535591-99fb-4bf4-aa04-36de77ccd6b6/payments HTTP/1.1" 202 96 "-" "k6/0.54.0 (https://k6.io/)"
nginx-1       | 172.20.0.1 - - [08/Sep/2026:16:17:07 +0000] "POST /api/purchases HTTP/1.1" 201 261 "-" "k6/0.54.0 (https://k6.io/)"
nginx-1       | 172.20.0.1 - - [08/Sep/2026:16:17:07 +0000] "POST /api/orders/61ebdfac-541e-4c66-9fcd-a249bf27a777/payments HTTP/1.1" 202 96 "-" "k6/0.54.0 (https://k6.io/)"
nginx-1       | 172.20.0.1 - - [08/Sep/2026:16:17:07 +0000] "POST /api/purchases HTTP/1.1" 201 261 "-" "k6/0.54.0 (https://k6.io/)"
nginx-1       | 172.20.0.1 - - [08/Sep/2026:16:17:07 +0000] "POST /api/orders/2c1e3af3-c9c3-4efd-8653-f55192b9ec72/payments HTTP/1.1" 202 96 "-" "k6/0.54.0 (https://k6.io/)"
nginx-1       | 172.20.0.1 - - [08/Sep/2026:16:17:07 +0000] "POST /api/purchases HTTP/1.1" 201 261 "-" "k6/0.54.0 (https://k6.io/)"
nginx-1       | 172.20.0.1 - - [08/Sep/2026:16:17:07 +0000] "POST /api/orders/be616aa2-d7f4-4c75-a8a1-efb4a14a704c/payments HTTP/1.1" 202 96 "-" "k6/0.54.0 (https://k6.io/)"
nginx-1       | 172.20.0.1 - - [08/Sep/2026:16:17:07 +0000] "POST /api/purchases HTTP/1.1" 201 261 "-" "k6/0.54.0 (https://k6.io/)"
nginx-1       | 172.20.0.1 - - [08/Sep/2026:16:17:07 +0000] "POST /api/orders/59e92d00-2647-457e-bef9-aeffc79e7acf/payments HTTP/1.1" 202 96 "-" "k6/0.54.0 (https://k6.io/)"
nginx-1       | 172.20.0.1 - - [08/Sep/2026:16:17:08 +0000] "POST /api/purchases HTTP/1.1" 201 261 "-" "k6/0.54.0 (https://k6.io/)"
nginx-1       | 172.20.0.1 - - [08/Sep/2026:16:17:08 +0000] "POST /api/orders/896c2baf-c660-4e99-b7fd-9a01b29c09da/payments HTTP/1.1" 202 96 "-" "k6/0.54.0 (https://k6.io/)"
nginx-1       | 172.20.0.1 - - [08/Sep/2026:16:17:08 +0000] "POST /api/purchases HTTP/1.1" 201 261 "-" "k6/0.54.0 (https://k6.io/)"
nginx-1       | 172.20.0.1 - - [08/Sep/2026:16:17:08 +0000] "POST /api/orders/90309016-8d13-4b89-9a32-c5c21132ef26/payments HTTP/1.1" 202 96 "-" "k6/0.54.0 (https://k6.io/)"
nginx-1       | 172.20.0.1 - - [08/Sep/2026:16:17:08 +0000] "POST /api/purchases HTTP/1.1" 201 261 "-" "k6/0.54.0 (https://k6.io/)"
nginx-1       | 172.20.0.1 - - [08/Sep/2026:16:17:08 +0000] "POST /api/orders/48182463-8f0c-492b-9c9a-2537c6ba4e2a/payments HTTP/1.1" 202 96 "-" "k6/0.54.0 (https://k6.io/)"
nginx-1       | 172.20.0.1 - - [08/Sep/2026:16:17:08 +0000] "POST /api/purchases HTTP/1.1" 201 261 "-" "k6/0.54.0 (https://k6.io/)"
nginx-1       | 172.20.0.1 - - [08/Sep/2026:16:17:08 +0000] "POST /api/orders/d29d8c00-604b-4f31-8133-84a36d626857/payments HTTP/1.1" 202 96 "-" "k6/0.54.0 (https://k6.io/)"
nginx-1       | 172.20.0.1 - - [08/Sep/2026:16:17:08 +0000] "POST /api/purchases HTTP/1.1" 201 261 "-" "k6/0.54.0 (https://k6.io/)"
nginx-1       | 172.20.0.1 - - [08/Sep/2026:16:17:08 +0000] "POST /api/orders/429d3646-235a-4197-87e0-4198c601e1d7/payments HTTP/1.1" 202 96 "-" "k6/0.54.0 (https://k6.io/)"
nginx-1       | 172.20.0.1 - - [08/Sep/2026:16:17:08 +0000] "POST /api/purchases HTTP/1.1" 201 261 "-" "k6/0.54.0 (https://k6.io/)"
nginx-1       | 172.20.0.1 - - [08/Sep/2026:16:17:08 +0000] "POST /api/orders/df327baf-a360-4a59-9ede-e5d45e5b70bd/payments HTTP/1.1" 202 96 "-" "k6/0.54.0 (https://k6.io/)"
nginx-1       | 172.20.0.1 - - [08/Sep/2026:16:17:08 +0000] "POST /api/purchases HTTP/1.1" 201 261 "-" "k6/0.54.0 (https://k6.io/)"
nginx-1       | 172.20.0.1 - - [08/Sep/2026:16:17:08 +0000] "POST /api/orders/ab1fed1e-8dcc-4443-b4c2-dc693034b23f/payments HTTP/1.1" 202 96 "-" "k6/0.54.0 (https://k6.io/)"
nginx-1       | 172.20.0.1 - - [08/Sep/2026:16:17:08 +0000] "POST /api/purchases HTTP/1.1" 201 261 "-" "k6/0.54.0 (https://k6.io/)"
nginx-1       | 172.20.0.1 - - [08/Sep/2026:16:17:08 +0000] "POST /api/orders/b6b977cc-4ea0-469d-bc3d-3788a13ecce7/payments HTTP/1.1" 202 96 "-" "k6/0.54.0 (https://k6.io/)"
nginx-1       | 172.20.0.1 - - [08/Sep/2026:16:17:08 +0000] "POST /api/purchases HTTP/1.1" 201 261 "-" "k6/0.54.0 (https://k6.io/)"
nginx-1       | 172.20.0.1 - - [08/Sep/2026:16:17:08 +0000] "POST /api/orders/da3c78c0-d31e-43bf-a972-ce48c1fd4c07/payments HTTP/1.1" 202 96 "-" "k6/0.54.0 (https://k6.io/)"
nginx-1       | 172.20.0.1 - - [08/Sep/2026:16:17:08 +0000] "POST /api/purchases HTTP/1.1" 201 261 "-" "k6/0.54.0 (https://k6.io/)"
nginx-1       | 172.20.0.1 - - [08/Sep/2026:16:17:08 +0000] "POST /api/orders/0944684e-a597-427b-8adc-87d1d8a0163d/payments HTTP/1.1" 202 96 "-" "k6/0.54.0 (https://k6.io/)"
nginx-1       | 172.20.0.1 - - [08/Sep/2026:16:17:09 +0000] "POST /api/purchases HTTP/1.1" 201 261 "-" "k6/0.54.0 (https://k6.io/)"
nginx-1       | 172.20.0.1 - - [08/Sep/2026:16:17:09 +0000] "POST /api/orders/9abc8983-a48b-4630-993e-8d877700aab2/payments HTTP/1.1" 202 96 "-" "k6/0.54.0 (https://k6.io/)"
nginx-1       | 172.20.0.1 - - [08/Sep/2026:16:17:09 +0000] "POST /api/purchases HTTP/1.1" 201 261 "-" "k6/0.54.0 (https://k6.io/)"
nginx-1       | 172.20.0.1 - - [08/Sep/2026:16:17:09 +0000] "POST /api/orders/d120d5c8-1eb1-4b6e-acb4-77e5a4121d66/payments HTTP/1.1" 202 96 "-" "k6/0.54.0 (https://k6.io/)"
nginx-1       | 172.20.0.1 - - [08/Sep/2026:16:17:09 +0000] "POST /api/purchases HTTP/1.1" 201 261 "-" "k6/0.54.0 (https://k6.io/)"
nginx-1       | 172.20.0.1 - - [08/Sep/2026:16:17:09 +0000] "POST /api/orders/7d556f80-d6ad-4e1c-90f9-f5bd846b4f19/payments HTTP/1.1" 202 96 "-" "k6/0.54.0 (https://k6.io/)"
nginx-1       | 172.20.0.1 - - [08/Sep/2026:16:17:09 +0000] "POST /api/purchases HTTP/1.1" 201 261 "-" "k6/0.54.0 (https://k6.io/)"
nginx-1       | 172.20.0.1 - - [08/Sep/2026:16:17:09 +0000] "POST /api/orders/0cd1ff87-a2d6-47e3-a444-10264bbea694/payments HTTP/1.1" 202 96 "-" "k6/0.54.0 (https://k6.io/)"
nginx-1       | 172.20.0.1 - - [08/Sep/2026:16:17:09 +0000] "POST /api/purchases HTTP/1.1" 201 261 "-" "k6/0.54.0 (https://k6.io/)"
nginx-1       | 172.20.0.1 - - [08/Sep/2026:16:17:09 +0000] "POST /api/orders/7f4a6ce9-d45b-46e2-b2d4-a84d97c7dae7/payments HTTP/1.1" 202 96 "-" "k6/0.54.0 (https://k6.io/)"
nginx-1       | 172.20.0.1 - - [08/Sep/2026:16:17:09 +0000] "POST /api/purchases HTTP/1.1" 201 261 "-" "k6/0.54.0 (https://k6.io/)"
nginx-1       | 172.20.0.1 - - [08/Sep/2026:16:17:09 +0000] "POST /api/orders/55cc6d37-8b50-4d64-9f24-23a40f9bd765/payments HTTP/1.1" 202 96 "-" "k6/0.54.0 (https://k6.io/)"
nginx-1       | 172.20.0.1 - - [08/Sep/2026:16:17:09 +0000] "POST /api/purchases HTTP/1.1" 201 261 "-" "k6/0.54.0 (https://k6.io/)"
nginx-1       | 172.20.0.1 - - [08/Sep/2026:16:17:09 +0000] "POST /api/orders/4d2b1697-ec3a-4ebd-9644-386428503c53/payments HTTP/1.1" 202 96 "-" "k6/0.54.0 (https://k6.io/)"
nginx-1       | 172.20.0.1 - - [08/Sep/2026:16:17:09 +0000] "POST /api/purchases HTTP/1.1" 201 261 "-" "k6/0.54.0 (https://k6.io/)"
nginx-1       | 172.20.0.1 - - [08/Sep/2026:16:17:09 +0000] "POST /api/orders/eeb7c36b-1087-4bf3-8dc8-ee8a7b898035/payments HTTP/1.1" 202 96 "-" "k6/0.54.0 (https://k6.io/)"
nginx-1       | 172.20.0.1 - - [08/Sep/2026:16:17:09 +0000] "POST /api/purchases HTTP/1.1" 201 261 "-" "k6/0.54.0 (https://k6.io/)"
nginx-1       | 172.20.0.1 - - [08/Sep/2026:16:17:09 +0000] "POST /api/orders/7706034f-45cf-475f-824e-061a9c428d9a/payments HTTP/1.1" 202 96 "-" "k6/0.54.0 (https://k6.io/)"
nginx-1       | 172.20.0.1 - - [08/Sep/2026:16:17:09 +0000] "POST /api/purchases HTTP/1.1" 201 261 "-" "k6/0.54.0 (https://k6.io/)"
nginx-1       | 172.20.0.1 - - [08/Sep/2026:16:17:09 +0000] "POST /api/orders/da5a9106-c0bb-4ab9-8323-11554a34f9a7/payments HTTP/1.1" 202 96 "-" "k6/0.54.0 (https://k6.io/)"
nginx-1       | 172.20.0.1 - - [08/Sep/2026:16:17:10 +0000] "POST /api/purchases HTTP/1.1" 201 261 "-" "k6/0.54.0 (https://k6.io/)"
nginx-1       | 172.20.0.1 - - [08/Sep/2026:16:17:10 +0000] "POST /api/orders/73116391-9671-4b4c-b9f9-ffb02fbce580/payments HTTP/1.1" 202 96 "-" "k6/0.54.0 (https://k6.io/)"
nginx-1       | 172.20.0.1 - - [08/Sep/2026:16:17:10 +0000] "POST /api/purchases HTTP/1.1" 201 261 "-" "k6/0.54.0 (https://k6.io/)"
nginx-1       | 172.20.0.1 - - [08/Sep/2026:16:17:10 +0000] "POST /api/orders/f34105fe-7c4f-4daa-857d-92d201b6645d/payments HTTP/1.1" 202 96 "-" "k6/0.54.0 (https://k6.io/)"
nginx-1       | 172.20.0.1 - - [08/Sep/2026:16:17:10 +0000] "POST /api/purchases HTTP/1.1" 201 261 "-" "k6/0.54.0 (https://k6.io/)"
nginx-1       | 172.20.0.1 - - [08/Sep/2026:16:17:10 +0000] "POST /api/orders/d414deb7-f7be-42ff-ac5b-04a9d8d664ef/payments HTTP/1.1" 202 96 "-" "k6/0.54.0 (https://k6.io/)"
nginx-1       | 172.20.0.1 - - [08/Sep/2026:16:17:10 +0000] "POST /api/purchases HTTP/1.1" 201 261 "-" "k6/0.54.0 (https://k6.io/)"
nginx-1       | 172.20.0.1 - - [08/Sep/2026:16:17:10 +0000] "POST /api/orders/21617aa8-97df-4655-abaf-189bb402d6b4/payments HTTP/1.1" 202 96 "-" "k6/0.54.0 (https://k6.io/)"
nginx-1       | 172.20.0.1 - - [08/Sep/2026:16:17:10 +0000] "POST /api/purchases HTTP/1.1" 201 261 "-" "k6/0.54.0 (https://k6.io/)"
nginx-1       | 172.20.0.1 - - [08/Sep/2026:16:17:10 +0000] "POST /api/orders/a7b85f26-91ab-46e6-ba7d-a7fdffd551c1/payments HTTP/1.1" 202 96 "-" "k6/0.54.0 (https://k6.io/)"
nginx-1       | 172.20.0.1 - - [08/Sep/2026:16:17:10 +0000] "POST /api/purchases HTTP/1.1" 201 261 "-" "k6/0.54.0 (https://k6.io/)"
nginx-1       | 172.20.0.1 - - [08/Sep/2026:16:17:10 +0000] "POST /api/orders/26cb14c6-9331-4289-a5da-c821ae0c6664/payments HTTP/1.1" 202 96 "-" "k6/0.54.0 (https://k6.io/)"
nginx-1       | 172.20.0.1 - - [08/Sep/2026:16:17:10 +0000] "POST /api/purchases HTTP/1.1" 201 261 "-" "k6/0.54.0 (https://k6.io/)"
nginx-1       | 172.20.0.1 - - [08/Sep/2026:16:17:10 +0000] "POST /api/orders/1f69dc02-b366-44b8-9aff-ec563ae3a612/payments HTTP/1.1" 202 96 "-" "k6/0.54.0 (https://k6.io/)"
nginx-1       | 172.20.0.1 - - [08/Sep/2026:16:17:10 +0000] "POST /api/purchases HTTP/1.1" 201 261 "-" "k6/0.54.0 (https://k6.io/)"
nginx-1       | 172.20.0.1 - - [08/Sep/2026:16:17:10 +0000] "POST /api/orders/65825ee7-14e5-42a0-8b3d-556bbf7e40af/payments HTTP/1.1" 202 96 "-" "k6/0.54.0 (https://k6.io/)"
nginx-1       | 172.20.0.1 - - [08/Sep/2026:16:17:10 +0000] "POST /api/purchases HTTP/1.1" 201 261 "-" "k6/0.54.0 (https://k6.io/)"
nginx-1       | 172.20.0.1 - - [08/Sep/2026:16:17:10 +0000] "POST /api/orders/428c8d39-c7fb-4d05-a692-223ee452bdee/payments HTTP/1.1" 202 96 "-" "k6/0.54.0 (https://k6.io/)"
nginx-1       | 172.20.0.1 - - [08/Sep/2026:16:17:10 +0000] "POST /api/purchases HTTP/1.1" 201 261 "-" "k6/0.54.0 (https://k6.io/)"
nginx-1       | 172.20.0.1 - - [08/Sep/2026:16:17:10 +0000] "POST /api/orders/7f6d1a64-2d01-4aa7-bd6d-6d62a12bce6f/payments HTTP/1.1" 202 96 "-" "k6/0.54.0 (https://k6.io/)"
nginx-1       | 172.20.0.1 - - [08/Sep/2026:16:17:11 +0000] "POST /api/purchases HTTP/1.1" 201 261 "-" "k6/0.54.0 (https://k6.io/)"
nginx-1       | 172.20.0.1 - - [08/Sep/2026:16:17:11 +0000] "POST /api/orders/ffffc1d3-4185-4fb3-b26e-ff44be6e9cd8/payments HTTP/1.1" 202 96 "-" "k6/0.54.0 (https://k6.io/)"
nginx-1       | 172.20.0.1 - - [08/Sep/2026:16:17:11 +0000] "POST /api/purchases HTTP/1.1" 201 261 "-" "k6/0.54.0 (https://k6.io/)"
nginx-1       | 172.20.0.1 - - [08/Sep/2026:16:17:11 +0000] "POST /api/orders/c93e7ca6-03f8-49b4-91de-f6aabd92076c/payments HTTP/1.1" 202 96 "-" "k6/0.54.0 (https://k6.io/)"
nginx-1       | 172.20.0.1 - - [08/Sep/2026:16:17:11 +0000] "POST /api/purchases HTTP/1.1" 201 261 "-" "k6/0.54.0 (https://k6.io/)"
nginx-1       | 172.20.0.1 - - [08/Sep/2026:16:17:11 +0000] "POST /api/orders/2fc99e09-3389-462a-9506-38931913c50b/payments HTTP/1.1" 202 96 "-" "k6/0.54.0 (https://k6.io/)"
nginx-1       | 172.20.0.1 - - [08/Sep/2026:16:17:11 +0000] "POST /api/purchases HTTP/1.1" 201 261 "-" "k6/0.54.0 (https://k6.io/)"
nginx-1       | 172.20.0.1 - - [08/Sep/2026:16:17:11 +0000] "POST /api/orders/59fb5a1e-9c0f-47db-b5b4-afdad0c66b52/payments HTTP/1.1" 202 96 "-" "k6/0.54.0 (https://k6.io/)"
nginx-1       | 172.20.0.1 - - [08/Sep/2026:16:17:11 +0000] "POST /api/purchases HTTP/1.1" 201 261 "-" "k6/0.54.0 (https://k6.io/)"
nginx-1       | 172.20.0.1 - - [08/Sep/2026:16:17:11 +0000] "POST /api/orders/03146aea-3e29-4fba-bb2f-655551d550e3/payments HTTP/1.1" 202 96 "-" "k6/0.54.0 (https://k6.io/)"
nginx-1       | 172.20.0.1 - - [08/Sep/2026:16:17:11 +0000] "POST /api/purchases HTTP/1.1" 201 261 "-" "k6/0.54.0 (https://k6.io/)"
nginx-1       | 172.20.0.1 - - [08/Sep/2026:16:17:11 +0000] "POST /api/orders/827a64dd-7897-4708-a9e5-dad13a27f143/payments HTTP/1.1" 202 96 "-" "k6/0.54.0 (https://k6.io/)"
nginx-1       | 172.20.0.1 - - [08/Sep/2026:16:17:11 +0000] "POST /api/purchases HTTP/1.1" 201 261 "-" "k6/0.54.0 (https://k6.io/)"
nginx-1       | 172.20.0.1 - - [08/Sep/2026:16:17:11 +0000] "POST /api/orders/e6be57ef-ef19-406b-b545-3c255f267931/payments HTTP/1.1" 202 96 "-" "k6/0.54.0 (https://k6.io/)"
nginx-1       | 172.20.0.1 - - [08/Sep/2026:16:17:11 +0000] "POST /api/purchases HTTP/1.1" 201 261 "-" "k6/0.54.0 (https://k6.io/)"
nginx-1       | 172.20.0.1 - - [08/Sep/2026:16:17:11 +0000] "POST /api/orders/aec28ed3-4fa4-4e91-b06d-18a7145a3f99/payments HTTP/1.1" 202 96 "-" "k6/0.54.0 (https://k6.io/)"
nginx-1       | 172.20.0.1 - - [08/Sep/2026:16:17:11 +0000] "POST /api/purchases HTTP/1.1" 201 261 "-" "k6/0.54.0 (https://k6.io/)"
nginx-1       | 172.20.0.1 - - [08/Sep/2026:16:17:11 +0000] "POST /api/orders/d1c44788-8833-4c5a-939d-ff5faf2523a8/payments HTTP/1.1" 202 96 "-" "k6/0.54.0 (https://k6.io/)"
nginx-1       | 172.20.0.1 - - [08/Sep/2026:16:17:11 +0000] "POST /api/purchases HTTP/1.1" 201 261 "-" "k6/0.54.0 (https://k6.io/)"
nginx-1       | 172.20.0.1 - - [08/Sep/2026:16:17:11 +0000] "POST /api/orders/8ba2ada0-bd12-4d1b-abb4-e6b54aa2f96b/payments HTTP/1.1" 202 96 "-" "k6/0.54.0 (https://k6.io/)"
nginx-1       | 172.20.0.1 - - [08/Sep/2026:16:17:12 +0000] "POST /api/purchases HTTP/1.1" 201 261 "-" "k6/0.54.0 (https://k6.io/)"
nginx-1       | 172.20.0.1 - - [08/Sep/2026:16:17:12 +0000] "POST /api/orders/085bf6e0-ed77-465d-92a1-13adaf9542b3/payments HTTP/1.1" 202 96 "-" "k6/0.54.0 (https://k6.io/)"
nginx-1       | 172.20.0.1 - - [08/Sep/2026:16:17:12 +0000] "POST /api/purchases HTTP/1.1" 201 261 "-" "k6/0.54.0 (https://k6.io/)"
nginx-1       | 172.20.0.1 - - [08/Sep/2026:16:17:12 +0000] "POST /api/orders/2b4721a7-efed-4e44-b79b-18018af0c9e1/payments HTTP/1.1" 202 96 "-" "k6/0.54.0 (https://k6.io/)"
nginx-1       | 172.20.0.1 - - [08/Sep/2026:16:17:12 +0000] "POST /api/purchases HTTP/1.1" 201 261 "-" "k6/0.54.0 (https://k6.io/)"
nginx-1       | 172.20.0.1 - - [08/Sep/2026:16:17:12 +0000] "POST /api/orders/7626b744-80f2-4471-ba8e-1e4a81b05459/payments HTTP/1.1" 202 96 "-" "k6/0.54.0 (https://k6.io/)"
nginx-1       | 172.20.0.1 - - [08/Sep/2026:16:17:12 +0000] "POST /api/purchases HTTP/1.1" 201 261 "-" "k6/0.54.0 (https://k6.io/)"
nginx-1       | 172.20.0.1 - - [08/Sep/2026:16:17:12 +0000] "POST /api/orders/556f9b2f-d0a8-46f7-b0bc-7127d3de66ea/payments HTTP/1.1" 202 96 "-" "k6/0.54.0 (https://k6.io/)"
nginx-1       | 172.20.0.1 - - [08/Sep/2026:16:17:12 +0000] "POST /api/purchases HTTP/1.1" 201 261 "-" "k6/0.54.0 (https://k6.io/)"
nginx-1       | 172.20.0.1 - - [08/Sep/2026:16:17:12 +0000] "POST /api/orders/da26385e-cf07-4c2c-8a9f-9020dd373b8e/payments HTTP/1.1" 202 96 "-" "k6/0.54.0 (https://k6.io/)"
nginx-1       | 172.20.0.1 - - [08/Sep/2026:16:17:12 +0000] "POST /api/purchases HTTP/1.1" 201 261 "-" "k6/0.54.0 (https://k6.io/)"
nginx-1       | 172.20.0.1 - - [08/Sep/2026:16:17:12 +0000] "POST /api/orders/b70539d6-a0bd-4aed-bd43-97612f00c0f4/payments HTTP/1.1" 202 96 "-" "k6/0.54.0 (https://k6.io/)"
nginx-1       | 172.20.0.1 - - [08/Sep/2026:16:17:12 +0000] "POST /api/purchases HTTP/1.1" 201 261 "-" "k6/0.54.0 (https://k6.io/)"
nginx-1       | 172.20.0.1 - - [08/Sep/2026:16:17:12 +0000] "POST /api/orders/77a0635a-fca9-4a54-aaae-0804e5840ae4/payments HTTP/1.1" 202 96 "-" "k6/0.54.0 (https://k6.io/)"
nginx-1       | 172.20.0.1 - - [08/Sep/2026:16:17:12 +0000] "POST /api/purchases HTTP/1.1" 201 261 "-" "k6/0.54.0 (https://k6.io/)"
nginx-1       | 172.20.0.1 - - [08/Sep/2026:16:17:12 +0000] "POST /api/orders/53e86fd0-c531-4e6d-8687-415cc29bf383/payments HTTP/1.1" 202 96 "-" "k6/0.54.0 (https://k6.io/)"
nginx-1       | 172.20.0.1 - - [08/Sep/2026:16:17:12 +0000] "POST /api/purchases HTTP/1.1" 201 261 "-" "k6/0.54.0 (https://k6.io/)"
nginx-1       | 172.20.0.1 - - [08/Sep/2026:16:17:12 +0000] "POST /api/orders/87949558-25ae-4a35-8a78-329e31013a49/payments HTTP/1.1" 202 96 "-" "k6/0.54.0 (https://k6.io/)"
nginx-1       | 172.20.0.1 - - [08/Sep/2026:16:17:12 +0000] "POST /api/purchases HTTP/1.1" 201 261 "-" "k6/0.54.0 (https://k6.io/)"
nginx-1       | 172.20.0.1 - - [08/Sep/2026:16:17:12 +0000] "POST /api/orders/71dd657f-9893-4c71-9a23-21a22b67d236/payments HTTP/1.1" 202 96 "-" "k6/0.54.0 (https://k6.io/)"
nginx-1       | 172.20.0.1 - - [08/Sep/2026:16:17:13 +0000] "POST /api/purchases HTTP/1.1" 201 261 "-" "k6/0.54.0 (https://k6.io/)"
nginx-1       | 172.20.0.1 - - [08/Sep/2026:16:17:13 +0000] "POST /api/orders/bf0e62cb-929e-403d-a8ca-18ca18d9328c/payments HTTP/1.1" 202 96 "-" "k6/0.54.0 (https://k6.io/)"
nginx-1       | 172.20.0.1 - - [08/Sep/2026:16:17:13 +0000] "POST /api/purchases HTTP/1.1" 201 261 "-" "k6/0.54.0 (https://k6.io/)"
nginx-1       | 172.20.0.1 - - [08/Sep/2026:16:17:13 +0000] "POST /api/orders/d9b8b959-7bbe-4d43-8795-cbee7ca97ebc/payments HTTP/1.1" 202 96 "-" "k6/0.54.0 (https://k6.io/)"
nginx-1       | 172.20.0.1 - - [08/Sep/2026:16:17:13 +0000] "POST /api/purchases HTTP/1.1" 201 261 "-" "k6/0.54.0 (https://k6.io/)"
nginx-1       | 172.20.0.1 - - [08/Sep/2026:16:17:13 +0000] "POST /api/orders/5a2b6bd1-c00b-4b39-beb4-b27d72b8b181/payments HTTP/1.1" 202 96 "-" "k6/0.54.0 (https://k6.io/)"
nginx-1       | 172.20.0.1 - - [08/Sep/2026:16:17:13 +0000] "POST /api/purchases HTTP/1.1" 201 261 "-" "k6/0.54.0 (https://k6.io/)"
nginx-1       | 172.20.0.1 - - [08/Sep/2026:16:17:13 +0000] "POST /api/orders/15cf978e-20be-42cb-a2c0-d8406c3d2ab9/payments HTTP/1.1" 202 96 "-" "k6/0.54.0 (https://k6.io/)"
nginx-1       | 172.20.0.1 - - [08/Sep/2026:16:17:13 +0000] "POST /api/purchases HTTP/1.1" 201 261 "-" "k6/0.54.0 (https://k6.io/)"
nginx-1       | 172.20.0.1 - - [08/Sep/2026:16:17:13 +0000] "POST /api/orders/063abf47-8008-418e-a005-cb2823d00c93/payments HTTP/1.1" 202 96 "-" "k6/0.54.0 (https://k6.io/)"
nginx-1       | 172.20.0.1 - - [08/Sep/2026:16:17:13 +0000] "POST /api/purchases HTTP/1.1" 201 261 "-" "k6/0.54.0 (https://k6.io/)"
nginx-1       | 172.20.0.1 - - [08/Sep/2026:16:17:13 +0000] "POST /api/orders/ee65a5d1-d41e-4788-8d58-d780c9a79b22/payments HTTP/1.1" 202 96 "-" "k6/0.54.0 (https://k6.io/)"
nginx-1       | 172.20.0.1 - - [08/Sep/2026:16:17:13 +0000] "POST /api/purchases HTTP/1.1" 201 261 "-" "k6/0.54.0 (https://k6.io/)"
nginx-1       | 172.20.0.1 - - [08/Sep/2026:16:17:13 +0000] "POST /api/orders/6b1b8a25-4b5a-44a5-8d04-e0d4ed5e21e9/payments HTTP/1.1" 202 96 "-" "k6/0.54.0 (https://k6.io/)"
nginx-1       | 172.20.0.1 - - [08/Sep/2026:16:17:13 +0000] "POST /api/purchases HTTP/1.1" 201 261 "-" "k6/0.54.0 (https://k6.io/)"
nginx-1       | 172.20.0.1 - - [08/Sep/2026:16:17:13 +0000] "POST /api/orders/d19d8238-8268-469a-a1df-60c86ee0f874/payments HTTP/1.1" 202 96 "-" "k6/0.54.0 (https://k6.io/)"
nginx-1       | 172.20.0.1 - - [08/Sep/2026:16:17:13 +0000] "POST /api/purchases HTTP/1.1" 201 261 "-" "k6/0.54.0 (https://k6.io/)"
nginx-1       | 172.20.0.1 - - [08/Sep/2026:16:17:13 +0000] "POST /api/orders/bb8e19f0-e183-4aef-b66c-89ef28df1ceb/payments HTTP/1.1" 202 96 "-" "k6/0.54.0 (https://k6.io/)"
nginx-1       | 172.20.0.1 - - [08/Sep/2026:16:17:13 +0000] "POST /api/purchases HTTP/1.1" 201 261 "-" "k6/0.54.0 (https://k6.io/)"
nginx-1       | 172.20.0.1 - - [08/Sep/2026:16:17:13 +0000] "POST /api/orders/da7d8b4d-7c7a-433e-acf1-3f3a4893a373/payments HTTP/1.1" 202 96 "-" "k6/0.54.0 (https://k6.io/)"
nginx-1       | 172.20.0.1 - - [08/Sep/2026:16:17:14 +0000] "POST /api/purchases HTTP/1.1" 201 261 "-" "k6/0.54.0 (https://k6.io/)"
nginx-1       | 172.20.0.1 - - [08/Sep/2026:16:17:14 +0000] "POST /api/orders/70d54c22-6644-46d6-b553-bfb073aa914c/payments HTTP/1.1" 202 96 "-" "k6/0.54.0 (https://k6.io/)"
nginx-1       | 172.20.0.1 - - [08/Sep/2026:16:17:14 +0000] "POST /api/purchases HTTP/1.1" 201 261 "-" "k6/0.54.0 (https://k6.io/)"
nginx-1       | 172.20.0.1 - - [08/Sep/2026:16:17:14 +0000] "POST /api/orders/808d3c49-fb3c-4707-84e8-5f00d7d73163/payments HTTP/1.1" 202 96 "-" "k6/0.54.0 (https://k6.io/)"
nginx-1       | 172.20.0.1 - - [08/Sep/2026:16:17:14 +0000] "POST /api/purchases HTTP/1.1" 201 261 "-" "k6/0.54.0 (https://k6.io/)"
nginx-1       | 172.20.0.1 - - [08/Sep/2026:16:17:14 +0000] "POST /api/orders/27ad5c23-d71f-4463-9315-dc351a4ac454/payments HTTP/1.1" 202 96 "-" "k6/0.54.0 (https://k6.io/)"
nginx-1       | 172.20.0.1 - - [08/Sep/2026:16:17:14 +0000] "POST /api/purchases HTTP/1.1" 201 261 "-" "k6/0.54.0 (https://k6.io/)"
nginx-1       | 172.20.0.1 - - [08/Sep/2026:16:17:14 +0000] "POST /api/orders/768a04f8-a53c-416c-889f-f1277f7b3546/payments HTTP/1.1" 202 96 "-" "k6/0.54.0 (https://k6.io/)"
nginx-1       | 172.20.0.1 - - [08/Sep/2026:16:17:14 +0000] "POST /api/purchases HTTP/1.1" 201 261 "-" "k6/0.54.0 (https://k6.io/)"
nginx-1       | 172.20.0.1 - - [08/Sep/2026:16:17:14 +0000] "POST /api/orders/8e6f373c-b1f6-4a09-9a9f-f709c3de397b/payments HTTP/1.1" 202 96 "-" "k6/0.54.0 (https://k6.io/)"
nginx-1       | 172.20.0.1 - - [08/Sep/2026:16:17:14 +0000] "POST /api/purchases HTTP/1.1" 201 261 "-" "k6/0.54.0 (https://k6.io/)"
nginx-1       | 172.20.0.1 - - [08/Sep/2026:16:17:14 +0000] "POST /api/orders/bd4b5ca7-64f8-4287-9708-f725b0b66972/payments HTTP/1.1" 202 96 "-" "k6/0.54.0 (https://k6.io/)"
nginx-1       | 172.20.0.1 - - [08/Sep/2026:16:17:14 +0000] "POST /api/purchases HTTP/1.1" 201 261 "-" "k6/0.54.0 (https://k6.io/)"
nginx-1       | 172.20.0.1 - - [08/Sep/2026:16:17:14 +0000] "POST /api/orders/c84c2713-fd52-48af-8a66-51a2e23f0d43/payments HTTP/1.1" 202 96 "-" "k6/0.54.0 (https://k6.io/)"
nginx-1       | 172.20.0.1 - - [08/Sep/2026:16:17:14 +0000] "POST /api/purchases HTTP/1.1" 201 261 "-" "k6/0.54.0 (https://k6.io/)"
nginx-1       | 172.20.0.1 - - [08/Sep/2026:16:17:14 +0000] "POST /api/orders/5e20a403-ffa9-41ce-ae02-a0924309493d/payments HTTP/1.1" 202 96 "-" "k6/0.54.0 (https://k6.io/)"
nginx-1       | 172.20.0.1 - - [08/Sep/2026:16:17:14 +0000] "POST /api/purchases HTTP/1.1" 201 261 "-" "k6/0.54.0 (https://k6.io/)"
nginx-1       | 172.20.0.1 - - [08/Sep/2026:16:17:14 +0000] "POST /api/orders/a8d10ad8-a5eb-4a5a-b41f-832b3ce4810b/payments HTTP/1.1" 202 96 "-" "k6/0.54.0 (https://k6.io/)"
nginx-1       | 172.20.0.1 - - [08/Sep/2026:16:17:15 +0000] "POST /api/purchases HTTP/1.1" 201 261 "-" "k6/0.54.0 (https://k6.io/)"
nginx-1       | 172.20.0.1 - - [08/Sep/2026:16:17:15 +0000] "POST /api/orders/2c12faf8-483b-403a-bfd0-678ef63c9314/payments HTTP/1.1" 202 96 "-" "k6/0.54.0 (https://k6.io/)"
nginx-1       | 172.20.0.1 - - [08/Sep/2026:16:17:15 +0000] "POST /api/purchases HTTP/1.1" 201 261 "-" "k6/0.54.0 (https://k6.io/)"
nginx-1       | 172.20.0.1 - - [08/Sep/2026:16:17:15 +0000] "POST /api/orders/c55a0af2-2404-40ba-8c0e-066f5edb5e94/payments HTTP/1.1" 202 96 "-" "k6/0.54.0 (https://k6.io/)"
nginx-1       | 172.20.0.1 - - [08/Sep/2026:16:17:15 +0000] "POST /api/purchases HTTP/1.1" 201 261 "-" "k6/0.54.0 (https://k6.io/)"
nginx-1       | 172.20.0.1 - - [08/Sep/2026:16:17:15 +0000] "POST /api/orders/9953ddcb-ae2e-41ce-bd2d-450827f962a0/payments HTTP/1.1" 202 96 "-" "k6/0.54.0 (https://k6.io/)"
nginx-1       | 172.20.0.1 - - [08/Sep/2026:16:17:15 +0000] "POST /api/purchases HTTP/1.1" 201 261 "-" "k6/0.54.0 (https://k6.io/)"
nginx-1       | 172.20.0.1 - - [08/Sep/2026:16:17:15 +0000] "POST /api/orders/92fd8739-f7f9-4140-9465-98f1e47e810c/payments HTTP/1.1" 202 96 "-" "k6/0.54.0 (https://k6.io/)"
nginx-1       | 172.20.0.1 - - [08/Sep/2026:16:17:15 +0000] "POST /api/purchases HTTP/1.1" 201 261 "-" "k6/0.54.0 (https://k6.io/)"
nginx-1       | 172.20.0.1 - - [08/Sep/2026:16:17:15 +0000] "POST /api/orders/fef08074-d472-458d-bdc5-2c191592a368/payments HTTP/1.1" 202 96 "-" "k6/0.54.0 (https://k6.io/)"
nginx-1       | 172.20.0.1 - - [08/Sep/2026:16:17:15 +0000] "POST /api/purchases HTTP/1.1" 201 261 "-" "k6/0.54.0 (https://k6.io/)"
nginx-1       | 172.20.0.1 - - [08/Sep/2026:16:17:15 +0000] "POST /api/orders/af8c0636-9a2a-4025-955f-9af911a323f0/payments HTTP/1.1" 202 96 "-" "k6/0.54.0 (https://k6.io/)"
nginx-1       | 172.20.0.1 - - [08/Sep/2026:16:17:15 +0000] "POST /api/purchases HTTP/1.1" 201 261 "-" "k6/0.54.0 (https://k6.io/)"
nginx-1       | 172.20.0.1 - - [08/Sep/2026:16:17:15 +0000] "POST /api/orders/2a9cac3e-ac7c-4927-86e7-5e9a28ec7bf4/payments HTTP/1.1" 202 96 "-" "k6/0.54.0 (https://k6.io/)"
nginx-1       | 172.20.0.1 - - [08/Sep/2026:16:17:15 +0000] "POST /api/purchases HTTP/1.1" 201 261 "-" "k6/0.54.0 (https://k6.io/)"
nginx-1       | 172.20.0.1 - - [08/Sep/2026:16:17:15 +0000] "POST /api/orders/753a4877-154d-4bc4-b137-9973c5c184b3/payments HTTP/1.1" 202 96 "-" "k6/0.54.0 (https://k6.io/)"
nginx-1       | 172.20.0.1 - - [08/Sep/2026:16:17:15 +0000] "POST /api/purchases HTTP/1.1" 201 261 "-" "k6/0.54.0 (https://k6.io/)"
nginx-1       | 172.20.0.1 - - [08/Sep/2026:16:17:15 +0000] "POST /api/orders/5c6dee20-9020-492e-bdbf-82cbf5343b2a/payments HTTP/1.1" 202 96 "-" "k6/0.54.0 (https://k6.io/)"
nginx-1       | 172.20.0.1 - - [08/Sep/2026:16:17:15 +0000] "POST /api/purchases HTTP/1.1" 201 261 "-" "k6/0.54.0 (https://k6.io/)"
nginx-1       | 172.20.0.1 - - [08/Sep/2026:16:17:15 +0000] "POST /api/orders/3eed950f-b66c-4677-901d-eb8f46221da8/payments HTTP/1.1" 202 96 "-" "k6/0.54.0 (https://k6.io/)"
nginx-1       | 172.20.0.1 - - [08/Sep/2026:16:17:15 +0000] "POST /api/purchases HTTP/1.1" 201 261 "-" "k6/0.54.0 (https://k6.io/)"
nginx-1       | 172.20.0.1 - - [08/Sep/2026:16:17:15 +0000] "POST /api/orders/f063f617-d171-43b9-9d0d-71d0ef265849/payments HTTP/1.1" 202 96 "-" "k6/0.54.0 (https://k6.io/)"
nginx-1       | 172.20.0.1 - - [08/Sep/2026:16:17:16 +0000] "POST /api/purchases HTTP/1.1" 201 261 "-" "k6/0.54.0 (https://k6.io/)"
nginx-1       | 172.20.0.1 - - [08/Sep/2026:16:17:16 +0000] "POST /api/orders/4539d4d6-6e7d-4ebb-9f70-0c3d62c54671/payments HTTP/1.1" 202 96 "-" "k6/0.54.0 (https://k6.io/)"
nginx-1       | 172.20.0.1 - - [08/Sep/2026:16:17:16 +0000] "POST /api/purchases HTTP/1.1" 201 261 "-" "k6/0.54.0 (https://k6.io/)"
nginx-1       | 172.20.0.1 - - [08/Sep/2026:16:17:16 +0000] "POST /api/orders/d2de8417-e32d-492b-abfb-e298b0b41b3d/payments HTTP/1.1" 202 96 "-" "k6/0.54.0 (https://k6.io/)"
nginx-1       | 172.20.0.1 - - [08/Sep/2026:16:17:16 +0000] "POST /api/purchases HTTP/1.1" 201 261 "-" "k6/0.54.0 (https://k6.io/)"
nginx-1       | 172.20.0.1 - - [08/Sep/2026:16:17:16 +0000] "POST /api/orders/7dda2e0e-78e7-4a7f-a014-cf207f06ba1c/payments HTTP/1.1" 202 96 "-" "k6/0.54.0 (https://k6.io/)"
nginx-1       | 172.20.0.1 - - [08/Sep/2026:16:17:16 +0000] "POST /api/purchases HTTP/1.1" 201 261 "-" "k6/0.54.0 (https://k6.io/)"
nginx-1       | 172.20.0.1 - - [08/Sep/2026:16:17:16 +0000] "POST /api/orders/8323aa3a-a39a-43d6-82e5-78d2b6f8fa25/payments HTTP/1.1" 202 96 "-" "k6/0.54.0 (https://k6.io/)"
nginx-1       | 172.20.0.1 - - [08/Sep/2026:16:17:16 +0000] "POST /api/purchases HTTP/1.1" 201 261 "-" "k6/0.54.0 (https://k6.io/)"
nginx-1       | 172.20.0.1 - - [08/Sep/2026:16:17:16 +0000] "POST /api/orders/6305c388-3da3-4f9a-97df-44f6ab1f816c/payments HTTP/1.1" 202 96 "-" "k6/0.54.0 (https://k6.io/)"
nginx-1       | 172.20.0.1 - - [08/Sep/2026:16:17:16 +0000] "POST /api/purchases HTTP/1.1" 201 261 "-" "k6/0.54.0 (https://k6.io/)"
nginx-1       | 172.20.0.1 - - [08/Sep/2026:16:17:16 +0000] "POST /api/orders/ffa9e592-1682-44a8-8205-7d2bbac1fb66/payments HTTP/1.1" 202 96 "-" "k6/0.54.0 (https://k6.io/)"
nginx-1       | 172.20.0.1 - - [08/Sep/2026:16:17:16 +0000] "POST /api/purchases HTTP/1.1" 201 261 "-" "k6/0.54.0 (https://k6.io/)"
nginx-1       | 172.20.0.1 - - [08/Sep/2026:16:17:16 +0000] "POST /api/orders/215ac74f-3510-4719-b58b-b62bf8ce7241/payments HTTP/1.1" 202 96 "-" "k6/0.54.0 (https://k6.io/)"
nginx-1       | 172.20.0.1 - - [08/Sep/2026:16:17:16 +0000] "POST /api/purchases HTTP/1.1" 201 261 "-" "k6/0.54.0 (https://k6.io/)"
nginx-1       | 172.20.0.1 - - [08/Sep/2026:16:17:16 +0000] "POST /api/orders/b6e2e87f-cbee-4533-aba0-cb3c43d78afa/payments HTTP/1.1" 202 96 "-" "k6/0.54.0 (https://k6.io/)"
nginx-1       | 172.20.0.1 - - [08/Sep/2026:16:17:16 +0000] "POST /api/purchases HTTP/1.1" 201 261 "-" "k6/0.54.0 (https://k6.io/)"
nginx-1       | 172.20.0.1 - - [08/Sep/2026:16:17:16 +0000] "POST /api/orders/34656009-7bda-45e3-9c03-53bacc964c38/payments HTTP/1.1" 202 96 "-" "k6/0.54.0 (https://k6.io/)"
nginx-1       | 172.20.0.1 - - [08/Sep/2026:16:17:16 +0000] "POST /api/purchases HTTP/1.1" 201 261 "-" "k6/0.54.0 (https://k6.io/)"
nginx-1       | 172.20.0.1 - - [08/Sep/2026:16:17:16 +0000] "POST /api/orders/5d816379-89bd-41b6-942a-e528e23a1f74/payments HTTP/1.1" 202 96 "-" "k6/0.54.0 (https://k6.io/)"
nginx-1       | 172.20.0.1 - - [08/Sep/2026:16:17:17 +0000] "POST /api/purchases HTTP/1.1" 201 261 "-" "k6/0.54.0 (https://k6.io/)"
nginx-1       | 172.20.0.1 - - [08/Sep/2026:16:17:17 +0000] "POST /api/orders/8a97d103-ff00-4609-acc5-238f9febbcd8/payments HTTP/1.1" 202 96 "-" "k6/0.54.0 (https://k6.io/)"
nginx-1       | 172.20.0.1 - - [08/Sep/2026:16:17:17 +0000] "POST /api/purchases HTTP/1.1" 201 261 "-" "k6/0.54.0 (https://k6.io/)"
nginx-1       | 172.20.0.1 - - [08/Sep/2026:16:17:17 +0000] "POST /api/orders/aaf6d288-cacb-4222-9e88-05312e821929/payments HTTP/1.1" 202 96 "-" "k6/0.54.0 (https://k6.io/)"
nginx-1       | 172.20.0.1 - - [08/Sep/2026:16:17:17 +0000] "POST /api/purchases HTTP/1.1" 201 261 "-" "k6/0.54.0 (https://k6.io/)"
nginx-1       | 172.20.0.1 - - [08/Sep/2026:16:17:17 +0000] "POST /api/orders/3a01aaa6-8168-4962-b14b-cf68bcbae2de/payments HTTP/1.1" 202 96 "-" "k6/0.54.0 (https://k6.io/)"
nginx-1       | 172.20.0.1 - - [08/Sep/2026:16:17:17 +0000] "POST /api/purchases HTTP/1.1" 201 261 "-" "k6/0.54.0 (https://k6.io/)"
nginx-1       | 172.20.0.1 - - [08/Sep/2026:16:17:17 +0000] "POST /api/orders/e28876c6-401d-42e6-92cc-b4ffd605f7c6/payments HTTP/1.1" 202 96 "-" "k6/0.54.0 (https://k6.io/)"
nginx-1       | 172.20.0.1 - - [08/Sep/2026:16:17:17 +0000] "POST /api/purchases HTTP/1.1" 201 261 "-" "k6/0.54.0 (https://k6.io/)"
nginx-1       | 172.20.0.1 - - [08/Sep/2026:16:17:17 +0000] "POST /api/orders/d6dbefe8-07c0-41c6-b7cc-6dda6b5fe8c9/payments HTTP/1.1" 202 96 "-" "k6/0.54.0 (https://k6.io/)"
nginx-1       | 172.20.0.1 - - [08/Sep/2026:16:17:17 +0000] "POST /api/purchases HTTP/1.1" 201 261 "-" "k6/0.54.0 (https://k6.io/)"
nginx-1       | 172.20.0.1 - - [08/Sep/2026:16:17:17 +0000] "POST /api/orders/6e53e5f5-4196-42c8-95da-ba028ea16c0d/payments HTTP/1.1" 202 96 "-" "k6/0.54.0 (https://k6.io/)"
nginx-1       | 172.20.0.1 - - [08/Sep/2026:16:17:17 +0000] "POST /api/purchases HTTP/1.1" 201 261 "-" "k6/0.54.0 (https://k6.io/)"
nginx-1       | 172.20.0.1 - - [08/Sep/2026:16:17:17 +0000] "POST /api/orders/a9ec1750-9ef1-42a3-af20-7ee960f6b5c0/payments HTTP/1.1" 202 96 "-" "k6/0.54.0 (https://k6.io/)"
nginx-1       | 172.20.0.1 - - [08/Sep/2026:16:17:17 +0000] "POST /api/purchases HTTP/1.1" 201 261 "-" "k6/0.54.0 (https://k6.io/)"
nginx-1       | 172.20.0.1 - - [08/Sep/2026:16:17:17 +0000] "POST /api/orders/3a7b8745-d827-45ad-b1af-acdab16c6cba/payments HTTP/1.1" 202 96 "-" "k6/0.54.0 (https://k6.io/)"
nginx-1       | 172.20.0.1 - - [08/Sep/2026:16:17:17 +0000] "POST /api/purchases HTTP/1.1" 201 261 "-" "k6/0.54.0 (https://k6.io/)"
nginx-1       | 172.20.0.1 - - [08/Sep/2026:16:17:17 +0000] "POST /api/orders/112364e0-b2f7-4be2-8382-d06889a31881/payments HTTP/1.1" 202 96 "-" "k6/0.54.0 (https://k6.io/)"
nginx-1       | 172.20.0.1 - - [08/Sep/2026:16:17:17 +0000] "POST /api/purchases HTTP/1.1" 201 261 "-" "k6/0.54.0 (https://k6.io/)"
nginx-1       | 172.20.0.1 - - [08/Sep/2026:16:17:17 +0000] "POST /api/orders/0c4b653e-459b-4022-b1aa-c749565c4e70/payments HTTP/1.1" 202 96 "-" "k6/0.54.0 (https://k6.io/)"
nginx-1       | 172.20.0.1 - - [08/Sep/2026:16:17:18 +0000] "POST /api/purchases HTTP/1.1" 201 261 "-" "k6/0.54.0 (https://k6.io/)"
nginx-1       | 172.20.0.1 - - [08/Sep/2026:16:17:18 +0000] "POST /api/orders/b2a63a62-5165-4102-b090-4e3d61914fab/payments HTTP/1.1" 202 96 "-" "k6/0.54.0 (https://k6.io/)"
nginx-1       | 172.20.0.1 - - [08/Sep/2026:16:17:18 +0000] "POST /api/purchases HTTP/1.1" 201 261 "-" "k6/0.54.0 (https://k6.io/)"
nginx-1       | 172.20.0.1 - - [08/Sep/2026:16:17:18 +0000] "POST /api/orders/95ca7ad1-eb65-47dc-965b-3bbf2d14782d/payments HTTP/1.1" 202 96 "-" "k6/0.54.0 (https://k6.io/)"
nginx-1       | 172.20.0.1 - - [08/Sep/2026:16:17:18 +0000] "POST /api/purchases HTTP/1.1" 201 261 "-" "k6/0.54.0 (https://k6.io/)"
nginx-1       | 172.20.0.1 - - [08/Sep/2026:16:17:18 +0000] "POST /api/orders/99978153-43fa-4774-85c1-32aaacbb576f/payments HTTP/1.1" 202 96 "-" "k6/0.54.0 (https://k6.io/)"
nginx-1       | 172.20.0.1 - - [08/Sep/2026:16:17:18 +0000] "POST /api/purchases HTTP/1.1" 201 261 "-" "k6/0.54.0 (https://k6.io/)"
nginx-1       | 172.20.0.1 - - [08/Sep/2026:16:17:18 +0000] "POST /api/orders/5280a407-7900-41df-b690-41f228bc97db/payments HTTP/1.1" 202 96 "-" "k6/0.54.0 (https://k6.io/)"
nginx-1       | 172.20.0.1 - - [08/Sep/2026:16:17:18 +0000] "POST /api/purchases HTTP/1.1" 201 261 "-" "k6/0.54.0 (https://k6.io/)"
nginx-1       | 172.20.0.1 - - [08/Sep/2026:16:17:18 +0000] "POST /api/orders/71e92bc0-6662-4a18-a700-0f4ad31f840a/payments HTTP/1.1" 202 96 "-" "k6/0.54.0 (https://k6.io/)"
nginx-1       | 172.20.0.1 - - [08/Sep/2026:16:17:18 +0000] "POST /api/purchases HTTP/1.1" 201 261 "-" "k6/0.54.0 (https://k6.io/)"
nginx-1       | 172.20.0.1 - - [08/Sep/2026:16:17:18 +0000] "POST /api/orders/2c4bf961-7453-44c0-b9b2-09a555341dd4/payments HTTP/1.1" 202 96 "-" "k6/0.54.0 (https://k6.io/)"
nginx-1       | 172.20.0.1 - - [08/Sep/2026:16:17:18 +0000] "POST /api/purchases HTTP/1.1" 201 261 "-" "k6/0.54.0 (https://k6.io/)"
nginx-1       | 172.20.0.1 - - [08/Sep/2026:16:17:18 +0000] "POST /api/orders/92de2494-ddce-4617-974d-81669b24e609/payments HTTP/1.1" 202 96 "-" "k6/0.54.0 (https://k6.io/)"
nginx-1       | 172.20.0.1 - - [08/Sep/2026:16:17:18 +0000] "POST /api/purchases HTTP/1.1" 201 261 "-" "k6/0.54.0 (https://k6.io/)"
nginx-1       | 172.20.0.1 - - [08/Sep/2026:16:17:18 +0000] "POST /api/orders/993e32db-716b-4753-bc9d-796f555dfa5d/payments HTTP/1.1" 202 96 "-" "k6/0.54.0 (https://k6.io/)"
nginx-1       | 172.20.0.1 - - [08/Sep/2026:16:17:18 +0000] "POST /api/purchases HTTP/1.1" 201 261 "-" "k6/0.54.0 (https://k6.io/)"
nginx-1       | 172.20.0.1 - - [08/Sep/2026:16:17:18 +0000] "POST /api/orders/ac9b0ba5-d7f3-4f04-abaf-5464a796d826/payments HTTP/1.1" 202 96 "-" "k6/0.54.0 (https://k6.io/)"
nginx-1       | 172.20.0.1 - - [08/Sep/2026:16:17:18 +0000] "POST /api/purchases HTTP/1.1" 201 261 "-" "k6/0.54.0 (https://k6.io/)"
nginx-1       | 172.20.0.1 - - [08/Sep/2026:16:17:18 +0000] "POST /api/orders/0e10f4bd-784c-4e41-b9f5-263c79951357/payments HTTP/1.1" 202 96 "-" "k6/0.54.0 (https://k6.io/)"
nginx-1       | 172.20.0.1 - - [08/Sep/2026:16:17:19 +0000] "POST /api/purchases HTTP/1.1" 201 261 "-" "k6/0.54.0 (https://k6.io/)"
nginx-1       | 172.20.0.1 - - [08/Sep/2026:16:17:19 +0000] "POST /api/orders/ff228011-71dc-4350-9dc9-ebd5c53226f4/payments HTTP/1.1" 202 96 "-" "k6/0.54.0 (https://k6.io/)"
nginx-1       | 172.20.0.1 - - [08/Sep/2026:16:17:19 +0000] "POST /api/purchases HTTP/1.1" 201 261 "-" "k6/0.54.0 (https://k6.io/)"
nginx-1       | 172.20.0.1 - - [08/Sep/2026:16:17:19 +0000] "POST /api/orders/86a8ef03-cb48-4b3b-948c-f32e64d24d9f/payments HTTP/1.1" 202 96 "-" "k6/0.54.0 (https://k6.io/)"
nginx-1       | 172.20.0.1 - - [08/Sep/2026:16:17:19 +0000] "POST /api/purchases HTTP/1.1" 201 261 "-" "k6/0.54.0 (https://k6.io/)"
nginx-1       | 172.20.0.1 - - [08/Sep/2026:16:17:19 +0000] "POST /api/orders/97d84c2d-ced2-4b61-a5bc-1a9505f853bc/payments HTTP/1.1" 202 96 "-" "k6/0.54.0 (https://k6.io/)"
nginx-1       | 172.20.0.1 - - [08/Sep/2026:16:17:19 +0000] "POST /api/purchases HTTP/1.1" 201 261 "-" "k6/0.54.0 (https://k6.io/)"
nginx-1       | 172.20.0.1 - - [08/Sep/2026:16:17:19 +0000] "POST /api/orders/5422eb8d-ce43-4b39-8b8c-aaeea2f8d66f/payments HTTP/1.1" 202 96 "-" "k6/0.54.0 (https://k6.io/)"
nginx-1       | 172.20.0.1 - - [08/Sep/2026:16:17:19 +0000] "POST /api/purchases HTTP/1.1" 201 261 "-" "k6/0.54.0 (https://k6.io/)"
nginx-1       | 172.20.0.1 - - [08/Sep/2026:16:17:19 +0000] "POST /api/orders/c1eb4390-976c-4f9e-8d03-ac3d9aca1da5/payments HTTP/1.1" 202 96 "-" "k6/0.54.0 (https://k6.io/)"
nginx-1       | 172.20.0.1 - - [08/Sep/2026:16:17:19 +0000] "POST /api/purchases HTTP/1.1" 201 261 "-" "k6/0.54.0 (https://k6.io/)"
nginx-1       | 172.20.0.1 - - [08/Sep/2026:16:17:19 +0000] "POST /api/orders/4c5b70cc-06b3-4e81-b2aa-d6f4b50abe19/payments HTTP/1.1" 202 96 "-" "k6/0.54.0 (https://k6.io/)"
nginx-1       | 172.20.0.1 - - [08/Sep/2026:16:17:19 +0000] "POST /api/purchases HTTP/1.1" 201 261 "-" "k6/0.54.0 (https://k6.io/)"
nginx-1       | 172.20.0.1 - - [08/Sep/2026:16:17:19 +0000] "POST /api/orders/c22b67a9-5c46-4f3c-a06f-4f38d788effe/payments HTTP/1.1" 202 96 "-" "k6/0.54.0 (https://k6.io/)"
nginx-1       | 172.20.0.1 - - [08/Sep/2026:16:17:19 +0000] "POST /api/purchases HTTP/1.1" 201 261 "-" "k6/0.54.0 (https://k6.io/)"
nginx-1       | 172.20.0.1 - - [08/Sep/2026:16:17:19 +0000] "POST /api/orders/b8fd31c7-0e9b-4fb8-9937-7e845cbf85c9/payments HTTP/1.1" 202 96 "-" "k6/0.54.0 (https://k6.io/)"
nginx-1       | 172.20.0.1 - - [08/Sep/2026:16:17:19 +0000] "POST /api/purchases HTTP/1.1" 201 261 "-" "k6/0.54.0 (https://k6.io/)"
nginx-1       | 172.20.0.1 - - [08/Sep/2026:16:17:19 +0000] "POST /api/orders/10e4bf46-5bb8-4543-9c04-436ef7ce1e2e/payments HTTP/1.1" 202 96 "-" "k6/0.54.0 (https://k6.io/)"
nginx-1       | 172.20.0.1 - - [08/Sep/2026:16:17:19 +0000] "POST /api/purchases HTTP/1.1" 201 261 "-" "k6/0.54.0 (https://k6.io/)"
nginx-1       | 172.20.0.1 - - [08/Sep/2026:16:17:19 +0000] "POST /api/orders/04ed6076-4865-4650-b2cb-b660da24fcb9/payments HTTP/1.1" 202 96 "-" "k6/0.54.0 (https://k6.io/)"
nginx-1       | 172.20.0.1 - - [08/Sep/2026:16:17:20 +0000] "POST /api/purchases HTTP/1.1" 201 261 "-" "k6/0.54.0 (https://k6.io/)"
nginx-1       | 172.20.0.1 - - [08/Sep/2026:16:17:20 +0000] "POST /api/orders/04b1a3ba-4385-445f-ab0e-36816fa5963d/payments HTTP/1.1" 202 96 "-" "k6/0.54.0 (https://k6.io/)"
nginx-1       | 172.20.0.1 - - [08/Sep/2026:16:17:20 +0000] "POST /api/purchases HTTP/1.1" 201 261 "-" "k6/0.54.0 (https://k6.io/)"
nginx-1       | 172.20.0.1 - - [08/Sep/2026:16:17:20 +0000] "POST /api/orders/442d0941-e43d-4033-adfe-4c3783652e5f/payments HTTP/1.1" 202 96 "-" "k6/0.54.0 (https://k6.io/)"
nginx-1       | 172.20.0.1 - - [08/Sep/2026:16:17:20 +0000] "POST /api/purchases HTTP/1.1" 201 261 "-" "k6/0.54.0 (https://k6.io/)"
nginx-1       | 172.20.0.1 - - [08/Sep/2026:16:17:20 +0000] "POST /api/orders/688aa1c4-d910-46e8-9eb8-f334901c8b51/payments HTTP/1.1" 202 96 "-" "k6/0.54.0 (https://k6.io/)"
nginx-1       | 172.20.0.1 - - [08/Sep/2026:16:17:20 +0000] "POST /api/purchases HTTP/1.1" 201 261 "-" "k6/0.54.0 (https://k6.io/)"
nginx-1       | 172.20.0.1 - - [08/Sep/2026:16:17:20 +0000] "POST /api/orders/af4a1796-9cc9-43bd-ae0d-f845c70dad46/payments HTTP/1.1" 202 96 "-" "k6/0.54.0 (https://k6.io/)"
nginx-1       | 172.20.0.1 - - [08/Sep/2026:16:17:20 +0000] "POST /api/purchases HTTP/1.1" 201 261 "-" "k6/0.54.0 (https://k6.io/)"
nginx-1       | 172.20.0.1 - - [08/Sep/2026:16:17:20 +0000] "POST /api/orders/84105bad-bfd1-4b9e-bfb2-69b853ecb5ff/payments HTTP/1.1" 202 96 "-" "k6/0.54.0 (https://k6.io/)"
nginx-1       | 172.20.0.1 - - [08/Sep/2026:16:17:20 +0000] "POST /api/purchases HTTP/1.1" 201 261 "-" "k6/0.54.0 (https://k6.io/)"
nginx-1       | 172.20.0.1 - - [08/Sep/2026:16:17:20 +0000] "POST /api/orders/12161bad-0d6b-4f3a-8931-384c0a918bca/payments HTTP/1.1" 202 96 "-" "k6/0.54.0 (https://k6.io/)"
nginx-1       | 172.20.0.1 - - [08/Sep/2026:16:17:20 +0000] "POST /api/purchases HTTP/1.1" 201 261 "-" "k6/0.54.0 (https://k6.io/)"
nginx-1       | 172.20.0.1 - - [08/Sep/2026:16:17:20 +0000] "POST /api/orders/462f3981-7b33-4ece-b966-a3cde3da1053/payments HTTP/1.1" 202 96 "-" "k6/0.54.0 (https://k6.io/)"
nginx-1       | 172.20.0.1 - - [08/Sep/2026:16:17:20 +0000] "POST /api/purchases HTTP/1.1" 201 261 "-" "k6/0.54.0 (https://k6.io/)"
nginx-1       | 172.20.0.1 - - [08/Sep/2026:16:17:20 +0000] "POST /api/orders/c2554101-150e-46fd-befd-dc3a77fab4e9/payments HTTP/1.1" 202 96 "-" "k6/0.54.0 (https://k6.io/)"
nginx-1       | 172.20.0.1 - - [08/Sep/2026:16:17:20 +0000] "POST /api/purchases HTTP/1.1" 201 261 "-" "k6/0.54.0 (https://k6.io/)"
nginx-1       | 172.20.0.1 - - [08/Sep/2026:16:17:20 +0000] "POST /api/orders/c3248610-442b-486c-be6d-e340b9bc200b/payments HTTP/1.1" 202 96 "-" "k6/0.54.0 (https://k6.io/)"
nginx-1       | 172.20.0.1 - - [08/Sep/2026:16:17:20 +0000] "POST /api/purchases HTTP/1.1" 201 261 "-" "k6/0.54.0 (https://k6.io/)"
nginx-1       | 172.20.0.1 - - [08/Sep/2026:16:17:20 +0000] "POST /api/orders/fb69d75a-2c2d-4352-be04-72d02b5339b2/payments HTTP/1.1" 202 96 "-" "k6/0.54.0 (https://k6.io/)"
nginx-1       | 172.20.0.1 - - [08/Sep/2026:16:17:21 +0000] "POST /api/purchases HTTP/1.1" 201 261 "-" "k6/0.54.0 (https://k6.io/)"
nginx-1       | 172.20.0.1 - - [08/Sep/2026:16:17:21 +0000] "POST /api/orders/924e970a-7a54-4093-a030-fe70bde38f59/payments HTTP/1.1" 202 96 "-" "k6/0.54.0 (https://k6.io/)"
nginx-1       | 172.20.0.1 - - [08/Sep/2026:16:17:21 +0000] "POST /api/purchases HTTP/1.1" 201 261 "-" "k6/0.54.0 (https://k6.io/)"
nginx-1       | 172.20.0.1 - - [08/Sep/2026:16:17:21 +0000] "POST /api/orders/f5eade38-58af-4b81-8cb0-cd730a56af64/payments HTTP/1.1" 202 96 "-" "k6/0.54.0 (https://k6.io/)"
nginx-1       | 172.20.0.1 - - [08/Sep/2026:16:17:21 +0000] "POST /api/purchases HTTP/1.1" 201 261 "-" "k6/0.54.0 (https://k6.io/)"
nginx-1       | 172.20.0.1 - - [08/Sep/2026:16:17:21 +0000] "POST /api/orders/bc35db9a-dd98-49d9-b5ab-764d8db4c5eb/payments HTTP/1.1" 202 96 "-" "k6/0.54.0 (https://k6.io/)"
nginx-1       | 172.20.0.1 - - [08/Sep/2026:16:17:21 +0000] "POST /api/purchases HTTP/1.1" 201 261 "-" "k6/0.54.0 (https://k6.io/)"
nginx-1       | 172.20.0.1 - - [08/Sep/2026:16:17:21 +0000] "POST /api/orders/5d8f496e-8e8f-4cfe-a92d-86ee7dee1b03/payments HTTP/1.1" 202 96 "-" "k6/0.54.0 (https://k6.io/)"
nginx-1       | 172.20.0.1 - - [08/Sep/2026:16:17:21 +0000] "POST /api/purchases HTTP/1.1" 201 261 "-" "k6/0.54.0 (https://k6.io/)"
nginx-1       | 172.20.0.1 - - [08/Sep/2026:16:17:21 +0000] "POST /api/orders/8d059a4f-eda0-434f-8b29-2f553e6210a9/payments HTTP/1.1" 202 96 "-" "k6/0.54.0 (https://k6.io/)"
nginx-1       | 172.20.0.1 - - [08/Sep/2026:16:17:21 +0000] "POST /api/purchases HTTP/1.1" 201 261 "-" "k6/0.54.0 (https://k6.io/)"
nginx-1       | 172.20.0.1 - - [08/Sep/2026:16:17:21 +0000] "POST /api/orders/60608789-0225-44c4-be06-abc2f24cc0ed/payments HTTP/1.1" 202 96 "-" "k6/0.54.0 (https://k6.io/)"
nginx-1       | 172.20.0.1 - - [08/Sep/2026:16:17:21 +0000] "POST /api/purchases HTTP/1.1" 201 261 "-" "k6/0.54.0 (https://k6.io/)"
nginx-1       | 172.20.0.1 - - [08/Sep/2026:16:17:21 +0000] "POST /api/orders/6fb80f27-4ad3-4816-9155-0f0ba52ba9d7/payments HTTP/1.1" 202 96 "-" "k6/0.54.0 (https://k6.io/)"
nginx-1       | 172.20.0.1 - - [08/Sep/2026:16:17:21 +0000] "POST /api/purchases HTTP/1.1" 201 261 "-" "k6/0.54.0 (https://k6.io/)"
nginx-1       | 172.20.0.1 - - [08/Sep/2026:16:17:21 +0000] "POST /api/orders/d425cf9b-7675-469f-a550-277e60106062/payments HTTP/1.1" 202 96 "-" "k6/0.54.0 (https://k6.io/)"
nginx-1       | 172.20.0.1 - - [08/Sep/2026:16:17:21 +0000] "POST /api/purchases HTTP/1.1" 201 261 "-" "k6/0.54.0 (https://k6.io/)"
nginx-1       | 172.20.0.1 - - [08/Sep/2026:16:17:21 +0000] "POST /api/orders/578b5dbb-f8fe-4154-9492-7caf2bf31f42/payments HTTP/1.1" 202 96 "-" "k6/0.54.0 (https://k6.io/)"
nginx-1       | 172.20.0.1 - - [08/Sep/2026:16:17:21 +0000] "POST /api/purchases HTTP/1.1" 201 261 "-" "k6/0.54.0 (https://k6.io/)"
nginx-1       | 172.20.0.1 - - [08/Sep/2026:16:17:22 +0000] "POST /api/orders/f520d722-bbe0-4e6a-b753-a21cc8fbd49b/payments HTTP/1.1" 202 96 "-" "k6/0.54.0 (https://k6.io/)"
nginx-1       | 172.20.0.1 - - [08/Sep/2026:16:17:22 +0000] "POST /api/purchases HTTP/1.1" 201 261 "-" "k6/0.54.0 (https://k6.io/)"
nginx-1       | 172.20.0.1 - - [08/Sep/2026:16:17:22 +0000] "POST /api/orders/80948d68-40e4-428f-ae6f-456e7ea4c34e/payments HTTP/1.1" 202 96 "-" "k6/0.54.0 (https://k6.io/)"
nginx-1       | 172.20.0.1 - - [08/Sep/2026:16:17:22 +0000] "POST /api/purchases HTTP/1.1" 201 261 "-" "k6/0.54.0 (https://k6.io/)"
nginx-1       | 172.20.0.1 - - [08/Sep/2026:16:17:22 +0000] "POST /api/orders/3075a598-677a-438d-9d1b-299b38140f9d/payments HTTP/1.1" 202 96 "-" "k6/0.54.0 (https://k6.io/)"
nginx-1       | 172.20.0.1 - - [08/Sep/2026:16:17:22 +0000] "POST /api/purchases HTTP/1.1" 201 261 "-" "k6/0.54.0 (https://k6.io/)"
nginx-1       | 172.20.0.1 - - [08/Sep/2026:16:17:22 +0000] "POST /api/orders/11ad5410-f779-4f55-ab78-826245812972/payments HTTP/1.1" 202 96 "-" "k6/0.54.0 (https://k6.io/)"
nginx-1       | 172.20.0.1 - - [08/Sep/2026:16:17:22 +0000] "POST /api/purchases HTTP/1.1" 201 261 "-" "k6/0.54.0 (https://k6.io/)"
nginx-1       | 172.20.0.1 - - [08/Sep/2026:16:17:22 +0000] "POST /api/orders/952e179f-c424-4c6b-b836-690d04fdfa1d/payments HTTP/1.1" 202 96 "-" "k6/0.54.0 (https://k6.io/)"
nginx-1       | 172.20.0.1 - - [08/Sep/2026:16:17:22 +0000] "POST /api/purchases HTTP/1.1" 201 261 "-" "k6/0.54.0 (https://k6.io/)"
nginx-1       | 172.20.0.1 - - [08/Sep/2026:16:17:22 +0000] "POST /api/orders/fabb70c0-5848-481b-96a9-74cde743503c/payments HTTP/1.1" 202 96 "-" "k6/0.54.0 (https://k6.io/)"
nginx-1       | 172.20.0.1 - - [08/Sep/2026:16:17:22 +0000] "POST /api/purchases HTTP/1.1" 201 261 "-" "k6/0.54.0 (https://k6.io/)"
nginx-1       | 172.20.0.1 - - [08/Sep/2026:16:17:22 +0000] "POST /api/orders/4b2c7390-69b3-4263-ab81-84aa0f2fba59/payments HTTP/1.1" 202 96 "-" "k6/0.54.0 (https://k6.io/)"
nginx-1       | 172.20.0.1 - - [08/Sep/2026:16:17:22 +0000] "POST /api/purchases HTTP/1.1" 201 261 "-" "k6/0.54.0 (https://k6.io/)"
nginx-1       | 172.20.0.1 - - [08/Sep/2026:16:17:22 +0000] "POST /api/orders/ee78e857-3b51-42c0-a5e0-411b5d2f4f48/payments HTTP/1.1" 202 96 "-" "k6/0.54.0 (https://k6.io/)"
nginx-1       | 172.20.0.1 - - [08/Sep/2026:16:17:22 +0000] "POST /api/purchases HTTP/1.1" 201 261 "-" "k6/0.54.0 (https://k6.io/)"
nginx-1       | 172.20.0.1 - - [08/Sep/2026:16:17:22 +0000] "POST /api/orders/dae9cb2a-b3c6-400a-aabb-bb0d7f08cb63/payments HTTP/1.1" 202 96 "-" "k6/0.54.0 (https://k6.io/)"
nginx-1       | 172.20.0.1 - - [08/Sep/2026:16:17:22 +0000] "POST /api/purchases HTTP/1.1" 201 261 "-" "k6/0.54.0 (https://k6.io/)"
nginx-1       | 172.20.0.1 - - [08/Sep/2026:16:17:22 +0000] "POST /api/orders/2fdb35d1-3a56-4381-9e77-9fc07b0ef85e/payments HTTP/1.1" 202 96 "-" "k6/0.54.0 (https://k6.io/)"
nginx-1       | 172.20.0.1 - - [08/Sep/2026:16:17:22 +0000] "POST /api/purchases HTTP/1.1" 201 261 "-" "k6/0.54.0 (https://k6.io/)"
nginx-1       | 172.20.0.1 - - [08/Sep/2026:16:17:22 +0000] "POST /api/orders/ba4f454e-8701-4b7d-99fa-bf5a3f07dba5/payments HTTP/1.1" 202 96 "-" "k6/0.54.0 (https://k6.io/)"
nginx-1       | 172.20.0.1 - - [08/Sep/2026:16:17:23 +0000] "POST /api/purchases HTTP/1.1" 201 261 "-" "k6/0.54.0 (https://k6.io/)"
nginx-1       | 172.20.0.1 - - [08/Sep/2026:16:17:23 +0000] "POST /api/orders/f3ee3334-3ea2-4e97-a38f-208c3776f355/payments HTTP/1.1" 202 96 "-" "k6/0.54.0 (https://k6.io/)"
nginx-1       | 172.20.0.1 - - [08/Sep/2026:16:17:23 +0000] "POST /api/purchases HTTP/1.1" 201 261 "-" "k6/0.54.0 (https://k6.io/)"
nginx-1       | 172.20.0.1 - - [08/Sep/2026:16:17:23 +0000] "POST /api/orders/a331cef0-ee41-4caa-9acb-0243b44fd918/payments HTTP/1.1" 202 96 "-" "k6/0.54.0 (https://k6.io/)"
nginx-1       | 172.20.0.1 - - [08/Sep/2026:16:17:23 +0000] "POST /api/purchases HTTP/1.1" 201 261 "-" "k6/0.54.0 (https://k6.io/)"
nginx-1       | 172.20.0.1 - - [08/Sep/2026:16:17:23 +0000] "POST /api/orders/48bc4b58-b9c3-4377-bb81-93768ddd811c/payments HTTP/1.1" 202 96 "-" "k6/0.54.0 (https://k6.io/)"
nginx-1       | 172.20.0.1 - - [08/Sep/2026:16:17:23 +0000] "POST /api/purchases HTTP/1.1" 201 261 "-" "k6/0.54.0 (https://k6.io/)"
nginx-1       | 172.20.0.1 - - [08/Sep/2026:16:17:23 +0000] "POST /api/orders/9ab3cf82-f0f2-42f1-bfec-6ab8604aa0b0/payments HTTP/1.1" 202 96 "-" "k6/0.54.0 (https://k6.io/)"
nginx-1       | 172.20.0.1 - - [08/Sep/2026:16:17:23 +0000] "POST /api/purchases HTTP/1.1" 201 261 "-" "k6/0.54.0 (https://k6.io/)"
nginx-1       | 172.20.0.1 - - [08/Sep/2026:16:17:23 +0000] "POST /api/orders/79c43665-fe98-4946-8a86-412091407144/payments HTTP/1.1" 202 96 "-" "k6/0.54.0 (https://k6.io/)"
nginx-1       | 172.20.0.1 - - [08/Sep/2026:16:17:23 +0000] "POST /api/purchases HTTP/1.1" 201 261 "-" "k6/0.54.0 (https://k6.io/)"
nginx-1       | 172.20.0.1 - - [08/Sep/2026:16:17:23 +0000] "POST /api/orders/073bb01a-b23b-4b61-b944-fb17622e0e4b/payments HTTP/1.1" 202 96 "-" "k6/0.54.0 (https://k6.io/)"
nginx-1       | 172.20.0.1 - - [08/Sep/2026:16:17:23 +0000] "POST /api/purchases HTTP/1.1" 201 261 "-" "k6/0.54.0 (https://k6.io/)"
nginx-1       | 172.20.0.1 - - [08/Sep/2026:16:17:23 +0000] "POST /api/orders/3249cd0d-56ff-4d9f-aaed-f0742bb85b5e/payments HTTP/1.1" 202 96 "-" "k6/0.54.0 (https://k6.io/)"
nginx-1       | 172.20.0.1 - - [08/Sep/2026:16:17:23 +0000] "POST /api/purchases HTTP/1.1" 201 261 "-" "k6/0.54.0 (https://k6.io/)"
nginx-1       | 172.20.0.1 - - [08/Sep/2026:16:17:23 +0000] "POST /api/orders/91b65142-bdf8-4b6f-917d-35e3e1c3b7e8/payments HTTP/1.1" 202 96 "-" "k6/0.54.0 (https://k6.io/)"
nginx-1       | 172.20.0.1 - - [08/Sep/2026:16:17:23 +0000] "POST /api/purchases HTTP/1.1" 201 261 "-" "k6/0.54.0 (https://k6.io/)"
nginx-1       | 172.20.0.1 - - [08/Sep/2026:16:17:23 +0000] "POST /api/orders/75b984ed-b6fd-4164-9aa6-0fa51cfafbb4/payments HTTP/1.1" 202 96 "-" "k6/0.54.0 (https://k6.io/)"
nginx-1       | 172.20.0.1 - - [08/Sep/2026:16:17:23 +0000] "POST /api/purchases HTTP/1.1" 201 261 "-" "k6/0.54.0 (https://k6.io/)"
nginx-1       | 172.20.0.1 - - [08/Sep/2026:16:17:23 +0000] "POST /api/orders/c79a3d28-e4e7-450f-97a1-2ac2f4ac63fb/payments HTTP/1.1" 202 96 "-" "k6/0.54.0 (https://k6.io/)"
nginx-1       | 172.20.0.1 - - [08/Sep/2026:16:17:24 +0000] "POST /api/purchases HTTP/1.1" 201 261 "-" "k6/0.54.0 (https://k6.io/)"
nginx-1       | 172.20.0.1 - - [08/Sep/2026:16:17:24 +0000] "POST /api/orders/7169272d-1cd4-4e2a-b309-596eed03ef07/payments HTTP/1.1" 202 96 "-" "k6/0.54.0 (https://k6.io/)"
nginx-1       | 172.20.0.1 - - [08/Sep/2026:16:17:24 +0000] "POST /api/purchases HTTP/1.1" 201 261 "-" "k6/0.54.0 (https://k6.io/)"
nginx-1       | 172.20.0.1 - - [08/Sep/2026:16:17:24 +0000] "POST /api/orders/f8dcc83d-1e66-4a5b-bb10-1a4bef432865/payments HTTP/1.1" 202 96 "-" "k6/0.54.0 (https://k6.io/)"
nginx-1       | 172.20.0.1 - - [08/Sep/2026:16:17:24 +0000] "POST /api/purchases HTTP/1.1" 201 261 "-" "k6/0.54.0 (https://k6.io/)"
nginx-1       | 172.20.0.1 - - [08/Sep/2026:16:17:24 +0000] "POST /api/orders/3a30e804-59ff-4fbd-b142-bdb6e2cee86d/payments HTTP/1.1" 202 96 "-" "k6/0.54.0 (https://k6.io/)"
nginx-1       | 172.20.0.1 - - [08/Sep/2026:16:17:24 +0000] "POST /api/purchases HTTP/1.1" 201 261 "-" "k6/0.54.0 (https://k6.io/)"
nginx-1       | 172.20.0.1 - - [08/Sep/2026:16:17:24 +0000] "POST /api/orders/ec51b150-512d-4004-b056-2d8717850716/payments HTTP/1.1" 202 96 "-" "k6/0.54.0 (https://k6.io/)"
nginx-1       | 172.20.0.1 - - [08/Sep/2026:16:17:24 +0000] "POST /api/purchases HTTP/1.1" 201 261 "-" "k6/0.54.0 (https://k6.io/)"
nginx-1       | 172.20.0.1 - - [08/Sep/2026:16:17:24 +0000] "POST /api/orders/7a820f91-dc80-46f7-9c6c-10d601428c59/payments HTTP/1.1" 202 96 "-" "k6/0.54.0 (https://k6.io/)"
nginx-1       | 172.20.0.1 - - [08/Sep/2026:16:17:24 +0000] "POST /api/purchases HTTP/1.1" 201 261 "-" "k6/0.54.0 (https://k6.io/)"
nginx-1       | 172.20.0.1 - - [08/Sep/2026:16:17:24 +0000] "POST /api/orders/8252a249-489b-4bb7-832e-52e836eb097b/payments HTTP/1.1" 202 96 "-" "k6/0.54.0 (https://k6.io/)"
nginx-1       | 172.20.0.1 - - [08/Sep/2026:16:17:24 +0000] "POST /api/purchases HTTP/1.1" 201 261 "-" "k6/0.54.0 (https://k6.io/)"
nginx-1       | 172.20.0.1 - - [08/Sep/2026:16:17:24 +0000] "POST /api/orders/58c99226-700a-492a-a9c1-1ab2fc40b711/payments HTTP/1.1" 202 96 "-" "k6/0.54.0 (https://k6.io/)"
nginx-1       | 172.20.0.1 - - [08/Sep/2026:16:17:24 +0000] "POST /api/purchases HTTP/1.1" 201 261 "-" "k6/0.54.0 (https://k6.io/)"
nginx-1       | 172.20.0.1 - - [08/Sep/2026:16:17:24 +0000] "POST /api/orders/457972f3-3f62-44dd-815e-1a45476062f6/payments HTTP/1.1" 202 96 "-" "k6/0.54.0 (https://k6.io/)"
nginx-1       | 172.20.0.1 - - [08/Sep/2026:16:17:24 +0000] "POST /api/purchases HTTP/1.1" 201 261 "-" "k6/0.54.0 (https://k6.io/)"
nginx-1       | 172.20.0.1 - - [08/Sep/2026:16:17:24 +0000] "POST /api/orders/ec0146ef-64ae-44a6-884e-f882b32ee296/payments HTTP/1.1" 202 96 "-" "k6/0.54.0 (https://k6.io/)"
nginx-1       | 172.20.0.1 - - [08/Sep/2026:16:17:24 +0000] "POST /api/purchases HTTP/1.1" 201 261 "-" "k6/0.54.0 (https://k6.io/)"
nginx-1       | 172.20.0.1 - - [08/Sep/2026:16:17:24 +0000] "POST /api/orders/25c7c26f-3f03-4ed0-9d40-d928c47483b5/payments HTTP/1.1" 202 96 "-" "k6/0.54.0 (https://k6.io/)"
nginx-1       | 172.20.0.1 - - [08/Sep/2026:16:17:25 +0000] "POST /api/purchases HTTP/1.1" 201 261 "-" "k6/0.54.0 (https://k6.io/)"
nginx-1       | 172.20.0.1 - - [08/Sep/2026:16:17:25 +0000] "POST /api/orders/b1dbd8ab-e538-4fbc-87df-9f706593de55/payments HTTP/1.1" 202 96 "-" "k6/0.54.0 (https://k6.io/)"
